title,price_idr,duration,location,bedrooms,bathrooms,land_size_m2,building_size_m2,certificate,description,facilities,agent_name,updated_by,main_image,url
3Br Villa For Rent In Umalas | Ip 884,Rp 500.000.000,year,Badung,3,3,800 m²,150 m²,Lainnya,******** Villa Information Land size 800 m² Garage Big garden Open & closed living room Kitchen3 bedrooms + 1 multipurpose room (office / kids room / gym etc.) 3 bathrooms Skate Park Furnished Flat TV Ceiling fan Water filter Safety box Dining bale Refrigerator Wardrobe Security deposit Rp 50.000.000 | Refundable Monthly expenses not included 4 minutes drive to French School 3 minutes drive to Pro Education & CCS School Minutes drive to shops & restaurants Rental Price: Rp 500.000.xxx / year Outdoor Water Tower Water Pump Laundry Place Big Garden Swimming Pool Outdoor Shower Living room Couch Flat TV Ceiling fan Guest toilet Internet broadband Big living room Electric 7700 watt 2 Living rooms Kitchen Equipped Kitchen Dining Table Refrigerator Water Dispenser Stove Bedroom Air con Bed Console table Wardrobe Built in Wardrobe Safety Box Internet broadband Bathroom Water Heater Outdoor Bathroom Toilet Shower Hot water Outdoor bathroom Cold Water,,Agen Properti di Tangerang,,https:/picture.rumah123.com/r123-images/300x300-crop/customer/696941/4209c604f6b136fe976de3a465b208e2.jpg,https://www.rumah123.com/properti/badung-umalas/3br-villa-for-rent-in-umalas-ip-884-hor41127133/
Batu Bulan Sewa 80Jt Baru Renovasi Siap Huni dan Nyaman,Rp 80.000.000,year,Badung,3,2,,,,Batu Bulan Rumah Sewa Rp 80 Juta/ Tahun Disewakan rumah harga ekonomis hanya 80 juta per tahun. Rumah baru selesai renovasi kondisi bersih rapi dan siap langsung ditempati tanpa perlu perbaikan lagi. ==> Keunggulan rumah: Sirkulasi udara sangat baik rumah terasa sejuk Pencahayaan alami masuk maksimal Suasana nyaman untuk keluarga Lingkungan tenang & aman Cocok untuk: * Pasangan muda * Keluarga kecil * Profesional yang ingin hunian nyaman dengan harga terjangkau Dengan harga 80 juta kondisi rumah seperti ini jarang tersedia lama di pasaran. Hubungi sekarang untuk jadwal survey sebelum keduluan penyewa lain. WA : Linda Property Bali,,Agen Properti di Tangerang,,https:/picture.rumah123.com/r123-images/300x300-crop/customer/2162156/b7726d2d14a40e524b733ebe4d6cb97c.jpg,https://www.rumah123.com/properti/denpasar-denpasar-timur/villa-nyaman-denpasar-timur-semi-furnish-bali-vlr112772/
Rent/ Sewa Big Villa At Cepaka Close To Canggu Kuta Bali,Rp 260.000.000,year,Rent/ Sewa Big Villa At Cepaka Close To Canggu Kuta Bali | vlr218798,5,5,,,,Do 354- For Rent Villa & Shop house at Cepaka Tabanan Bali close To Munggu Canggu Live & Run Your Business in One Place A rare opportunity to live comfortably while running your business seamlessly - all within one integrated property. Villa Specifications - Land size: 350 sqm - Building size: 400 sqm - 5 Bedrooms - 5 Bathrooms - Private swimming pool - Spacious parking area - Large garden and open space Shop House (Ruko) Specifications - Land size: 100 sqm - Building size: 150 sqm - Wide parking area - 1 Bathroom - 1 Office room Why Choose This Property? Perfect for entrepreneurs business owners or professionals seeking a live-work lifestyle without commuting. The villa is directly connected to the shop house offering easy private and efficient access between residential and business spaces. Rental Price Villa only: 260 milion per years Ruko/ Shop only: 100 milion per years Ideal For - Restaurant / Cafe / Co-working Space - Home-based business - Office & residence combination - Boutique showroom or private office - Long-term living and business setup,,Agen Properti di Tangerang,,https:/picture.rumah123.com/r123-images/300x300-crop/customer/1830827/6dc06c8d459a7a40001820850497566b.jpg,https://www.rumah123.com/properti/tabanan-cepaka/rent-sewa-big-villa-at-cepaka-close-to-canggu-kuta-bali-vlr218798/
Rent/ Sewa Villa With Gardent di Canggu Kuta Bali,Rp 155.000.000,year,Rent/ Sewa Villa With Gardent di Canggu Kuta Bali | vlr171393,2,2,,,,Do 164- AVAILABLE VILA IN PADONAN TIBUBENENG CANGGU Only 15 minuts to the Beach ️ Will be ready in oktober Price is 155 mil / year Details - 2 bedroom - ⁠2 bathroom - ⁠Land 230 m2 - ⁠Electricty 5500 watt - ⁠⁠1 storage - ⁠pool size 6m x 3m - ⁠enclosed kitchen and living room - unfurnished - ⁠land size 23 are - ⁠drill water - ⁠parking area,,Agen Properti di Tangerang,,https:/picture.rumah123.com/r123-images/300x300-crop/customer/1830827/ab0cae7c94001a21f87ccd1338e19daa.jpg,https://www.rumah123.com/properti/badung-canggu/rent-sewa-villa-with-gardent-di-canggu-kuta-bali-vlr171393/
For Rent Villa Ready Furnished Best Lokasi View Jungle Near Central Ubud,Rp 235.000.000,year,For Rent Villa Ready Furnished Best Lokasi View Jungle Near Central Ubud | vlr229573,100%,100%,,,,FOR RENT VILLA READY FURNISHED BEST LOKASI VIEW JUNGLE NEAR CENTRAL UBUD FOR RENT VILLA NEW UBUD LOKASI VIEW JUNGLE Luas Tanah : 200 m2 Luas Banguan : 183 m2 Bedroom : 3 Bathroom : 2 Toilet : 2 Fully furnished * Services Provided Services included with your rental : - 24 hour Wi-Fi - Full Furnished Villa - Linens and Bath Towels - Kitchen with Utensils & Cutleries. Other services included - Housekeeping one a week - Linen and towel replacement One a week - Pool Maintenance Once a week (Pool Maintenance frequency could increase depending on the situation and weather) - Landscaping Once a week - The width of the road is 7 meter Price : 235 / Yearly 20 / month,,Agen Properti di Tangerang,,https:/picture.rumah123.com/r123-images/300x300-crop/customer/1790887/49fc91902e1156bddbfa386f59c3c842.jpg,https://www.rumah123.com/properti/gianyar-ubud/for-rent-villa-ready-furnished-best-lokasi-view-jungle-near-central-ubud-vlr229573/
Luxury Villa Furnished With View In Nusa Dua,Rp 425.000.000,year,Badung,3,3,160 m²,280 m²,Lainnya,Luxury furnished villa with full view in a villa complex in Nusa Dua Specifications: - Land area 160m² - Building area 280m² - 3 bedrooms - 3 bathrooms - Private pool 3m x 10m - PDAM water - Owner-paid water supply - Carport - Smart rooms Location: Nusa Dua - 3 minutes to STP Nusa Dua - 6 minutes to Puja Mandala 5 places of worship - 13 minutes to Pandawa Beach - 13 minutes to Mt. Payung - 14 minutes to Geger Beach - 15 minutes to the Bali Mandara toll road - 15 minutes to the BTDC hotel complex - 25 minutes to Ngurah Rai Airport Price: IDR 425 million/year Minimum 1-year lease Includes Wi-Fi and twice-weekly cleaning service Selling point: - Located in the Nusa Dua tourist area - Located in a safe comfortable and quiet villa complex - 24-hour security - No flood area,,Agen Properti di Tangerang,,https:/picture.rumah123.com/r123-images/300x300-crop/customer/1338302/47b3ac875d80c664dadcd4a40e5932c0.jpg,https://www.rumah123.com/properti/badung-nusa-dua/luxury-villa-furnished-with-view-in-nusa-dua-hor40188864/
Villa Pemandangan Sawah Dekat La Brisa dan Pantai Canggu,Rp 250.000.000,year,Villa Pemandangan Sawah Dekat La Brisa dan Pantai Canggu | Rumah123,3,3,500 m²,300 m²,Hak Sewa,Hunian dengan gaya terbuka yang elegan dengan pemandangan sawah yang tenang sekaligus tetap dekat dengan gaya hidup dan pantai Canggu. Villa ini menawarkan kehidupan dalam-luar ruangan yang harmonis cahaya alami dan suasana tropis yang tenang sehingga sangat ideal untuk hunian pribadi. Detail : Luas tanah 500 m² Luas bangunan 300 m² Bangunan 2 lantai Full furnished Ruang tamu & ruang makan terbuka 3 kamar tidur dengan kamar mandi dalam Kolam renang pribadi (35 m x 7 m) 2 kamar tidur staf/sopir + area layanan Listrik 4400 watt Bangunan tahun 2021 Dekat ke : 5 menit ke La Brisa Bali dan Pepito Market Eco Beach 6 menit ke Pantai Canggu dan Bali Social Club - Padel & Wellness 7 menit ke Asta Medical Center 9 menit ke Atlas Beach Club dan Finns Beach Club 17 menit ke Kota Denpasar 45 menit ke Bandara I Gusti Ngurah Rai Harga sewa : Rp. 250 juta / tahun nego,,Agen Properti di Tangerang,,https:/picture.rumah123.com/r123-images/300x300-crop/customer/1605825/aeea4ccfd38ac57961ae5dd5a0a525c1.jpg,https://www.rumah123.com/properti/badung-canggu/villa-modern-dengan-pemandangan-sawah-dekat-la-brisa-dan-pantai-canggu-hor41064311/
2 Bedrooms Villa In Nunggalan Uluwatu,Rp 550.000.000,year,Badung,2,2,,,Lainnya,The villa complex has 9 villas 2 x 2 bedroom villas & 7 1 bedroom villas which are still under construction and will be completed in March 2026. The villa is located in a quiet resort area with ocean views & close to all famous surf break in the Uluwattu area. For more information contact us. Payment for this villa's can be discussed and you can book now for an inspection.,,Agen Properti di Tangerang,,https:/picture.rumah123.com/r123-images/300x300-crop/customer/773307/c8751b4a143d6b6d91b126a0091d42d8.jpg,https://www.rumah123.com/properti/badung-uluwatu/2-bedrooms-villa-in-nunggalan-uluwatu-vlr207393/
3 Bedroom Villa In Jimbaran Bali 1 Minutes Taman Rama Sch,Rp 180.000.000,year,3 Bedroom Villa In Jimbaran Bali 1 Minutes Taman Rama Sch | Rumah123,3,3,120 m²,120 m²,Lainnya,Tropical 3-Bedroom Villa in Jimbaran Bali - For Rent V417 Relax in your private oasis just 3 miles from Jimbaran Beach and 6 miles from Uluwatu. Modern 3BR villa with: ✨ Private pool surrounded by greenery ✨ Cozy outdoor bar & lounge area ✨ Fully equipped kitchen & ensuite bedrooms 15000000 IDR/month Quiet area close to cafés shops & beaches +3069xxxxxxxx Your perfect Bali getaway awaits! Fasilitas Villa: ✨ Kolam renang pribadi dengan taman hijau ✨ Area bar dan lounge outdoor yang nyaman ✨ Dapur lengkap & kamar tidur dengan kamar mandi dalam ✨ Lokasi tenang dekat pantai kafe & toko Harga: 15.000.000 Rupiah per bulan Cocok untuk keluarga pasangan atau pekerja jarak jauh yang mencari tempat tinggal nyaman di Bali! It is a freehold Villa if somebody wants to buy 2.2 billion rupiah Views on Friday after 11 am,,Agen Properti di Tangerang,,https:/picture.rumah123.com/r123-images/300x300-crop/customer/2098658/3567dbbd2ad12979c461e6a2143bcf46.jpg,https://www.rumah123.com/properti/badung-jimbaran/3-bedroom-villa-in-jimbaran-bali-1-minutes-taman-rama-sch-hor40981734/
Drop Price! New Modern Tropical Villa Full Furnished In Jimbaran,Rp 200.000.000,year,Drop Price! New Modern Tropical Villa Full Furnished In Jimbaran | vlr153135,2,3,,,,For Lease Brand New Modern Tropical Villa in Jimbaran Land Size 135 sqm Building size 120 sqm Bedroom 2 Bathroom 3 Electric 4400 watt Living area Dining area Private Pool Fully furnished Garden Carport 2 city car Electricity 4400 Watt Water heater Deepwell water Facing Southest One Gate System Cluster 2 mins to Pepito Supermarket KFC MCD Goemerot 3 mins to Bali Jimbaran Hospital 5 mins to Udayana University 6 mins to Jimbaran Beach 8 mins to Sidewalk Jimbaran 15 mins to Ngurah Rai International Airport Price 220.000.xxx / Yearly 40.000.000 / Monthly deposit security 20 Million,,Agen Properti di Tangerang,,https:/picture.rumah123.com/r123-images/300x300-crop/customer/1495828/c7f03d42c8807b7c8c22e44f98a0c78d.jpg,https://www.rumah123.com/properti/badung-jimbaran/brand-new-modern-tropical-villa-full-furnished-in-jimbaran-vlr153135/
Vila 3 Kamar Fullfurnitur Siap Huni Min 3 Th Sewa,Rp 99.000.000,year,Badung,3,2,,,,Sewa Villa min 3 tahun 99 jt per tahun Pejeng Utara Ubud Luas tanah 2 are Ada 2 bangunan Total 3 kamar tidur 2 kamar mandi Pool SHM PBB LENGKAP Jalan mobil papasan Do Fifi,,Agen Properti di Tangerang,,https:/picture.rumah123.com/r123-images/300x300-crop/customer/1969747/c0e8cb94bf29d24894fc4278b8aa6fdc.png,https://www.rumah123.com/properti/gianyar-ubud/vila-3-kamar-fullfurnitur-siap-huni-min-3-th-sewa-vlr232228/
Brand New Villa In Sanur Walking Distance To The Beach,Rp 225.000.000,year,Brand New Villa In Sanur Walking Distance To The Beach | vlr153142,2,3,,,,For Lease Brand New Modern Tropical Villa in Sanur Land Size 101 sqm Building size 110 sqm Bedroom 2 Bathroom 3 Electric 4400 watt Living area Dining area Private Pool Fully furnished Garden Carport Electricity 4400 Watt Water heater Deepwell water Facing East One Gate System Cluster Lokasi strategis -5 Mins walking to Campuhan Beach -6 Mins Drive to Dyatmika school -10 Mins To Matahari Terbit Port -10 Mins to Padang Galak Beach -10 Mins to Bali international Hospital -12 Mins to Icon Bali Price 245.000.xxx / Yearly 40.000.000 / Monthly deposit security 20 Million,,Agen Properti di Tangerang,,https:/picture.rumah123.com/r123-images/300x300-crop/customer/1495828/734fc1768e3f0327cabcc98af7f67ba1.jpg,https://www.rumah123.com/properti/denpasar-sanur/brand-new-villa-in-sanur-walking-distance-to-the-beach-vlr153142/
Villa Modern Eksklusif 2 Kamar Tidur Disewakan di Nusa Dua Area,Rp 300.000.000,year,Badung,,3,,,,Disewakan Villa Modern 2 Kamar Tidur di Jimbaran Nusa Dua Bali Disewakan Townhouse Villa Eksklusif dengan konsep modern minimalis yang mengutamakan kenyamanan dan ketenangan. Berlokasi di area premium Nusa Dua cocok untuk hunian pribadi maupun sewa jangka panjang. Villa dirancang dengan tata ruang terbuka pencahayaan alami maksimal serta nuansa tropis yang menyatu dengan alam. Lokasi berada di area tenang dan tidak langsung menghadap jalan utama memberikan privasi lebih tanpa mengorbankan akses ke fasilitas utama. Spesifikasi Properti: Luas Tanah 108 m² Luas Bangunan 1693 m² Lantai 2 Lantai Kamar Tidur 2 Kamar Kamar Mandi 2 + 1 Powder Room Kolam Renang 1 Unit Carport 1 Mobil + 1 Motor Pool + Deck Size 22 m² Sertifikat SHM dan IMB Lengkap Listrik 13.200 KVA AC 4 Unit Kamar mandi ensuite dengan rainfall shower Dry garden di area kamar mandi Built-in wardrobe dan integrated storage Desain open space dengan pencahayaan alami maksimal Akses ke: 4 Menit Ke Puja Mandala 9 Menit Ke Hotel Apurva Kempinski Bali 9 Menit Ke Tol Bali Mandara 14 Menit ke Pantai Nusa Dua 15 Menit ke Pantai Pandawa 25 Menit ke Bandara I Gusti Ngurah Rai Keterangan Sewa: Termasuk: Pembersihan kolam 1x per minggu Tidak termasuk: Listrik air internet dan TV kabel Security Deposit Required Cleaning service tersedia (biaya tambahan) Harga Sewa Rp. 300 Juta / Tahun (Nego) Bagi yang berminat dengan property ini dapat menghubungi Yoel: 0821xxxxxxxx,,Agen Properti di Tangerang,,https:/picture.rumah123.com/r123-images/300x300-crop/customer/38769/776cf14daee56115a8a26d578e8b3c83.png,https://www.rumah123.com/properti/badung-nusa-dua/villa-modern-eksklusif-2-kamar-tidur-disewakan-di-nusa-dua-area-vlr229013/
Yearly Rental: Cozy Rustic Style Villa In Jimbaran,Rp 165.000.000,year,Yearly Rental: Cozy Rustic Style Villa In Jimbaran | vlr228031,2,2,,,,This villa ideal for residence or investment. Located in a residential complex very close to shopping centers hospitals and international schools. Land: 200 m2 2 bedrooms 2 bathrooms with bathtub and water heater Open kitchen & living room Pool Carport Wifi General cleaning 1 time per week Available on 03 April 2026 Monthly / yearly rental price are negotiable,,Agen Properti di Tangerang,,https:/picture.rumah123.com/r123-images/300x300-crop/customer/1605825/9ce1cc1ed696788fabe6811429b79c46.jpg,https://www.rumah123.com/properti/badung-jimbaran/monthly-or-yearly-rental-cozy-rustic-style-villa-in-jimbaran-vlr228031/
Modern Two-Bedroom Villa Featuring A Private Swimming Pool.,Rp 1.000.000.000,year,Badung,2,3,,,,Two-Bedroom Villa with Private Pool - Sanur Modern two-bedroom villa featuring a private swimming pool. 2 bedrooms 3 bathrooms Leasehold: 9 years (valid until January 2035) Land size: 110 sqm Building size: 120 sqm Private swimming pool Carport Location: Situated in a safe and quiet area on Jalan Bajangsari Sanur. 3 km to Sanur Beach & ICON Mall 2 km to International School Asking Price: IDR 1000000000 Ideal for residence or investment.,,Agen Properti di Tangerang,,https:/picture.rumah123.com/r123-images/300x300-crop/customer/12485/b722894cf0f5691ca7bbe57830d85e2a.jpg,https://www.rumah123.com/properti/denpasar-sanur/modern-twobedroom-villa-featuring-a-private-swimming-pool-vlr230151/
Villa Joglo 2 Kamar Full Furnished Dekat Green School Sibang Kaja,Rp 25.000.000,month,Badung,2,1,,,,Hadirkan keseimbangan hidup yang menyatu dengan alam Bali melalui hunian berkonsep Joglo tradisional ini. Berlokasi sangat strategis di kawasan Sibang Kaja Badung properti ini hanya berjarak beberapa menit dari sekolah internasional ternama Green School Bali. Sangat direkomendasikan untuk keluarga ekspatriat orang tua murid Green School atau profesional yang mendambakan lingkungan asri tenang dan ruang terbuka hijau yang maksimal. Terdapat total 4 unit Joglo di dalam satu kompleks yang asri. Spesifikasi Detail Per Unit Joglo: Dimensi Bangunan: 12 x 10 Meter (Desain kayu solid yang sejuk dan sirkulasi udara sangat baik) Kamar Tidur: 2 Kamar Kondisi: Fully Furnished (Perabotan lengkap rapi dan siap huni) Taman/Halaman: Taman tropis yang sangat luas memberikan area bermain anak atau bersantai yang memadai. Kapasitas Parkir: Area parkir komunal yang sangat lega untuk mobil dan motor penghuni.,,Agen Properti di Tangerang,,https:/picture.rumah123.com/r123-images/300x300-crop/customer/1756935/8d37dec0cb7154b0fe8571cba2e815ea.jpg,https://www.rumah123.com/properti/badung-sibang-kaja/villa-joglo-2-kamar-full-furnished-dekat-green-school-sibang-kaja-vlr234415/
Disewakan Villa / Freehold & Leasehold Mewah Bali,Rp 300.000.000,year,Badung,3,4,,,,Di Jual/Sewakan Villa / Freehold & Leasehold Badung Bali Luas Tanah: 260 Are / 260m2 Luas Bangunan: 200m2 Sertifikat Hak Milik SLF / IMB Full Furnish Kamar Tidur: 3 Kamar Mandi: 4 Kolam Renang Kebun Rooftop Air Sumur Bor Listrik: 5500 Watt Akses Jalan: 5 Meter Harga Jual: 26 M Harga Sewa: 300 / Tahun,,Agen Properti di Tangerang,,https:/picture.rumah123.com/r123-images/300x300-crop/customer/1991405/053fd4ed8dbe7d845646412bdfea7255.jpg,https://www.rumah123.com/properti/denpasar-denpasar-selatan/disewakan-villa-freehold-leasehold-mewah-bali-vlr234469/
Two-Bedroom Villa With Private Pool - Sanur,Rp 1.000.000.000,year,Two-Bedroom Villa With Private Pool - Sanur | vlr220668,2,3,,,,Two-Bedroom Villa with Private Pool - Sanur Modern two-bedroom villa featuring a private swimming pool. 2 bedrooms 3 bathrooms Leasehold: 9 years (valid until January 2035) Land size: 110 sqm Building size: 120 sqm Private swimming pool Carport Location: Situated in a safe and quiet area on Jalan Bajangsari Sanur. 3 km to Sanur Beach & ICON Mall 2 km to International School Asking Price: IDR 1000000000 Ideal for residence or investment.,,Agen Properti di Tangerang,,https:/picture.rumah123.com/r123-images/300x300-crop/customer/12485/ffb36b90764be22c403e0ee8ea1e8d8a.jpg,https://www.rumah123.com/properti/denpasar-sanur/twobedroom-villa-with-private-pool-sanur-vlr220668/
Disewakan Brand New Villa Ocean View Mengening Beach Cemagi,Rp 320.000.000,year,Badung,,3,,,,DISEWAKAN BRAND NEW VILLA EXCLUSIVE DI BALI Lokasi : Jl Umalalang Pantai Mengening - Cemagi Detail Aset : - Luas Tanah : 140m2 / 14 Acre - ⁠Luas Bangunan : 177 m2 - ⁠Topologi Aset : Tanah Datar - ⁠Status Aset : Residensial / Perumahan - ⁠Zonasi Aset : Yellow / Kuning - ⁠Legal Aset : SHM on Hand Kelebihan : - Area bebas banjir - ⁠Akses lokasi 8 Meter - ⁠5 Menit ke Nuanu City Kedungu - ⁠1 Menit ke Mengening Beach - ⁠10 Menit ke Pantai Pererenan - ⁠1 Jam 30 Menit ke Bandara Internasional Ngurah Rai Harga Aset : Rp 3900xxxxxxxx Tahun Rp 320.000.xxx / Tahun Leasehold Negotiable Kode : VLAN-BBP001 Info lebih lanjut dan survey appointment hubungi kami : +62877xxxxxxxx Marketing propertybalibarong@********,,Agen Properti di Tangerang,,https:/picture.rumah123.com/r123-images/300x300-crop/customer/1707799/687a5a103cfc05eedf770b2b9481a49b.png,https://www.rumah123.com/properti/badung-cemagi/disewakan-brand-new-villa-ocean-view-mengening-beach-cemagi-vlr234667/
Villa Komersial 9 Kamar Kolam Renang 5X8 Dekat Pantai Disewakan,Rp 500.000.000,year,Badung,9,9,300 m²,400 m²,Lainnya,Villa komersial strategis disewakan dekat pantai hanya sekitar 700 meter dari pantai atau sekitar 10 menit berjalan kaki. Properti ini sangat cocok dijadikan guest house homestay villa rental atau boutique hotel karena memiliki banyak kamar dengan fasilitas lengkap. Spesifikasi Properti: Luas Tanah: 300 m² Dimensi Tanah: 21 x 14 meter Luas Bangunan: ±400 m² Fasilitas: 9 kamar tidur dengan 9 kamar mandi dalam Water heater di setiap kamar Full furnished Kolam renang 5 x 8 meter Area lobby luas (bisa difungsikan sebagai restoran / café) Kitchen 1 toilet umum 1 kamar staff / security Ruang staff ukuran 4 x 25 meter 2 meteran listrik masing-masing 7.700 watt Air sumur bor Lokasi sangat potensial untuk bisnis akomodasi wisata karena dekat pantai dan berada di area yang berkembang pesat. Harga Sewa: Rp 500 juta / tahun (nego) Minimal sewa: 2 tahun,,Agen Properti di Tangerang,,https:/picture.rumah123.com/r123-images/300x300-crop/customer/2098658/c614d521fb46eb386a970c478ff45b64.jpg,https://www.rumah123.com/properti/badung-canggu/villa-komersial-9-kamar-kolam-renang-5x8-dekat-pantai-disewakan-hor41216441/
Charming 3-Bedroom Fully Furnished Villa Ready To Move In. Located In A Quiet And Strategic Area Of Canggu Near Supermarkets Cafés Restaurants Schools And The Beach. | Lv 294,Rp 285.000.000,year,Badung,3,3,200 m²,215 m²,Lainnya,******** Villa Information : IMB Quiet and secure area Security deposit 10% required Fully furnished Enclosed living room Kitchen fully equipped A two floor building with 3 ensuit bedrooms 2 minutes drive to shops and restaurants 10 minutes drive to beach Outdoor : Water Pump Small Garden Balcony Parking space Water tower Outdoor shower Water pump Swimming pool 7×3 m Sunbed Living room : Couch Flat TV Air con Ceiling fan Enclosed living room Kitchen : Fully Equipped Kitchen Dining Table Refrigerator Water Dispenser Stove Microwave Oven Water dispenser Washing machine Bedroom : Air con Bed Console table Wardrobe Bathroom : Bathtub in the master bedroom Toilet Shower Hot water,,Agen Properti di Tangerang,,https:/picture.rumah123.com/r123-images/300x300-crop/customer/696941/33c7058c533543eed25d0273eca4a017.jpg,https://www.rumah123.com/properti/badung-canggu/charming-3bedroom-fully-furnished-villa-ready-to-move-in-located-in-a-quiet-and-strategic-area-of-canggu-near-hor40383914/
Brand New 3 Bedrooms Villa Full Furnished For Rent At Kuta Area,Rp 550.000.000,year,Badung,3,3,,,,For Rent Brand New 3 Bedrooms Villa at Kuta 2 mins to Gusto Gelato & Caffee 6 mins to Starbucks Reserve Dewata 8 mins to Pantai Seminyak Land size: 150 m2 Building size: 250 m2 Bedrooms: 3 Bathroom: 3 bathrooms & 1 powder room Living room: indoor fully air conditioned Kitchen: 1 kitchen full set Swimming Pool Electricity: 7.700 KVA Parking Space: 1 car Furnishing: Fully Furnished Including: Fast internet cleaning pool cleaning security fee Excluding electricity Price for yearly RP. 550 Million Bagi yang berminat dengan property ini dapat menghubungi Grace: 0813xxxxxxxx,,Agen Properti di Tangerang,,https:/picture.rumah123.com/r123-images/300x300-crop/customer/38769/c9af14324a19e728e4f7b25971129ee6.jpg,https://www.rumah123.com/properti/badung-kuta/brand-new-3-bedrooms-villa-full-furnished-for-rent-at-kuta-area-vlr201899/
Disewakan Villa 3 Kamar Tidur Area Kerobokan Kelod,Rp 240.000.000,year,Disewakan Villa 3 Kamar Tidur Area Kerobokan Kelod | vlr202141,,3,,,,Villa yang nyaman baru direnovasi dan terawat dengan baik ini terletak di area Kerobokan Kelod yang tenang dan aman menjadikannya rumah ideal untuk keluarga dan penduduk jangka panjang. Terletak di ujung gang dengan lalu lintas yang sangat sedikit dan perpaduan yang baik antara penduduk lokal dan ekspatriat. Ini adalah area perumahan yang tenang (bukan zona liburan atau pesta) menawarkan privasi dan kebisingan minimal. Akses mudah ke Seminyak (10 menit) Berawa (15 menit) Batu Bolong (18 menit). Akses mudah ke supermarket klinik kafe dan kebutuhan sehari-hari. Sekolah internasional terdekat: - Sunrise - dapat ditempuh dengan berjalan kaki - BCS - 1 menit - Morphoo School - 3 menit - Bhumi Bali School - 5 menit - SLK - 6 menit - Lollypop Preschool - 6 menit - Umalas Kids Club - 9 menit - French School - 9 menit - ProEd Umalas - 12 menit - Canggu Community School - 13 menit - Highscope Indonesia Bali - 15 menit Detail Properti: - Luas tanah 250m2 - Luas bangunan 200m2 - Dua lantai - Dapur baru dan lengkap termasuk area pelayan semi-terbuka untuk memungkinkan panas dari memasak keluar - Ruang tamu dan ruang makan terbuka tetapi dengan kasa nyamuk di semua bukaan - AC di semua kamar tidur - Kipas angin dinding di seluruh ruangan - 3 kamar tidur masing-masing dengan kamar mandi dalam. 1 kamar disiapkan untuk anak-anak dengan tempat tidur single dan meja belajar. - Kamar mandi tamu - Kolam renang pribadi - Taman kecil - Parkir sepeda motor tercover berbagi dengan vila tetangga - Wi-Fi Starlink kelas bisnis - CCTV real-time di gang dan pintu masuk mudah diakses melalui aplikasi di ponsel Anda - Tata letak fungsional dengan ruang dan penyimpanan yang luas - Perawatan kolam dan taman 3 kali seminggu Villa ini berperabot lengkap dan tersedia sekarang. Harga sewa: - Bulanan: 22 juta - Tahunan: 240 juta - 2 tahun: 450 juta - 3 tahun: 650 juta Uang jaminan: 25 juta dapat dikembalikan di akhir masa sewa (dengan syarat dan ketentuan standar) Catatan: Internet kolam renang dan perawatan taman termasuk Listrik banjar dan sampah ditanggung penyewa WhatsApp: +62812xxxxxxxx,,Agen Properti di Tangerang,,https:/picture.rumah123.com/r123-images/300x300-crop/customer/4427207/40a900e71b77ef723f1e12853a1b2cfd.jpg,https://www.rumah123.com/properti/badung-kerobokan-kelod/3bedroom-villa-for-rent-in-kerobokan-kelod-vlr202141/
For Rent Villa Ubud. Is In The Middle Of A Large Rice Field Quiet No Noise 10 Minutes From The Center Of Ubud Monkey Forest Ubud Gianyardikontrakkan Villa Rice Field View Sayan Ubud 10 Menutes From Mongkey Forest Center Ubud 4,Rp 21.000.000,month,Badung,2,3,250 m²,200 m²,SHM,Dikontrakkan villa Ubud For Rent Monthly @Pure dalem street number 15 villa rice field view Sayan Ubud Village 1 bedroom 1 bathroom IDR 7.500.000 For 1 month Furnished total 30 Day Total 30 Day in Month. free of charge house keeping. Villa position in the middle of the rice fields view far from neighbors Free Parking Not free stove n gas. Pay for electricity Gas mineral water yourself Refregerator 2 Air conditioner 2 Wastafel Kitchen set 2 bed Dining room Location: 10 menutes from Central Ubud 5 minutes from Westin resort Ubud 5 minutes Roster kafe 10 minutes to Green school 10 minutes to Pepito Sayan. 10 minutes to Cocomart. 5 minutes Windu Hospital. 40 menutes from Canggu Nyanyi beach.,,Agen Properti di Tangerang,,https:/picture.rumah123.com/r123-images/300x300-crop/customer/1167265/2024-04-09-11-02-06-a8126018-83f6-484e-9857-2e6dc4fe9022.jpg,https://www.rumah123.com/properti/gianyar-ubud/for-rent-villa-ubud-is-in-the-middle-of-a-large-rice-field-quiet-no-noise-10-minutes-from-the-center-of-ubud-monkey-hor15929849/
For Rent Villa Rice Field View 10 Menutes From Mongkey Forest Center Ubud Bali 40 Menutes From Tanah Lot Canggu Nyanyi Beach Canggu 5 Menutes From Rusters Kafe Price11m Per Month Free Electricity Free House Keeping 2 Visit Cleaning In 1 Week10 Menutes Fro,Rp 11.000.000,month,Badung,1,2,200 m²,200 m²,Lainnya,Kesempatan terbatas buat Anda dapatkan rumah strategis dengan return investasi tinggi di Ubud Gianyar. Rumah ini menawarkan kelengkapan fasilitas serta memiliki jumlah lantai 1 yang siap untuk segera Anda miliki utamanya bagi Anda yang mencari hunian di lokasi yang terjangkau. Kondisi properti ini bagus dan memiliki desain modern yang menambah daya tarik dan estetika properti ini. Rumah ini berada di wilayah strategis. Detail Properti ini adalah: - Kamar Tidur: 1 - Kamar Mandi: 2 - Sertifikat: - - Arah Bangunan: Menghadap Timur - Kondisi Perabotan: Furnished Tersedia berbagai fasilitas lengkap seperti: - Taman. - Akses Parkir. - Keamanan 24 jam. - One Gate System. - Tempat Laundry. - Tempat Jemuran. - Taman. - Jalur Telepon. - Tempat Jemuran. - Taman. - Jalur Telepon. Tidak hanya itu namun properti ini juga memiliki keunggulan sebagai berikut: - Siap Huni. - Dekat Sekolah Internasional. - Dekat Pusat Perbelanjaan. - Dekat Sekolah Negeri. - Dekat Fasilitas Kesehatan. - Dekat Tempat Wisata. - Lokasi Pinggiran Kota. - Adem & Sejuk. - Akses Jalan Muat 2 Mobil. Lokasi Strategis terletak di Ubud properti ini memudahkan akses Anda ke fasilitas-fasilitas utama dan unggulan. Harga yang sangat kompetitif yaitu Rp. 10.416.667 rumah ini siap menjadi milik Anda! Nikmati segala kemudahan dan berbagai keunggulan menarik saat properti eksklusif ini milik Anda.,,Agen Properti di Tangerang,,https:/picture.rumah123.com/r123-images/300x300-crop/customer/1167265/e38dd5cfe972ab0f4b22d3a6b868dcea.jpg,https://www.rumah123.com/properti/gianyar-gianyar/for-rent-villa-rice-field-view-10-menutes-from-mongkey-forest-center-ubud-bali-40-menutes-from-tanah-lot-canggu-nyanyi-hor41210559/
For Rent'Mitra Village Tunon' Most Beautiful Rice Fields View.*10 Minutes From Central Ubud Monkey Forest*40 Minutes From Canggu Nyanyi Beach*5 Minutes From Rusters Cafe3 Bedroom 3 Bathroomfully Furnished Kitchen Washing Machine Service Area Fast W,Rp 17.000.000,month,Badung,2,2,300 m²,200 m²,SHM,For rent villa Ubud Gianyar Bali Indonesia strategis 10 menutes from mongkey 3 bedroom with 3 bathroom furnished WiFi swimming pool is in the middle of a large rice field quiet rice field view Sayan 10 menutes from Central Ubud Gianyar mongkey forest sentral Ubud Gianyar Bali information call Wayan what's up Villa 3 Bedroom dan 3 bathroom Swimming pool free house keeping free WiFi free parking Car @Pure dalem street number 15 rice field view 10 menutes from mongkey forest sentral Ubud 5 menutes from Rusters Kafe Sayan Ubud Villa position in is the middle of the rice fields and far from neighbors Have a beautiful rice field view. Parking Location strategis 10 menutes from Central Ubud 5 minutes from Westin resort Ubud 5 minutes Roster kafe 10 minutes to Green school 10 minutes to Pepito Sayan. 10 minutes to Cocomart. 5 minutes Windu Hospital. 40 menutes from Canggu Nyanyi beach. Rental Price IDR 18.000.000 / month IDR : 160.000.xxx /Year up front IDR.600.000.xxx per 5 Year Up,,Agen Properti di Tangerang,,https:/picture.rumah123.com/r123-images/300x300-crop/customer/1167265/73de5ee2ea9dab5cdfc86048827a1b4d.jpg,https://www.rumah123.com/properti/gianyar-gianyar/for-rentmitra-village-tunon-most-beautiful-rice-fields-view10-minutes-from-central-ubud-monkey-forest40-minutes-from-hor17417774/
Villa 8 Kamar Siap Huni dan Siap Disewakan Kembali di Lokasi Strategis Kerobokan Dekat Umalas dan Canggu,Rp 176.000.000.000,year,Villa 8 Kamar Siap Huni dan Siap Disewakan Kembali di Lokasi Strategis Kerobokan Dekat Umalas dan Canggu | vlr234067,8,16,,,Lainnya,Kesempatan terbatas buat Anda dapatkan villa strategis dengan return investasi tinggi di Kerobokan Badung. siap dihuni dan menhasilkan passive income. Villa ini menawarkan kelengkapan fasilitas serta memiliki nilai tepat yang siap untuk segera Anda miliki utamanya bagi Anda yang mencari hunian di lokasi yang dekat dengan fasilitas umum. Detail Properti ini adalah: - Kamar 8 unit - Kamar Mandi: 16 ( tiap kamar ada 2 toilet atas dan bawah. - AC: 16 (tiap kamar ada 2 AV atas dan bawah) Tidak hanya itu namun properti ini juga memiliki keunggulan sebagai berikut: - Lokasi di Pusat Kota. - Dekat Kawasan Bisnis & Industri. - Adem & Sejuk. - Lingkungan Tenang dan Damai. - Cocok Untuk Investasi. - Properti Bisa Nego. - Lokasi Strategis. - Lokasi Bebas Banjir. - Tanpa Perantara. Lokasi Strategis terletak di Kerobokan properti ini memudahkan akses Anda ke fasilitas-fasilitas utama dan unggulan Harga yang sangat kompetitif yaitu Rp. 17600000000 untuk 25 tahun sewa villa ini siap menjadi milik Anda! Nikmati segala kemudahan dan berbagai keunggulan menarik saat properti asri ini milik Anda. Hubungi segera dan dapatkan informasinya ataupun cek unit!,,Agen Properti di Tangerang,,https:/picture.rumah123.com/r123-images/300x300-crop/customer/1935934/92aec5ab7274542fbfb83c3113cd423e.jpg,https://www.rumah123.com/properti/badung-kerobokan/villa-8-kamar-siap-huni-dan-siap-disewakan-kembali-di-lokasi-strategis-kerobokan-dekat-umalas-dan-canggu-vlr234067/
For Lease Brand New Modern Tropical Villa In Jimbaran,Rp 200.000.000,year,For Lease Brand New Modern Tropical Villa In Jimbaran | vlr140185,2,3,,,Lainnya,For Lease Brand New Modern Tropical Villa in Jimbaran Land Size 135 sqm Building size 120 sqm Bedroom 2 Bathroom 3 Electric 4400 watt Living area Dining area Private Pool Fully furnished Garden Carport 2 city car Electricity 4400 Watt Water heater Deepwell water Facing Southest One Gate System Cluster 2 mins to Pepito Supermarket KFC MCD Goemerot 3 mins to Bali Jimbaran Hospital 5 mins to Udayana University 6 mins to Jimbaran Beach 8 mins to Sidewalk Jimbaran 15 mins to Ngurah Rai International Airport Price 220.000.xxx / Yearly deposit security 20 Million,,Agen Properti di Tangerang,,https:/picture.rumah123.com/r123-images/300x300-crop/customer/1352547/c020517446b542a4cd8b18603c704b1e.jpg,https://www.rumah123.com/properti/badung-jimbaran/for-lease-brand-new-modern-tropical-villa-in-jimbaran-vlr140185/
For Lease Brand New Modern Tropical Villa In Sanur,Rp 225.000.000,year,For Lease Brand New Modern Tropical Villa In Sanur | vlr159057,2,2,,,,For Lease Brand New Modern Tropical Villa in Sanur Land Size 101 sqm Building size 110 sqm Bedroom 2 Bathroom 3 Electric 4400 watt Living area Dining area Private Pool Fully furnished Garden Carport Electricity 4400 Watt Water heater Deepwell water Facing East One Gate System Cluster Lokasi strategis -5 Mins walking to Campuhan Beach -6 Mins Drive to Dyatmika school -10 Mins To Matahari Terbit Port -10 Mins to Padang Galak Beach -10 Mins to Bali international Hospital -12 Mins to Icon Bali Price 225.000.xxx / Yearly deposit security 20 Million,,Agen Properti di Tangerang,,https:/picture.rumah123.com/r123-images/300x300-crop/customer/1352547/faccae4033af87b8c6814e6c677f1d16.jpg,https://www.rumah123.com/properti/denpasar-sanur/for-lease-brand-new-modern-tropical-villa-in-sanur-vlr159057/
Villa Brand New Tropical Villa In Ubud Bali,Rp 170.000.000,year,Villa Brand New Tropical Villa In Ubud Bali | Rumah123,2,2,176 m²,88 m²,SHM,Villa Brand New Tropical Villa in Ubud Bali You can find a very quiet and peaceful location in this villa. 10 minutes from Ubud center Has the most beautiful rice field view Close to Tegallalang Rice Terraces International School Empathy Traditional Markets and Restaurants This villa is perfect for those of you looking for a quiet and relaxing vacation spot. Lokasi yang sangat tenang dan kedamaian anda bisa temui di villa ini 10 menit dari pusat Ubud Memiliki pemandangan sawah terindah Dekat dengan Teras Sawah Tegallalang Empathy School Pasar Tradisional dan Restoran Land Size	: 176 Sqm Building Size	: 88 Sqm Title		: Freehold (SHM) Facing		: East Year build	: 2025 Bedroom	: 2 Bathroom	: 2 Feature		: AC Swimming pool Garden Fully furnished Storage Kitchen Mini Bar Water heater Water tank Drilling water 4.400 watts electricity Detail		: Lease Price	: IDR 170.000.xxx / year (TANPA PERANTARA / NO BROKER),,Agen Properti di Tangerang,,https:/picture.rumah123.com/r123-images/300x300-crop/customer/671489/20a845b66d591491d5e474fa806d55c8.jpg,https://www.rumah123.com/properti/gianyar-ubud/villa-brand-new-tropical-villa-in-ubud-bali-hor41167032/
Villa Brand New Villa With Bay View In Jimbaran Bali,Rp 275.000.000,year,Villa Brand New Villa With Bay View In Jimbaran Bali | vlr229534,2,2,,,,Located in a quiet location and far from the crowds. Providing a serene tropical atmosphere with ocean views and comfortable interior design. Close to International Schools Jimbaran Beach Restaurants Four Seasons Resort 20 minutes to Ngurah Rai Airport. This one will catch your heart! Land Size	: 200 Sqm Building Size	: 180 Sqm Title		: Freehold (SHM) Facing		: North Year build	: 2025 Bedroom		: 2 Bathroom	: 2 Feature: AC Swimming pool Carport Garden Roof top Balcony Semi furnished Storage Kitchen Mini Bar Water heater Water tank Government water 7.700 watts electricity Detail: Paving Access Lease Price: IDR 275.000.xxx / year IDR 35.000.000 / Month (TANPA PERANTARA / NO BROKER),,Agen Properti di Tangerang,,https:/picture.rumah123.com/r123-images/300x300-crop/customer/671489/c2a616ba1ed3e09f469d76d7f5642460.jpg,https://www.rumah123.com/properti/badung-jimbaran/villa-brand-new-villa-with-bay-view-in-jimbaran-bali-vlr229534/
3 Bedroom Villa..Sanur (Yearly Rent),Rp 230.000.000,year,3 Bedroom Villa..Sanur (Yearly Rent) | Rumah123,3,3,260 m²,180 m²,Lainnya,Sanur west bypass For Rent - Yearly (Sanur) IDR 250.000.xxx / year 3 Bedroom Villa - Prime Sanur Area ✨ Property Features: 3 bedrooms all ensuite Ample-size private pool Small garden with easy maintenance Fully furnished Carport Quiet residential area Location Highlights: Only 100 meters off Bypass Road Near Liga Tennis Sanur 3 km to Sanur Beach 2 km to Bali Island School Perfect for families or long-term residents wanting comfort and convenience in Sanur. Thank you and have a nice day,,Agen Properti di Tangerang,,https:/picture.rumah123.com/r123-images/300x300-crop/customer/12485/555fd906f5cecc7d3dc6d972ed57b07d.jpg,https://www.rumah123.com/properti/denpasar-sanur/3-bedroom-villasanur-yearly-rent-hor40598064/
Two-Bedroom Villa With Private Pool - Sanur,Rp 1.000.000.000,year,Two-Bedroom Villa With Private Pool - Sanur | vlr233313,2,3,,,,Two-Bedroom Villa with Private Pool - Sanur Modern two-bedroom villa featuring a private swimming pool. 2 bedrooms 3 bathrooms Leasehold: 9 years (valid until January 2035) Land size: 110 sqm Building size: 120 sqm Private swimming pool Carport Location: Situated in a safe and quiet area on Jalan Bajangsari Sanur. 3 km to Sanur Beach & ICON Mall 2 km to International School Asking Price: IDR 1000000000 Ideal for residence or investment.,,Agen Properti di Tangerang,,https:/picture.rumah123.com/r123-images/300x300-crop/customer/12485/ffb36b90764be22c403e0ee8ea1e8d8a.jpg,https://www.rumah123.com/properti/denpasar-sanur/twobedroom-villa-with-private-pool-sanur-vlr233313/
Villa 3 Kamar Full Furnished 15 Menit Pantai Batu Bolong V411,Rp 350.000.000,year,Badung,3,4,250 m²,270 m²,Lainnya,Villa 15 menit pantai batu bolong 350 juta per year 3 Bedrooms 3 Bathrooms Full Furnished Swimming Pool Enclosed Living Room with AC Fully Equipped Kitchen Garden Speaker Water Drilling Well Electricity 5.500 Watt Wi-Fi Storage Room Parking Area Luas tanah 250 m2 Luas bangunan 270 Hadap timur Sumber air sumur,,Agen Properti di Tangerang,,https:/picture.rumah123.com/r123-images/300x300-crop/customer/2098658/2bb838536dca19bb43a6a26cacf59e69.jpg,https://www.rumah123.com/properti/badung-canggu/villa-3-kamar-full-furnished-15-menit-pantai-batu-bolong-v411-hor40904544/
Villa 3Br Disewakan Tanjung Benoa Nusa Dua Dekat Pantai V26,Rp 180.000.000,year,Badung,3,3,150 m²,170 m²,Lainnya,VILLA MINIMALIS DISEWAKAN - TANJUNG BENOA NUSA DUA Disewakan villa minimalis modern lokasi premium hanya 1 menit ke Pantai Tanjung Benoa Nusa Dua. Spesifikasi: 3 Bedroom 3 Bathroom 2 Lantai Luas Tanah 150 m² Luas Bangunan 170 m² Close Living Room Dining Room + Dining Table Kitchen Private Pool Full Furnished Listrik 10.000 Watt PDAM Harga: 180 Juta / Tahun Sudah termasuk: Pool maintenance Sampah PDAM Iuran banjar Tamu hanya bayar token listrik & WiFi. Lokasi sangat strategis dekat kawasan wisata premium Pantai Tanjung Benoa dan area Nusa Dua. Cocok untuk hunian keluarga maupun ekspatriat yang mencari kenyamanan dekat pantai.,,Agen Properti di Tangerang,,https:/picture.rumah123.com/r123-images/300x300-crop/customer/2098658/54b97d894f2777b503733057fe344ae6.jpg,https://www.rumah123.com/properti/badung-tanjung-benoa/villa-3br-disewakan-tanjung-benoa-nusa-dua-dekat-pantai-v26-hor41181145/
Brand New 2-Bedroom Townhouse - Sanur Beachside (Leasehold),Rp 58.000.000.000,year,Brand New 2-Bedroom Townhouse - Sanur Beachside (Leasehold) | vlr223173,,2,,,,Brand New 2-Bedroom Townhouse - Sanur Beachside (Leasehold) This modern brand-new townhouse is located in a quiet villa neighborhood on Jalan Kesari Sanur Beachside. Fully furnished and ideal for both residential living or investment. Property Details: Land 180 sqm Built 180 sqm Carport 2 bedrooms 2 bathrooms 1 guest toilet Private swimming pool Beautiful garden area Fully furnished Brand new condition Location Highlights: 15-minute walk to Jalan Danau Tamblingan 20-minute walk to Sanur Beach 4 km to Bali International School (BIS) Peaceful villa neighborhood Leasehold: 30 years Asking Price: IDR 5.8 Billion Have a nice day :blush:,,Agen Properti di Tangerang,,https:/picture.rumah123.com/r123-images/300x300-crop/customer/12485/93fe00765335a97f8852a4b31f1f2a88.jpg,https://www.rumah123.com/properti/denpasar-sanur/brand-new-2bedroom-townhouse-sanur-beachside-leasehold-vlr223173/
Two-Bedroom Villa With Private Pool - Sanur,Rp 1.000.000.000,year,Two-Bedroom Villa With Private Pool - Sanur | vlr215740,2,3,,,,Two-Bedroom Villa with Private Pool - Sanur Modern two-bedroom villa featuring a private swimming pool. 2 bedrooms 3 bathrooms Leasehold: 9 years (valid until January 2035) Land size: 110 sqm Building size: 120 sqm Private swimming pool Carport Location: Situated in a safe and quiet area on Jalan Bajangsari Sanur. 3 km to Sanur Beach & ICON Mall 2 km to International School Asking Price: IDR 1000000000 Ideal for residence or investment.,,Agen Properti di Tangerang,,https:/picture.rumah123.com/r123-images/300x300-crop/customer/12485/ffb36b90764be22c403e0ee8ea1e8d8a.jpg,https://www.rumah123.com/properti/denpasar-sanur/twobedroom-villa-with-private-pool-sanur-vlr215740/
Vila Disewakan di Kerobokan Private Pool Full Furnished,Rp 250.000.000,year,Vila Disewakan di Kerobokan Private Pool Full Furnished | vlr207794,2,1,,,,Villa Disewakan Tahunan di Kerobokan - Muding Disewakan villa tahunan dengan desain Balinese rustic tropical style di area Muding Kerobokan. Villa ini cocok untuk hunian jangka panjang dengan suasana tenang privat dan lingkungan nyaman. Berdiri di atas lahan ± 280 m² villa ini memiliki 2 kamar tidur 1 kamar mandi semi outdoor ruang tamu luas open kitchen serta private swimming pool yang dikelilingi area taman hijau. Desain vila didominasi kayu solid dengan ceiling tinggi dan konsep open space yang memberikan pencahayaan alami maksimal. Villa sudah fully furnished dan siap huni. Spesifikasi Villa: 	-	Luas tanah ±280 m² 	-	2 Bedroom 	-	1 Bathroom (semi outdoor) 	-	2 Lantai 	-	Fully furnished 	-	Open living & dining area 	-	Open kitchen 	-	Private swimming pool 	-	Garden 	-	Parking area 	-	Listrik 5.500 watt 	-	Sumber air sumur bor Sistem Sewa: 	-	Sewa tahunan 	-	Minimal sewa 1 tahun Harga Sewa: IDR 250.000.xxx / tahun (nego) Lokasi strategis dengan akses mudah ke Kerobokan Canggu Seminyak dan pusat kota Denpasar. info lebih lanjut bisa hubungi ulfa nota :Villa ini disewakan secara tahunan dengan minimal sewa 1 tahun cocok untuk pasangan ekspatriat maupun profesional yang mencari hunian villa di Kerobokan dengan private pool dan suasana nyaman. Lokasi strategis dekat Canggu dan Seminyak menjadikan vila ini ideal untuk tempat tinggal jangka panjang di Bali.,,Agen Properti di Tangerang,,https:/picture.rumah123.com/r123-images/300x300-crop/customer/2162646/d3ec9684d9771ab2ae712a6cc88fb929.jpg,https://www.rumah123.com/properti/badung-kerobokan/vila-disewakan-di-kerobokan-private-pool-full-furnished-vlr207794/
Villa Luxury 3Br Modern Contemporary Furnished In Canggu,Rp 650.000.000,year,Villa Luxury 3Br Modern Contemporary Furnished In Canggu | vlr211340,3,4,,,,FOR RENT - CANGGU VILLA 3BR LUXURY MODERN WITH SPACIOUS GARDEN Price: Yearly rent: IDR 650 Million- / year Monthly rent: IDR 55 Million / month ( minimum 6 months lease with upfront payment ) Payment system: 1year upfront payment (not allow payment terms) #UVR20 Services included: - housekeeping 2x a week - pool maintenance 2x a week - ⁠garden maintenance 1x a week - ⁠wifi / internet Details Land size: 400sqm - easy access with private car & motorbike parking 3 bedrooms with ensuite bathroom Living room Dining area Private pool 10 meter long Full kitchen with oven Laundry room Lush gardens Storage area Nearby points of interest: 5 minutes to Jungle Padel Pererenan 15 minutes to Batu Bolong Beach & Pererenan Beach 17 minutes to Atlas Beach Club 18 minutes to Seminyak Area 1 hour to Airport Ngurah Rai,,Agen Properti di Tangerang,,https:/picture.rumah123.com/r123-images/300x300-crop/customer/1975836/1e59afec6b60be6d008785fef6382fea.jpg,https://www.rumah123.com/properti/badung-canggu/villa-luxury-3br-modern-contemporary-furnished-in-canggu-vlr211340/
Villa 1 Lantai di Sanur,Rp 19.000.000,day,Villa 1 Lantai di Sanur | vlr231686,,2,,,,Villa nyaman dan fully furnished tersedia untuk sewa harian maupun bulanan cocok untuk liburan dengan keluarga. Lingkungan aman dan tenang akses sangat strategis.,,Agen Properti di Tangerang,,https:/picture.rumah123.com/r123-images/300x300-crop/customer/4448109/4579532e239ef12d413d04d7a2466c51.jpg,https://www.rumah123.com/properti/denpasar-sanur/villa-1-lantai-di-sanur-vlr231686/
Three Bedroom Villa.sanur.beach Side,Rp 600.000.000,year,Three Bedroom Villa.sanur.beach Side | vlr235067,3,3,,,,Villa is brand new3 bedrooms fully furnished. located at Gang Jasmin walk 10 minutes to famous Jaln Tamblingan. 20 minutes walk to prime beach by Maya Hotel.,,Agen Properti di Tangerang,,https:/picture.rumah123.com/r123-images/300x300-crop/customer/12485/3cd0247d3d2f417bcff8f0b63c55aa6a.jpg,https://www.rumah123.com/properti/denpasar-sanur/three-bedroom-villasanurbeach-side-vlr235067/
Annual Rental 2Bedrooms Villa In Sanur,Rp 235.000.000,year,Annual Rental 2Bedrooms Villa In Sanur | vlr227595,,3,,,,Beautiful and comfortable 2-bedroom villa available for long-term rent (minimum 2 years) in a highly strategic area of Sanur. 2 spacious bedrooms 2 extra rooms (ideal for staff room storage or multipurpose space) Large private swimming pool Lush garden area Spacious front terrace - perfect for yoga or relaxing outdoor activities Fully furnished Prime and strategic location in Sanur Perfect for families or expatriates looking for a peaceful yet convenient home close to beaches cafes and daily facilities.,,Agen Properti di Tangerang,,https:/picture.rumah123.com/r123-images/300x300-crop/customer/1910296/9ce7bb45ef5371cb81623dfb25390fd5.jpg,https://www.rumah123.com/properti/denpasar-sanur/annual-rental-2bedrooms-villa-in-sanur-vlr227595/
Vila Super Keren di Berawa Harga Murah Siap Huni,Rp 375.000.000,year,Badung,2,2,,,,Vila di sewakan Gg manggo Central canggu Berawa Tanah 160 m2 Bangunan 160m2 Ada 2 kamar tidur 2 kamar mandi Full furnitur Kolam renang Akses mobil 375 jt per tahun 6.8 Milyar sale Dko esa,,Agen Properti di Tangerang,,https:/picture.rumah123.com/r123-images/300x300-crop/customer/1969747/a9a964cb7c36826ba7356d6b0669ee4b.png,https://www.rumah123.com/properti/badung-canggu/vila-super-keren-di-berawa-harga-murah-siap-huni-vlr232079/
For Lease Monthly Or Yearly Luxury Modern Villa With Big Stunning Pool And Sea View 3 Floor In Goa Gong Jimbaran.,Rp 50.000.000,month,Badung,5,6,,,,For Lease Monthly or Yearly Luxury Modern Villa With Big Stunning Pool And Sea View 3 Floor In Goa Gong Jimbaran. The condition need a bit renovation. You can see the best full view by second and third floor from the pool living room and rooms. The area is one gate system with many luxury villa in this area. So quite high place and wide access. Only 10 minutes to Jimbaran Beach 5 minutes to UNUD University 10 minutes to Bypass Jimbaran and 15 minutes to Airport. Spesification : Land size 450 m2 Building size 850 m2 4 bathroom + en suite bathroom 2 guest toilet living room 2 modern kitchen family room dinning room stunning pool garden carport 4 cars staff room storage Lease price : IDR 490 Million/Year And 50 million/month. The price include pool cleaning and 2 x a week house cleaning.,,Agen Properti di Tangerang,,https:/picture.rumah123.com/r123-images/300x300-crop/customer/998671/3788496b352cd502e3b953257f46a0be.jpg,https://www.rumah123.com/properti/badung-jimbaran/for-lease-monthly-or-yearly-luxury-modern-villa-with-big-stunning-pool-and-sea-view-3-floor-in-goa-gong-jimbaran-vlr223613/
For Rent 2 Bedroom Villa At Seminyak Walking Distance To The Beach,Rp 450.000.000,year,For Rent 2 Bedroom Villa At Seminyak Walking Distance To The Beach | vlr225368,2,3,,,,For Rent 2 Bedroom Villa at Seminyak walking distance to the beach 7 mins walking distance to the beach Price: Rp 450 Million-/ year Landsize 300m2 Buildingsize 200 2 Bedroom 2 Bathroom 1 Bathtub 1 Carport 11.000vA Air PDAM,,Agen Properti di Tangerang,,https:/picture.rumah123.com/r123-images/300x300-crop/customer/1614907/652c97cf7a0aafff63effe9edc80077a.jpg,https://www.rumah123.com/properti/badung-seminyak/for-rent-2-bedroom-villa-at-seminyak-walking-distance-to-the-beach-vlr225368/
Disewakan Villa Area Strategis Dekat ke Canggu di Pengubengan Kerobokan,Rp 140.000.000,year,Disewakan Villa Area Strategis Dekat ke Canggu di Pengubengan Kerobokan | Rumah123,3,4,150 m²,200 m²,SHM,Villa for Rent Jl Pengubengan Kauh Kerobokan Badung Bali Land Area: 150 m2 Building Area: 200 m2 Specifications: 2nd Floor 3 Bedrooms 4 Bathrooms Livingroom Swimming Pool Kitchen Equipment Big Kitchen Area WiFi Electricity 4400 kwh waterheater AC 5 Pet Friendly Villa for Rent: Rp. 140000000/year,,Agen Properti di Tangerang,,https:/picture.rumah123.com/r123-images/300x300-crop/customer/1682591/0270cd487b942f3a88091328235f91bb.jpg,https://www.rumah123.com/properti/badung-kerobokan/disewakan-villa-area-strategis-dekat-ke-canggu-di-pengubengan-kerobokan-hor39950782/
A New Daily Villa For Rent Close To Sidemen Vila di Telaga Waja White Water Rafting Jl. Muncan Rendang Rendang Karangasem Bali Indonesia 80863 Sidemen,Rp 650.000,day,Badung,1,1,,,,A New Daily Villa for Rent close to Sidemen Villa Taman near Sidemen is a daily villa for rent located in a village near Sidemen build on the land size 8 ares (800 m2) cool area and fresh air located at an altitude of 550 meters above sea level near Telaga Waja river Rafting Sidemen Traditional Village and Mother Temple of Besakih Good view Mount Agung Vew Row of hills at Sidemen Teracering Rice fields Views Traditional farming environments the Villa consist 3 1st floor buildings one main building large Gazebo big bathroom 1 big bed room with double bed and 2 extra bed for 4 persons 1 big bath room with hot water terace with open view cupboard table with eating and drinking utensils below electric kettle refrigerator fan smart TV free wifi shared kitchen a big Gazebo with 2 big bed matrases with Traditional mats and equipped with mosquito net curtains Garage for 2 cars Carport for 2 cars Price for daily rent IDR 650 thousand per night for 1 month IDR 17 million negotiatible for 6 month IDR 70 million negotiatible for 1 year IDR 105 million negotiatible contact ; Ajik Ngurah 0812465xxxx wa,,Agen Properti di Tangerang,,https:/picture.rumah123.com/r123-images/300x300-crop/customer/2134014/32814828d1ab3c3375cfe9c32b570ff2.jpg,https://www.rumah123.com/properti/karangasem-sidemen/a-new-daily-villa-for-rent-close-to-sidemen-vila-di-telaga-waja-white-water-rafting-jl-muncan-rendang-rendang-vlr222155/
Villa Royal Sunset Bali - Furnished Strategis Hanya 180 Jt/Tahun,Rp 180.000.000,year,Badung,3,3,130 m²,200 m²,SHM,Disewakan Villa Royal Sunset - Sunset Road Kuta Bali ️ Villa mewah siap huni dengan lokasi strategis di Sunset Road Kuta. Dekat hiburan & kuliner. Cocok untuk hunian pribadi ekspatriat maupun bisnis sewa harian. LT 130 m² (65 × 20) LB 200 m² 3+1 Kamar Tidur (setiap kamar dengan kamar mandi dalam) 3+1 Kamar Mandi ✅ Fully Furnished SHM Harga Sewa Rp 180 Juta / Tahun ✨ Keunggulan: Lokasi prime Sunset Road - akses mudah ke Kuta Legian & Seminyak Furnished & siap huni,,Agen Properti di Tangerang,,https:/picture.rumah123.com/r123-images/300x300-crop/customer/69050/0eb2dbcb9c758dc46d5aec15da01586d.jpg,https://www.rumah123.com/properti/badung-kuta/villa-royal-sunset-bali-furnished-strategis-hanya-180-jttahun-vlr233210/
Villa 2KT Gaya Summer di Kerobokan,Rp 180.000.000,year,Villa 2KT Gaya Summer di Kerobokan | vlr59531,2,2,,,,Disewakan villa 2 kamar tidur dengan desain modern dan perabotan baru di kawasan tenang Kerobokan. Villa ini cocok untuk keluarga kecil atau sebagai hunian jangka panjang bagi pelancong yang mencari kenyamanan dan akses mudah ke berbagai fasilitas di sekitar Seminyak dan Canggu. Harga Sewa Tahunan: IDR 180.000.xxx per tahun Spesifikasi: - 2 Kamar Tidur dengan Kamar Mandi Dalam - Bathtub di setiap kamar mandi - Ruang Tamu dan Dapur tertutup - Internet Wi-Fi - Seluruh ruangan ber-AC - Kolam Renang Pribadi - Area parkir untuk motor - Sofa dan Area TV - Fully furnished Lokasi Strategis: - 4 menit ke Jalan Raya Kerobokan - 5 menit ke Pepito Market Seminyak - 6 menit ke De Gym Kerobokan - 10 menit ke Motel Mexicola dan Pantai Petitenget - 12 menit ke Cafe Del Mar - 15 menit ke FINNS dan Pantai Berawa Villa ini menawarkan kenyamanan privasi dan lokasi strategis bagi Anda yang ingin tinggal di lingkungan tenang namun tetap dekat dengan pusat aktivitas di Bali. Hubungi sekarang untuk informasi lebih lanjut atau jadwalkan kunjungan ke lokasi.,,Agen Properti di Tangerang,,https:/picture.rumah123.com/r123-images/300x300-crop/customer/2168946/9ef79e8122041906b7569e04d3cd8574.jpg,https://www.rumah123.com/properti/badung-kerobokan/villa-2kt-gaya-summer-di-kerobokan-vlr59531/
2Br Villa With Ricefield View In Sanur,Rp 25.000.000,month,2Br Villa With Ricefield View In Sanur | Rumah123,2,2,216 m²,87 m²,Hak Sewa,For Rent - Serene 2BR Villa with Ricefield View in Sanur Monthly: IDR 25000000 | Yearly: IDR 250000000 Property Details - Land Size: 210 m² - Building Size: 105 m² - Bedrooms: 2 - Bathrooms: 2 (Ensuite with bathtub) - Living Area: Fully enclosed furnished with modern kitchen - Outdoor Features: Private swimming pool gazebo landscaped garden - Parking: Onsite car parking - Furnishing: Fully furnished - move-in ready Highlights - Tranquil ricefield views from the property - Just 5 minutes' drive to Sanur Beach - Spacious bright interiors with a modern touch - Perfect balance of comfort convenience and serene living Rental Pricing & Terms - Monthly: IDR 25000000 - Yearly: IDR 250000000 - Price is villa-only (expenses & amenities not included can be arranged at additional cost) - Pets are not allowed - Security deposit required amount depends on length of stay,,PBPure Land Property BaliAgen KorporatNIB:190923010****,,https:/picture.rumah123.com/r123-images/300x300-crop/customer/2168946/1b8c40d3d65bed85ffc69f5e0fe9e150.jpg,https://www.rumah123.com/properti/denpasar-sanur/2br-villa-with-ricefield-view-in-sanur-hor40129324/
3BR Quiet Villa in Ubud,Rp 200.000.000,year,3BR Quiet Villa in Ubud | Rumah123,3,2,300 m²,200 m²,Hak Sewa,Quiet Villa Near Ubud Center with Rooftop Views Discover the perfect blend of comfort and convenience in this exquisite 3-bedroom villa ideally located near Ubud Center and iconic attractions like the Neka Art Museum. With easy access to top-rated restaurants cafes boutique shops spas and mini-markets this villa offers a seamless lifestyle of relaxation and exploration. Set on a 300m² property this stunning villa features: – Three spacious bedrooms each with bathtub-equipped en-suite bathrooms – Enclosed living and kitchen area designed for year-round comfort – Private swimming pool – Expansive garden perfect for tranquil outdoor moments – Rooftop lounge area ideal for sunset views and entertaining – Onsite carport ensuring secure and convenient parking Whether for a private retreat this villa offers an unparalleled Ubud experience. Location: – 3 Minutes to Campuhan Ridge Walk – 7 Minutes to Ayung Rafting Ubud – 10 Minutes to Ubud Palace Contact us today for more details or to schedule a viewing!,,Agen Properti di Tangerang,,https:/picture.rumah123.com/r123-images/300x300-crop/customer/2168946/f01693f1c66c9e237940e6e9894c7771.jpg,https://www.rumah123.com/properti/gianyar-ubud/3br-quiet-villa-in-ubud-hor40106658/
1BR Apartment Villa in Jalan Batur Sari Sanur,Rp 633.000.000,year,1BR Apartment Villa in Jalan Batur Sari Sanur | Rumah123,1,1,700 m²,35 m²,Hak Sewa,Jalan Batur Sari Sanur Strategically located for long-term living this apartment villa offers the perfect balance of comfort and convenience. Walking distance to cafes restaurants supermarkets and international schools – an ideal choice for expats couples or professionals seeking a central home base in Sanur. Perfect for long-term stays in central Sanur location and move-in ready with full furnishings. Property Overview – Total of 9 rooms – Room sizes: 4×6m (standard) & 5×7m (larger units) – Monthly price: IDR 5456000 – 6336000 – Yearly price: IDR 54560000 – 63360000 – Maximum occupancy are 2 Adults + 2 Children (Under 10 years old) – Price includes: – 1x Cleaning/3days – 1x Linen Change/6days – Price Excludes: Cooking gas electricity drinking water. Room Specifications – 1 Bedroom – 1 Private Bathroom – Larger units: with bathtub – Smaller units: with shower only – Sofa & TV in living area – Enclosed living & kitchen – Fully equipped kitchen: refrigerator stove with cooker hood water dispenser cooking utensils & tableware (for 2 persons) – Wardrobe – Air Conditioner – High Speed Wifi Internet – Private terrace & backyard Common Facilities – Courtyard with shared swimming pool – Laundry area with shared washing machine – Large parking area for cars & motorbikes,,Agen Properti di Tangerang,,https:/picture.rumah123.com/r123-images/300x300-crop/customer/2168946/6c52b40e5585be14974e3c61d29b3f09.jpg,https://www.rumah123.com/properti/denpasar-sanur/1br-apartment-villa-in-jalan-batur-sari-sanur-hor40126458/
2Br Spacious Villa In Sanur,Rp 200.000.000,year,2Br Spacious Villa In Sanur | vlr129618,2,1,5000 m²,120 m²,Hak Pakai,Tranquil Villa Living in the Heart of Sanur - Steps from the Beach Experience comfortable living in a secure villa complex just a short walk from Sanur Beach. Nestled in a serene environment this well-maintained 9-villa compound spans 5000 m² and offers 24-hour security lush tropical gardens and a shared resort-style swimming pool. Each villa is thoughtfully designed for both relaxation and convenience perfect for long-term stays or quiet retreats near Bali's coastline. Villa Features: - 2 Bedrooms with garden views - 1 spacious Bathroom with bathtub and outdoor shower - Cozy Living Room connected to a fully equipped kitchen - Large Terrace overlooking lush greenery - Access to Huge Shared Pool - ideal for sunbathing or relaxing - Secure High Gates with 24-hour security - Generous Parking Area for cars and motorbikes Pricing: - Monthly: IDR 20 million - Yearly: IDR 200 million Included in the Rent: - Garden pool and common area maintenance - Trash disposal - Wi-fi Internet - 24-hour complex security - Repairs upon breakage of facilities such as leaks piping issues electricity issues structural issues. Tenants only cover electricity and optional cleaning (IDR 100000 per session). This villa is ideal for individuals or couples seeking peaceful secure living just minutes from Sanur's beach cafes and conveniences. Limited units available-reach out today to book your viewing.,,Agen Properti di Tangerang,,https:/picture.rumah123.com/r123-images/300x300-crop/customer/2168946/497dd3c89935e8d3c92aff139e3bfce9.jpg,https://www.rumah123.com/properti/denpasar-sanur/2-kt-villa-tenang-di-pusat-sanur-vlr129618/
1Br Villa For Rent In Serene Location Of Uluwatu,Rp 210.000.000,year,Badung,1,1,,,,Villa in Uluwatu. Seek this modern villa for rent offering a fully equipped environment perfect for those seeking a secure and secure home. Property Key Specifications: - Bedrooms: 1 - Bathrooms: 1 - Certificate: - Features: - Fully Furnished. - Accessible road for 2 cars. Located in Uluwatu this villa offers easy access to a variety of exciting amenities. For just Rp. 0 you can own an exclusive move-in-ready residence. Don't miss this opportunity to experience living in this comfortable Uluwatu area! Contact us now for more information! Villa di Uluwatu. Dapatkan villa yang modern ini disewakan menghadirkan lingkungan fasilitas yang lengkap cocok untuk Anda yang menginginkan hunian aman. Spesifikasi Utama Properti: - Kamar Tidur: 1 - Kamar Mandi: 1 - Sertifikat: - Fitur unggulan: - Full Furnished. - Akses Jalan Muat 2 Mobil. Terletak di Uluwatu villa ini memberikan kemudahan akses ke berbagai fasilitas menarik. Dengan harga Rp. 0 anda bisa memiliki hunian eksklusif yang sudah siap huni. Jangan lewatkan kesempatan untuk menikmati pengalaman tinggal di kawasan Uluwatu yang nyaman ini! Hubungi segera untuk informasi lebih lanjut!,,Agen Properti di Tangerang,,https:/picture.rumah123.com/r123-images/300x300-crop/customer/1780196/8dd0c9bb96c2b136871c578f1f805dc0.jpg,https://www.rumah123.com/properti/badung-uluwatu/1br-villa-for-rent-in-serene-location-of-uluwatu-vlr211888/
Villa Disewakan Dekat Pantai BenoaTermurah,Rp 200.000.000,year,Tanjung Benoa Badung,3,3,,,,VILLA MINIMALIS . DISEWAKAN MIN 1THN SMP 2THN. 3BR. 3BATHROOM. LIVINGROOM. DININGROOM. DININGTABLE KICTHEN. CLOSE SLIDDING DOOR. POOL.. FULL FURNISHED. LT150M2 LB 170M2. 2LT. PRICE 200JT NEGO. .POOL MAN.PDAM.BANJAR AREA.SAMPAH. 1MENIT KEDPN BEACH. survey skrg jika minat,,JamesAgen IndependenNIB:240822001****,,https:/picture.rumah123.com/r123-images/300x300-crop/customer/1258884/54b97d894f2777b503733057fe344ae6.jpg,https://www.rumah123.com/properti/badung-tanjung-benoa/villa-cantik-disewakan-dekat-ke-pantai-tanjung-benoa-sewa-minimal-3-tahun-vlr191823/
Disewakan La East Villa Sanur Bagus Siap Huni Denpasar Bali,Rp 180.000.000,year,Disewakan La East Villa Sanur Bagus Siap Huni Denpasar Bali | vlr207283,3,2,,,,Villa di Sanur. Temukan villa 1 lantai yang modern ini disewakan menghadirkan lingkungan fasilitas yang lengkap cocok untuk Anda yang menginginkan hunian nyaman. Spesifikasi Utama Properti: - Kamar Tidur: 2 + 1 - Kamar Mandi: 1 + 1 - Sertifikat: - Fitur unggulan: - Siap Huni. - Bebas Banjir. - Dekat Akses Bandara. - Dekat Pusat Perbelanjaan. - Dekat Sekolah Internasional. - Dekat Sekolah Negeri. - Dekat Universitas. - Dekat Fasilitas Kesehatan. - Dekat Tempat Wisata. - Dekat Tempat Ibadah. - Dekat Taman Kota. - Lokasi di Pusat Kota. - Adem & Sejuk. - Lingkungan Tenang dan Damai. - Akses Jalan Muat 2 Mobil. - Lokasi Strategis. Sewa Tahunan Rp 180.000.xxx Minimal masa kontrak 2 tahun - Pembayaran di muka Pembayaran Bulanan Rp 16.000.000/bulan Minimal masa kontrak 2 tahun Sewa Jangka Panjang 10 tahun Rp 16 miliar 160000xxxx - Akta Notaris Lebih disukai jangka panjang 5 10 20 tahun Spesifikasi Luas bangunan 200m2 Luas tanah 250m2 | 2 Kamar Tidur Utama + Kamar Mandi dengan Bathtub | | Instalasi WIFI Iconnect | | Instalasi Listrik 5500 - Air | | Ruang tamu besar + halaman belakang dalam ruangan kecil | | 1 kamar pembantu + toilet | | Ruang peralatan | | Garasi untuk 1 mobil + 3 sepeda motor | | Kolam renang pribadi 35 m x 7 m | | Teras dengan taman yang indah | Biaya tambahan: Pembersihan kolam renang 2x seminggu Biaya sampah Biaya interne Berlokasi di Sanur villa ini memberikan kemudahan akses ke berbagai fasilitas menarik. Segera ambil kesempatan untuk menikmati pengalaman tinggal di kawasan Sanur yang nyaman ini! Kontak segera untuk informasi lebih lanjut!,,Agen Properti di Tangerang,,https:/picture.rumah123.com/r123-images/300x300-crop/customer/2148082/f7930e68742d95e15c38eb3b829f9bf4.jpg,https://www.rumah123.com/properti/denpasar-sanur/disewakan-la-east-villa-sanur-bagus-siap-huni-denpasar-bali-vlr207283/
Villa For Rent Located At Puri Gading Jimbaran Kuta Selatan,Rp 190.000.000,year,Villa For Rent Located At Puri Gading Jimbaran Kuta Selatan | vlr147831,2,3,,,,For Rent : Villa Building Area : 132 sqm Address : Puri Gading Jimbaran Annual Rental Price : Rp. 190.000.xxx or IDR. 190 Million Monthly Rental Price : Rp. 18.000.000 or IDR. 18 Million Specification. - 1 Floor - Full furnished - 2 Bedroom + Air Conditioner - 3 Bathroom - Family room - Dining room - Kitchen - Small pool - Washing machine - Garage - CCTV - Wifi / Internet conection - Electricity 5500 - Water well + PDAM - Motor cycle space - Parking area EXCLUDE - Electricity room + kitchen - Drinking water - Gas stove By owner INCLUDE - Poolman cleaning once a week - Pool Electricity - Water (PDAM) - Wi Fi & cctv fee - Rubbish collection + fee - community fee Accessibility - 10 minutes to Garuda Wisnu Kencana Culture Park - 10 minutes to Sidewalk Jimbaran - 12 minutes to Muaya Beach - 12 minutes to Udayana Campus and Hospital - 13 minutes to Jimbaran Beach - 15 minutes to Honeymoon Beach - 15 minutes to New Kuta Golf - 16 minutes to Balangan Beach - 17 minutes to Melasti Beach - 17 minutes to Greenbowl Beach - 18 minutes to Kubu Beach Private Park - 19 minutes to Dreamland Beach - 20 minutes to Nunggalan Beach - 20 minutes to Pandawa Bukit Golf & Country Club - 21 minutes to Bingin Beach - 22 minutes to Pura Luhur Uluwatu - 22 minutes to Kedonganan Fish Market - 22 minutes to Pandawa Beach - 22 minutes to Gunung Payung Beach - 23 minutes to Padang Padang Beach - 23 minutes to the beach Nyang Nyang - 24 minutes to Kelan Beach - 24 minutes to Sawangan Beach - 27 minutes to Thomas Beach - 27 minutes to ITDC Nusa Dua - 28 minutes to Suluban Beach and Uluwatu Beach - 29 minutes to Kuta Beach - 31 minutes to I Gusti Ngurah Rai International Airport - 31 minutes to Discovery Mall Kuta - 31 minutes to Sunset Riad Kuta - 31 minutes to Nusa Dua Beach - 34 minutes to Tanjung Benoa - 38 minutes to Legian Beach - 38 minutes to Seminyak Beach,,Agen Properti di Tangerang,,https:/picture.rumah123.com/r123-images/300x300-crop/customer/2173367/ee332b7887507d1fb0ebe8832c8fc273.jpg,https://www.rumah123.com/properti/badung-jimbaran/villa-for-rent-located-at-puri-gading-jimbaran-kuta-selatan-vlr147831/
Villa Disewakan Pertahun Terletak di Jalan Pantai Balangan Jimbaran,Rp 235.000.000,year,Villa Disewakan Pertahun Terletak di Jalan Pantai Balangan Jimbaran | vlr203525,3,3,,,,Disewakan : Villa Alamat : Jalan Pantai Balangan Jimbaran Kuta Selatan Harga sewa per-tahun : Rp. 235 JT / IDR. 235 Million Harga sewa per-bulan : Rp. 228 JT / IDR. 228 Million Spesifikasi. 2 Floor Fully Furnished 3 Bedroom 3 Bathroom Family room Dinning room Kitchen Swimming pool Balcony Motor Cycle parking,,YATSKI (KKVA)Agen Korporat,,https:/picture.rumah123.com/r123-images/300x300-crop/customer/2173367/1169839522440c45af63954167ff6c5c.jpg,https://www.rumah123.com/properti/badung-jimbaran/villa-disewakan-pertahun-terletak-di-jalan-pantai-balangan-jimbaran-vlr203525/
Villa For Yearly Rent Located Around Taman Griya Nuansa Udayana Jimbaran,Rp 180.000.000,year,Villa For Yearly Rent Located Around Taman Griya Nuansa Udayana Jimbaran | vlr150874,3,4,,,,For Rent : Ready-to-occupy house Address : Near Taman Griya Nuansa Udayana Jimbaran Land area : 300 m2 Building area : 200 m2 Dimensions: (length) 30 meters x (width) 10 meters Orientation : North Annual rental price : Rp. 180.000.xxx or IDR 180 Million (for one year) Security deposit : Rp. 30.000.000 or IDR. 30 Million (will be returned after the rental period ends) Grand Total : Rp. 210.000.xxx or IDR. 210 Million NOT INCLUDED: - Electricity - Drinking water - Gas stove - Garbage disposal fees Specifications. - One gate system - 2 floors - Fully furnished - 3 bedrooms - 4 bathrooms - Living room - Dining room - Kitchen - Terrace - Garden - Swimming pool - Garage 2 carports - Electricity 5500 watt - Water supply PDAM Accesibility. - The villa is located near Taman Griya Nuansa Udayana Jimbaran. - Many culinary vendors minimarkets and ATMs are available in the surrounding area. - The surrounding area is home to many public schools from elementary to junior high and high school levels. - 2 minutes to the Ngurah Rai Jimbaran Bypass. - 5 minutes to Udayana University and Hospital. - 8 minutes to the Bali Mandara Toll Gate in Nusa Dua. - 8 minutes to Kedonganan Beach. - 9 minutes to Jimbaran Beach. - 13 minutes to Garuda Wisnu Kencana Cultural Park. - 13 minutes to ITDC Nusa Dua. - 14 minutes to I Gusti Ngurah Rai International Airport. - 15 minutes to Nusa Dua Beach. - 17 minutes to Geger Beach. - 17 minutes to Sawangan Beach. - 19 minutes to Kuta Beach. - 24 minutes to Gunung Payung Beach. - 26 minutes to Melasti Beach. - 27 minutes to Legian Beach. - 27 minutes to Pandawa Beach. - 27 minutes to Dreamland Beach. - 30 minutes to Seminyak Beach. - 31 minutes to Balangan Beach. - 32 minutes to Uluwatu Temple. - 33 minutes to Denpasar City. - 33 minutes to Nyang Nyang Beach. - 35 minutes to Padang Padang Beach. - 36 minutes to Bingin Beach.,,Agen Properti di Tangerang,,https:/picture.rumah123.com/r123-images/300x300-crop/customer/2173367/43003ed32fd9a71af94a065d09b4850e.jpg,https://www.rumah123.com/properti/badung-jimbaran/villa-for-yearly-rent-located-around-taman-griya-nuansa-udayana-jimbaran-vlr150874/
Villa Disewakan Perbulan Atau Pertahun Terletak Di Sekitar Jalan Raya Abianbase Dalung,Rp 12.000.000,month,Badung,1,1,,,,Disewakan : Villa Sederhana - Harga sewa tahunan : Rp. 130.000.xxx- / IDR. 130 Million. Exclude : token listrik dan PDAM. - Harga sewa bulanan : Rp. 12.000.000- / IDR. 12 Million. Exclude : token listrik dan PDAM. Luas tanah : 110 meter persegi Luas bangunan : 45 meter persegi Full Furnhised 1 Kamar tidur + AC 1 Tempat tidur 1 Kamar mandi Kolam renang Taman Dapur Jemuran Parkir motor Air : PDAM Listrik : 2200 watt FOR RENT : MINIMALIST VILLA - Rental price for Yearly : IDR 130000000- / IDR 130 Million. Exclude: electricity token and PDAM. - Monthly rental price: IDR 12000000- / IDR 12 Million. Exclude: electricity token and PDAM. Land area : 110 square meters Building area : 45 square meters Fully Furnished 1 Bedroom + AC 1 Bed 1 Bathroom Swimming pool Garden Kitchen Clothing line Motorcycle parking Water: PDAM Electricity: 2200 watts Geographical and Social Advantages - Ready-to-occupy villa located in a quiet and safe environment. - Surrounding area has many Mini Markets ATMs and culinary traders. - 13 minutes to Mengwi. - 17 minutes to Jalan Raya Canggu. - 19 minutes to Jalan Raya Kerobokan. - 19 minutes to Lima Beach. - 20 minutes to Pererenan Beach. - 21 minutes to Seseh Beach. - 23 minutes to Tabanan. - 24 minutes to Canggu Fisherman's Beach. - 24 minutes to Berawa Beach. - 24 minutes to Cemagi Beach. - 24 minutes to Mengening Beach. - 25 minutes to Batu Belig Beach. - 26 minutes to Canggu Beach. - 26 minutes to Batu Bolong Beach. - 28 minutes to Munggu Beach. - 28 minutes to Nuanu. - 29 minutes to Petitengget Beach. - 29 minutes to Seminyak Beach. - 29 minutes to Tanah Lot. - 30 minutes to Kedungu Beach. - 30 minutes to Denpasar City. - 32 minutes to Nyanyi Beach. - 34 minutes to Nyeh Gangga Beach. - 38 minutes to Kelanting Beach. - 38 minutes to Kuta. - 41 minutes to Pasut Beach. - 44 minutes to Ubud. - 45 minutes to I Gusti Ngurah Rai Airport. - 49 minutes to Jimbaran. - 53 minutes to ITDC Nusa Dua. - 58 minutes to Garuda Wisnu Kencana Culture Park. - 1 hour 21 minutes to Nyang Nyang Beach.,,Agen Properti di Tangerang,,https:/picture.rumah123.com/r123-images/300x300-crop/customer/2173367/7926c2b112a8ef40ad9c5c18dc5920d9.jpg,https://www.rumah123.com/properti/badung-dalung/villa-disewakan-perbulan-atau-pertahun-terletak-di-sekitar-jalan-raya-abianbase-dalung-vlr120920/
Brand New Villa Disewakan Terletak Di Perumahan Puri Gading Jalan Raya Uluwatu Jimbaran,Rp 300.000.000,year,Brand New Villa Disewakan Terletak Di Perumahan Puri Gading Jalan Raya Uluwatu Jimbaran | vlr186008,3,4,,,,Vila Baru 3 Kamar Tidur - Jimbaran Puri Gading Berlokasi ideal di kawasan perumahan yang tenang vila ini menawarkan 3 kamar tidur besar yang luas dengan AC di setiap kamar. Baru direnovasi bergaya segar dan modern. SPESIFIKASI VILLA. Luas tanah 135 m² Luas bangunan 232 m² 3 Kamar Tidur 3 Kamar Mandi 1 Toilet Tamu AC di setiap kamar tidur Ruang tamu tertutup Kipas angin langit-langit Dapur lengkap Furnitur lengkap Kolam renang pribadi Pemanas air Wifi hingga 100Mbps Teras Balkon Tempat parkir muat mobil & motor Tersedia Harian Bulanan dan Tahunan. Diperlukan Uang Jaminan. PAKET BULANAN TERMASUK. - Wifi - Kebersihan - Perawatan kolam renang - Penggantian seprai & handuk LOKASI TERDEKAT. - Pepito Express 1 menit - GWK 3 menit - Sekolah Internasional Taman Rama 3 menit - Pasar tradisional 3 menit - Pantai Jimbaran 10 menit - Pantai Balangan 17 menit Harga Harian : Rp. 15 juta/malam Bulanan: Rp. 30 juta/bulan Tahunan: Rp. 300 juta/tahun Deposit Jaminan Dapat Dikembalikan Bulanan : Rp. 5 juta Tahunan: 10% 3 Bedrooms New Villa - Jimbaran Puri Gading Perfectly located in quiet residential area this villa offers 3 spacious big bedrooms with Air-Conditioner on each bedroom. Newly renovated fresh and modern style. VILLA DETAILS Land size 135 sqm Building size 232 sqm 3 Bedrooms 3 Bathrooms 1 Guest Toilet AC on each bedrooms Enclosed Living room Ceiling Fan Kitchen fully equipped Fully Furnish Private Pool Water Heater Wifi up to 100Mbps Terrace Balcony Parking Space fit Car & Motorbike Available Daily Monthly and Yearly ‼️ Security Deposit Required MONTHLY INCLUDE - Wifi - Cleaning - Pool Maintenance - Linen & Towel Replacement LOCATION NEARBY - Pepito Express 1 minutes - GWK 3 minutes - Taman Rama International School 3 minutes - Local Market 3 minutes - Jimbaran Beach 10 minutes - Balangan Beach 17 minutes For the price Daily: IDR. 1.5 Million/night Monthly: IDR. 30 Million/month Yearly: IDR. 300 Milluon/year Security Deposit Refundable Monthly : IDR. 5 Million Yearly : 10%,,Agen Properti di Tangerang,,https:/picture.rumah123.com/r123-images/300x300-crop/customer/2173367/2444541afea4d1af29e5b3be4b41d3b5.jpg,https://www.rumah123.com/properti/badung-jimbaran/brand-new-villa-disewakan-terletak-di-perumahan-puri-gading-jalan-raya-uluwatu-jimbaran-vlr186008/
Villa For Yearly Rental Ready To Move In Located Around Dharmawangsa Street Benoa Nusa Dua,Rp 360.000.000,year,Badung,3,3,,,,For Rent : Ready-to-move-in villa Address: Near Jalan Darmawangsa Benoa Nusa Dua Land area : 315 sqm Building area : 450 sqm Rental price per 6 months : IDR 200 million Rental price per year : IDR 300 million Selling Price : Rp. 55 Milyar / IDR. 55 Billion Specifications. 2 Floors Fully furnished 3 Bedrooms 3 Bathrooms + bathtub Living room Marble floor Kitchen Balcony Private pool Garden Basement Accessibility. - 9 minutes to Pandawa Golf & Country Hill - 11 minutes to Gunung Payung Beach - 11 minutes to Green Bowl Beach - 12 minutes to Pandawa Beach - 13 minutes to Sawangan Beach - 13 minutes to Nusa Dua Beach - 15 minutes to Melasti Beach - 15 minutes to Garuda Wisnu Kencana Culture Park - 19 minutes to Tanjung Benoa - 23 minutes to Nunggalan Beach - 25 minutes to Nyang Nyang Beach - 25 minutes to I Gusti Ngurah Rai International Airport - 37 minutes to Sanur Beach,,Agen Properti di Tangerang,,https:/picture.rumah123.com/r123-images/300x300-crop/customer/2173367/761e75faf24423a6840d9ec9774b9ecc.jpg,https://www.rumah123.com/properti/badung-benoa/villa-for-yearly-rental-ready-to-move-in-located-around-dharmawangsa-street-benoa-nusa-dua-vlr220656/
Spacious Three Bedroom Furnish Villa In Sanur Close To The Beach,Rp 275.000.000,year,Spacious Three Bedroom Furnish Villa In Sanur Close To The Beach | vlr233264,3,4,,,,F O R R E N T Spacious Modern Balinese Villa in Central Sanur - Sekuta ✅ flood free ✅ quiet and strategic area ✅ fully furnish ✅ available for long term Details: - One storey - Land area 250 sqm - Building area 200 sqm - 3 bedrooms ensuites bathroom - 3 bathroom (2 with bath tub) - Guest toilet - Kitchen - Living room - Private pool - Garden - Storage - Garage for 1 car & 2 scooters - Electricity 7.700 w - Deep well water with filter Prime Location with expart neighbourhood: - 2 mins to Pande Putri Supermarket - 5 mins to Simply Padel Sanur - 7 mins to Bali Island School & Grand Lucky Sanur - 8 mins to Sindhu Beach - 8 mins to Bali International Hospital - 10 mins to Icon Mall - 25 mins to Airport Price 275.000.xxx/year,,Agen Properti di Tangerang,,https:/picture.rumah123.com/r123-images/300x300-crop/customer/2011876/c2bc741c580b11be30ad340b6baf62b2.jpg,https://www.rumah123.com/properti/denpasar-sanur/spacious-three-bedroom-furnish-villa-in-sanur-close-to-the-beach-vlr233264/
Modern Luxury And Spacious Villa In Kerobokan Premium Area,Rp 400.000.000,year,Modern Luxury And Spacious Villa In Kerobokan Premium Area | vlr231767,3,3,,,,VILLA FOR RENT and FOR SALE LEASEHOLD 24 YEARS Located in Kedampang Kerobokan. Prime area close to Umalas Canggu Seminyak and Kerobokan Center. Details : - Land size: 200 sqm - Building size: 258 sqm - 3 Bedrooms - 3 Bathrooms - 1 Guest toilet - Enclosed living & dining area - Swimming pool 3x7 m - Car park - Rooftop garden - Laundry & drying room - Storage room - Balcony - Sunken pool Price: IDR 400 million / year Code : WND-02,,Agen Properti di Tangerang,,https:/picture.rumah123.com/r123-images/300x300-crop/customer/2011876/d828fb42f76277d69a27b0d5e9caa621.jpg,https://www.rumah123.com/properti/badung-kerobokan/modern-luxury-and-spacious-villa-in-kerobokan-premium-area-vlr231767/
Modern Three Bedroom Villa In Central Kerobokan Close To Canggu,Rp 285.000.000,year,Modern Three Bedroom Villa In Central Kerobokan Close To Canggu | vlr220467,3,2,,,,Modern Minimalist Villa in Central Kerobokan Located in the heart of Kerobokan this modern 3-bedroom villa sits right between Seminyak Canggu and Denpasar - a truly strategic area for both living and investment. Enjoy fast access to schools cafés beaches and lifestyle hubs while still living in a quiet residential neighborhood. A perfect choice for families expats or long-term rental. ⸻ Prime Location 	-	3 mins to Bali Kiddy School 	-	5 mins to Lollypop Preschool 	-	8 mins to Petitenget 	-	10 mins to Umalas 	-	15 mins to Canggu & Berawa ⸻ Villa Details: 	-	Land 143 sqm | Building 150 sqm 	-	3 Bedrooms | 2 Bathrooms 	-	Staff room + guest toilet 	-	Fully furnished 	-	Enclosed living & kitchen 	-	Private pool small garden balcony 	-	Carport | 8m road access Price: Yearly: Idr 285 millions Code: WND-02,,Agen Properti di Tangerang,,https:/picture.rumah123.com/r123-images/300x300-crop/customer/2011876/f0e17b0e06d8729d86c31fb01a86acc8.jpg,https://www.rumah123.com/properti/badung-kerobokan/modern-three-bedroom-villa-in-central-kerobokan-close-to-canggu-vlr220467/
For Rent Privat Villa 1 Brbwith Fantastic View Near To Pepito N Beach,Rp 180.000.000,year,Badung,1,1,,,,For rent 1 year private villa in Lovina area just 900 meter to the beach beautiful area 1 bedroom 1 bathroom swimming pool kitchen living Room Tentang Akomodasi Lokasi Menginap di Villaini saat anda sedang berada di Lovina adalah sebuah pilihan cerdas. akomodasi ini cukup mudah dijangkau karena berdekatan dengan fasilitas publik. Villa ini tempat bermalam yang tepat bagi Anda yang berlibur bersama keluarga. Nikmati segala fasilitas hiburan untuk Anda dan keluarga. akomodasi ini adalah pilihan tepat bagi Anda dan pasangan yang ingin menikmati liburan romantis. Dapatkan pengalaman yang penuh kesan bersama pasangan dengan menginap di villa ini Villa ini adalah pilihan tepat bagi Anda yang ingin menghabiskan waktu dengan berbagai fasilitas mewah. Nikmati kualitas layanan terbaik dan pengalaman mengesankan selama menginap di akomodasi ini. Tersedia kolam renang untuk Anda bersantai sendiri maupun bersama teman dan keluarga. WiFi tersedia di seluruh area publik properti untuk membantu Anda tetap terhubung dengan keluarga dan teman. Pelayanan yang baik dengan harga terjangkau akan membuat Anda merasa nyaman menginap di sini,,Agen Properti di Tangerang,,https:/picture.rumah123.com/r123-images/300x300-crop/customer/1355377/1f4d9e58e82bee002df5ae9d7788e2d4.jpg,https://www.rumah123.com/properti/buleleng-lovina/for-rent-privat-villa-1-brbwith-fantastic-view-near-to-pepito-n-beach-vlr42514/
For Sale Hotel Di Nusa Dua Sisa Sewa 50 Tahun Hanya 55 Miliar,Rp 55.000.000.000,year,Badung,48,48,,,,DIJUAL HOTEL AREA TANJUNG BENOA NUSADUA BALI.FRONT BEACH.HRG 55M NEGO.LUAS BANGUNAN 3.714M2.LUAS TANAH 4000M2.KM TIDUR 48.KAMAR MANDI 48.GARASI PARKIRAN 10MBIL LBH.SHM.JIKA BUYERS MAU SEWA MIN 50THN,,Agen Properti di Tangerang,,https:/picture.rumah123.com/r123-images/300x300-crop/customer/1355377/ea9743335b329f2cef53982aa212768d.jpg,https://www.rumah123.com/properti/badung-nusa-dua/for-sale-hotel-di-nusa-dua-sisa-sewa-50-tahun-hanya-55-miliar-vlr148735/
Rumah Disewakan di Tangep Mengwi,Rp 135.000.000,year,Badung,,2,,,,Brand new villa located at tangeb mengwi badung area is now ready to lease for long term. A quite and secluded area with ricefield view infront of it. Details 2 floors building 100 sqm for the land size 2 bed rooms upstairs at second floor 2 bathrooms for each bed room Pool ( jaccuzi style ) 1 guest toilet downstair Enclosed living room and kitchen Furnished include with Air cond Kitchen set Storage Sofa set Garage for car or bikes 5 m road access Rice field view Quiet and calm location Not so many building near of the villa. Price for lease hold : IDR 135 million per year for 10 year IDR 120 million per yesr for 20 year,,Agen Properti di Tangerang,,https:/picture.rumah123.com/r123-images/300x300-crop/customer/4369804/da9d8f8e2f887e4a9f04daf18c07bb24.jpg,https://www.rumah123.com/properti/badung-mengwi/rumah-disewakan-di-tangep-mengwi-vlr228535/
Disewakan Villa 1 Lantai di Sanur,Rp 320.000.000,year,Disewakan Villa 1 Lantai di Sanur | vlr234375,,4,,,,Jati Joglo Villas Address: Sanur Kec. Denpasar Sel. Kota Denpasar Bali 80228 -	5 minutes to Sanur Beach -	6 minutes to Mertasari Beach -	5 minutes to Sindhu Beach -	5 minutes to Sanur Center tourism -	3 minutes to Bali Mandara Hospital -	20 minutes to Airport Ngurah Rai Villa's facilities with Land size 300m2 building size 150-200m2 : 1. 3 Bedrooms + 3 Bathrooms + private pool ( 3x7m2 ) + 3 air conditioning in every room 2. Living/TV outdoor area 3. Dining and kitchen outdoor area 4. Garden 5. Water heater 6. Fully equipped kitchenette+refrigerator 7. Guest toilet 8. Fast Wifi Dedicated package 9. Smart TV LED / TV channel 10. Swing chair 11. Sundeck/ bean bag chair 12. Sun umbrella 13. Storage/Maid room 14. Washing machine 15. Clothesline/Ironing 16. Open pool shower 17. Private Garage 18. Electricity Power pulse 5.500 Kwh Room's facilities: 1. King/Queen/Twin size bed 2. Bathroom ( bath up only in master bathroom) 3. Air Conditioning 4. TV ( in master bedroom ) 5. Cupboard 6. Table and chair 7. Corner desk and lamp,,Agen Properti di Tangerang,,https:/picture.rumah123.com/r123-images/300x300-crop/customer/4369804/8eb214ba5dd9efaee0606d69b0b710ae.jpg,https://www.rumah123.com/properti/denpasar-sanur/disewakan-villa-1-lantai-di-sanur-vlr234375/
For Rent Villa Ubud See Rice Fields Bali,Rp 30.000.000,month,For Rent Villa Ubud See Rice Fields Bali | vlr235795,2,2,,,,3 bedrooms 3 bathrooms and a mini kitchen Spacious garden and swimming pool Stunning views of beautiful rice fields Price: 30 million rupiah/month wenwen.property 0812xxxxxxxx,,Agen Properti di Tangerang,,https:/picture.rumah123.com/r123-images/300x300-crop/customer/4348172/648c16882b735846d9140d03f6fe9e74.jpg,https://www.rumah123.com/properti/gianyar-ubud/for-rent-villa-ubud-see-rice-fields-bali-vlr235795/
Villa Furnish Jimbaran Bangunan Baru 5 Menit Menuju Pantai,Rp 15.000.000,month,Villa Furnish Jimbaran Bangunan Baru 5 Menit Menuju Pantai | Rumah123,1,1,75 m²,50 m²,SHM,Villa Jimbaran Bangunan Baru 5 menit ke Pantai Lokasi di Jalan Taman Jimbaran Utama - Jimbaran Spesifikasi : Luas tanah 75 m2 Luas bangunan 50 m2 Bangunan 1 lantai 1 kamar tidur 1 kamar mandi Dapur Kolam renang pribadi Perabot lengkap Listrik 2200 watt Air PDAM Parkir area Harga : Rp.15.000.000 /Bulan Rp.125.000.xxx / Tahun Rp.7500000xxxx tahun masa sewa,,Edhie PrabowoAgen KorporatNIB:210324035****,,https:/picture.rumah123.com/r123-images/300x300-crop/customer/351613/2024-05-28-07-57-38-49fa5a4f-af66-49a9-9a21-adf500e8cded.jpg,https://www.rumah123.com/properti/badung-jimbaran/villa-furnish-jimbaran-bangunan-baru-5-menit-menuju-pantai-hor17219487/
Lease Hold Villa Ubud Br.Kepitu Kenderan View Jungle & River,Rp 275.000.000,year,Lease Hold Villa Ubud Br.Kepitu Kenderan View Jungle & River | Rumah123,2,3,1050 m²,165 m²,SHM,Lease Hold Villa Ubud Br.Kepitu Kenderan Ubud Map Location: ******** IDR 3650000.000 â Land Size 1050 M² â Building Size 165 M² â 2 Bed Room Whit Ac â 2 Bath Bathroom Whit Water Heater â 1 Living Room â 1 Kitchen Set â 1 Washing Mechine Room/Storage â Private Pool 35 M X 5.5 M â Water Heater Every Bath Room â Electricity 5500 Kwh â Fan In Living Room â Water Boreholes â¢ Big Garden â¢ Sport Yoga â¢ View Rice Field Jungle & River For Detail And Negotable Price Please Contact Me On Whatsapp : 0878xxxxxxxxOwner),,Putu Suratama (wayanjaka)Agen Independen,,https:/picture.rumah123.com/r123-images/300x300-crop/customer/666536/6509bc5ff3612920e7af9ac3c4f8e34b.jpg,https://www.rumah123.com/properti/gianyar-ubud/lease-hold-villa-ubud-brkepitu-kenderan-view-jungle-river-hor18319798/
Yearly rental - Brand New Villa Kerobokan 3 bedrooms,Rp 275.000.000,year,Yearly rental - Brand New Villa Kerobokan 3 bedrooms | Rumah123,3,3,185 m²,250 m²,Hak Sewa,Rental Brand New 3 Bedrooms Villa Modern Japandi Style Semi Furnished in Kerobokan Close Canggu Bali Location : Beluran - Kerobokan Details : . Land Area 185 m2 . Building size ± 250 m2 . 2 storey buildings . 3 Master Bedroom ensuite bathroom . 1 maids room + toilet . Laundry area . Storage room . Electricity 7700 Watt . Drill well water . Kitchen set + 4 AC + water heater . Garage cars . Road access 3 meter paving . Private Pool . Lush Garden . No IMB Rental Price IDR 275 Mio/year Minimal 2 years contract.,,Agen Properti di Tangerang,,https:/picture.rumah123.com/r123-images/300x300-crop/customer/45741/3fef391928f17bd9a51c03f8c863d867.jpg,https://www.rumah123.com/properti/badung-kerobokan/yearly-rental-brand-new-villa-kerobokan-3-bedrooms-hor40113820/
Yearly Rental Villa 3 Bedrooms Taman Sari Kerobokan,Rp 295.000.000,year,Yearly Rental Villa 3 Bedrooms Taman Sari Kerobokan | Rumah123,3,3,150 m²,120 m²,Hak Sewa,VILLA FOR RENT IN KEROBOKAN Taman Sari Land size 150 sqm Two storey building Property details: - 3 Bedrooms - ⁠3 Bathrooms - ⁠Guest toilet - ⁠Kitchen - ⁠Living room - ⁠Dining area - ⁠Garden - ⁠Swimming pool - ⁠Garage for 1 car - ⁠Wide road access - ⁠Electricity 5500 Price IDR 295.000.xxx/year (Available to move in asap) Include: wifi and pool maintenance,,Agen Properti di Tangerang,,https:/picture.rumah123.com/r123-images/300x300-crop/customer/45741/f0e17b0e06d8729d86c31fb01a86acc8.jpg,https://www.rumah123.com/properti/badung-kerobokan/yearly-rental-villa-3-bedrooms-taman-sari-kerobokan-hor41005950/
Yearly Rental 3 Bedrooms Villa In Kerobokan Bali,Rp 225.000.000,year,Yearly Rental 3 Bedrooms Villa In Kerobokan Bali | Rumah123,3,3,230 m²,200 m²,SHM,Yearly rent 3 Bedrooms villa semi unfurnished close to Canggu in Kerobokan Badung Location : Tanah Sampi - Kerobokan Details : . Land size 230 sqm . Building size ± 200 sqm . 2 storey building . 3 bedrooms . 3 bathrooms . 1 guest toilet . Drill well water . Electricity 7700 kwh . Access road 4 meters . Private pool . Garage . 3 AC . Water heater . Kitchen set Price IDR 225 Mio/Year,,Agen Properti di Tangerang,,https:/picture.rumah123.com/r123-images/300x300-crop/customer/45741/3421e2c8c5a608a105b7f6d091946e6b.jpg,https://www.rumah123.com/properti/badung-kerobokan/3-bedrooms-villa-for-rent-in-kerobokan-bali-hor18522569/
Disewakan Villa 3 Kamar Tidur di Umalas. Kerobokan,Rp 200.000.000,year,Disewakan Villa 3 Kamar Tidur di Umalas. Kerobokan | vlr190845,,3,,,,Disewakan Villa Di Area Kerobokan Umalas Lingkungan sangat nyaman dengan view sawah yang hijau dan dekat pusat perbelanjaan fasilitas umum restoran dan cafe. Diskripsi: Luad Tanah: 150m² Luas Bangunan: 100m² Fasilitas: Kosongan/Unfurnised 3 Kamar Tidur 3 Kamar Mandi 1 Ruang Tamu Dapur Listrik 5500 Kwh Sumur Bor Taman AC Pemanas Air Kompor Gas Gazebo Carport Akses jalan 5 meter Harga : Rp. 200 Juta/Tahun Masa sewa: Minimal 2-3 Tahun Hubungi: Frida 0811380xxxx Agent Discovery Property Bali,,Agen Properti di Tangerang,,https:/picture.rumah123.com/r123-images/300x300-crop/customer/1740433/aef511a4006595044b434f9fc75a0728.jpg,https://www.rumah123.com/properti/badung-umalas/disewakan-villa-3-kamar-tidur-di-umalas-kerobokan-vlr190845/
3-Bedroom Villa Unfurnished for Rent in Premium Sanur (72A1),Rp 280.000.000,year,3-Bedroom Villa Unfurnished for Rent in Premium Sanur (72A1) | Rumah123,3,3,140 m²,260 m²,SHM,Specifications & Facilities: Unfurnished Location: Jalan Sekuta Sanur Denpasar Land Size: 140 m² Building Size: 260 m² Bedrooms: 3 Bathrooms: 3.5 (3 full bathrooms + 1 guest powder room) Electricity: 7700 watt Water Supply: Bore well Orientation: South Facing Carport: Available for 1 car and motorcycles Title: Freehold (Sertifikat Hak Milik / SHM) Price: Rp 280000000 per year,,Agen Properti di Tangerang,,https:/picture.rumah123.com/r123-images/300x300-crop/customer/2161494/8dac3ce861026217b369fd2e69962ccd.jpg,https://www.rumah123.com/properti/denpasar-sanur/3bedroom-villa-unfurnished-for-rent-in-premium-sanur-72a1-hor39954713/
DIJUAL LEASEHOLD 26 TAHUN VILLA MODERN TROPIS MEWAH DI SEMINYAK - OASIS KEMEWAHAN ANDA MENANTI - SDLK069,Rp 22.000.000.000,year,DIJUAL LEASEHOLD 26 TAHUN VILLA MODERN TROPIS MEWAH DI SEMINYAK - OASIS KEMEWAHAN ANDA MENANTI - SDLK069 | vlr37088,2,2,,,,LEASEHOLD 26 YEARS Nestled in the vibrant heart of Seminyak this luxurious tropical modern villa epitomizes elegance and convenience. Its prime location offers effortless access to Ngurah Rai International Airport ensuring smooth arrivals and departures. The villa is also just a short drive from Seminyak's renowned beaches and the trendy area of Canggu placing you close to Bali's most sought-after destinations. The villa features two beautifully appointed bedrooms and two contemporary bathrooms providing a perfect blend of comfort and style. The open-plan living area is designed to maximize natural light and seamlessly blends indoor and outdoor spaces. Surrounded by lush gardens this area creates a serene and private retreat ideal for both relaxation and entertaining guests. One of the villa's standout features is its private pool offering a tranquil oasis for leisurely swims and sunbathing. The surrounding garden enhances the sense of seclusion making it a peaceful escape from the bustle of the nearby attractions. This sophisticated residence combines modern luxury with tropical charm creating an exceptional living experience in one of Bali's most desirable locations. A3 A4 A5 A6 : IDR 2200000000 A7: Land Size: 150 m2 Building Size: 106 m2: Price: IDR 2370000000 B4: Land Size: 135 m2: Building Size: 100 m2; Price: IDR 2310000000 B5 B6 B7: Land Size: 132; Building Size: 102 m2; Price: IDR 2300000000 B8: Land Size: 150 m2: Building Soze: 106 m2; Price: IDR 2370000000,,Agen Properti di Tangerang,,https:/picture.rumah123.com/r123-images/300x300-crop/customer/1982683/109cbe754c2f4f5ac1fb51271ae2122e.jpg,https://www.rumah123.com/properti/badung-seminyak/villa-modern-tropis-mewah-di-seminyak-oasis-kemewahan-anda-menanti-sdlk069-vlr37088/
Rent/ Sewa New Villa At Legian Kuta Bali Close To Seminyak,Rp 240.000.000,year,Rent/ Sewa New Villa At Legian Kuta Bali Close To Seminyak | vlr231236,3,4,,,,Do 430- For rent new villa at legian kuta badung bali near seminyak airport Building 145 m2 3 Bedroom 4 Bathroom Privat swimming pool Parking area Not flooded/ bebas banjir Semi Furniture Price: 240 milion per years,,RiskayaniAgen Independen,,https:/picture.rumah123.com/r123-images/300x300-crop/customer/1830827/398cda61bef827fdb9d3629a6a33d764.jpg,https://www.rumah123.com/properti/badung-legian/rent-sewa-new-villa-at-legian-kuta-bali-close-to-seminyak-vlr231236/
Disewakan Rumah Furnish Newland Jimbaran Badung Denpasar,Rp 290.000.000,year,Disewakan Rumah Furnish Newland Jimbaran Badung Denpasar | Rumah123,3,2,157 m²,147 m²,Lainnya,Tipe Properti: villa Tipe Transaksi: sewa Harga: 290 juta / tahun. Tidak termasuk listrik air gas internet dan cleaning. Security deposit : 25 juta. ( Refundable ). Alamat: Newland Jimbaran Jalan Uluwatu gang Bukitsari Banjar Mekarsari Jimbaran Kuta Selatan Badung Bali. 80361 Hadap: Selatan SHM IMB: induk LT: 1575 LB: 147 Lebar: 105 Panjang: 15 KT: 3 + 1 KM: 2 + 1 Listrik: 5500 Air: bor Furnished KETERANGAN LAIN/ CATATAN: Biaya Perawatan Lingkungan ditanggung oleh Pemilik.,,Agen Properti di Tangerang,,https:/picture.rumah123.com/r123-images/300x300-crop/customer/1823284/42bfbcf7b326e8aad611cd60bc689758.jpg,https://www.rumah123.com/properti/badung-jimbaran/disewakan-rumah-furnish-newland-jimbaran-badung-denpasar-hor40473954/
Disewakan Villa Dekat Pantai Nusa Dua Bali,Rp 200.000.000,year,Nusa Dua Badung,2,2,,,,Villa di Nusa Dua. Temukan villa 2 lantai yang asri ini disewakan menghadirkan lingkungan fasilitas yang lengkap cocok untuk Anda yang menginginkan hunian aman dekat pantai dan tempat wisata tanjung benoa Nusa dua Spesifikasi Utama Properti: - Kamar Tidur: 2 - Kamar Mandi: 2 Fitur unggulan: - Full Furnished. - Bebas Banjir. - Dekat Tempat Wisata. - Dekat Akses Tol. - Lokasi Pinggiran Kota. - Adem & Sejuk. - Lingkungan Tenang dan Damai. Terletak di Nusa Dua villa ini memberikan kemudahan akses ke berbagai fasilitas menarik. Dengan harga Rp. 20.000.000 anda bisa memiliki hunian terbaik yang sudah siap huni. Jangan lewatkan kesempatan untuk menikmati pengalaman tinggal di kawasan Nusa Dua yang nyaman ini! Hubungi segera untuk informasi lebih lanjut!,,NYOMAN PUTRAAgen KorporatNIB:812001416****,,https:/picture.rumah123.com/r123-images/300x300-crop/customer/1445641/54b97d894f2777b503733057fe344ae6.jpg,https://www.rumah123.com/properti/badung-nusa-dua/disewakan-villa-dekat-pantai-nusa-dua-bali-vlr227357/
Disewakan Villa One Gate System Dalung Kerobokan Near Canggu,Rp 200.000.000,year,Disewakan Villa One Gate System Dalung Kerobokan Near Canggu | vlr228540,2,2,,,,One Gate System LT 110M Private Pool (Aesthetic Bali's Villa) 2 BR (Ensuite Bathroom) + 1 Powder Room + Laundry Room Living Room Pantry (Kitchen) Area Luxury Full Furnish (King Koil Grand Classic 200x200) Water Heater Smart TV 50' Washing Machine Microwave Hot and Cold Dispenser Wifi INDIHOME activated Krobokan badung bali Canggu area Nearly jalan Raya Canggu (300m) Plataran Canggu Bali Resort (1min) Pepito Market Canggu (5min) NOOK (12min) Finns (15min) Labrisa (15min) Berawa Beach (15min) Seminyak (18min) Petitenget Beach (20min) Sunset Road (20min) Rp 200 mio per year,,Agen Properti di Tangerang,,https:/picture.rumah123.com/r123-images/300x300-crop/customer/1445641/b6d617734a84688e437c77694a230c3a.jpg,https://www.rumah123.com/properti/badung-canggu/disewakan-villa-one-gate-system-dalung-kerobokan-near-canggu-vlr228540/
Guest House Disewakan Perbulan Atau Pertahun Terletak Di Jalan Abianbase Dalung Kuta Utara - Badung,Rp 55.000.000,month,Guest House Disewakan Perbulan Atau Pertahun Terletak Di Jalan Abianbase Dalung Kuta Utara - Badung | vlr134023,4,4,,,,Disewakan Guest House ; Per-Bulan atau Per-Tahun - Tarif harga sewa per-tahun : Rp. 55.000.000- / IDR. 55 Million (for year). Exclude : electricity credit. - Tarif harga sewa per-bulan : Rp. 5.500.000- / IDR. 55 Million. Exclude : electricity credit. Luas tanah : 200 meter persegi Luas kamar : 4 meter x 4 meter Full Furnhised 1 Kamar tidur + Air Conditioner 1 Tempat tidur 1 Kamar mandi Water heater Kulkas Lemari pakaian Meja Teras Taman bersama Dapur bersama Parkir motor For Rent Guest House : Yearly or Monthly - Rental price for Yearly : IDR 55000000- / IDR 55 Million. Exclude : electricity credit. - Rental price for Monthly : IDR 5500000- / IDR 55 Million. Exclude: electricity credit. Land area : 200 square meters Room size : 4 meter x 4 meter Fully Furnished 1 Bedroom + Ait Conditioner 1 Bed 1 Bathroom Water heater Refrigrator Wardrobe Common Garden Shared Kitchen Terrace Motorcycle parking Electricity: 2200 watts Geographical and Social Advantages - Ready-to-occupy villa located in a quiet and safe environment. - Surrounding area has many Mini Markets ATMs and culinary traders. - 13 minutes to Mengwi. - 17 minutes to Jalan Raya Canggu. - 19 minutes to Jalan Raya Kerobokan. - 19 minutes to Lima Beach. - 20 minutes to Pererenan Beach. - 21 minutes to Seseh Beach. - 23 minutes to Tabanan. - 24 minutes to Canggu Fisherman's Beach. - 24 minutes to Berawa Beach. - 24 minutes to Cemagi Beach. - 24 minutes to Mengening Beach. - 25 minutes to Batu Belig Beach. - 26 minutes to Canggu Beach. - 26 minutes to Batu Bolong Beach. - 28 minutes to Munggu Beach. - 28 minutes to Nuanu. - 29 minutes to Petitengget Beach. - 29 minutes to Seminyak Beach. - 29 minutes to Tanah Lot. - 30 minutes to Kedungu Beach. - 30 minutes to Denpasar City. - 32 minutes to Nyanyi Beach. - 34 minutes to Nyeh Gangga Beach. - 38 minutes to Kelanting Beach. - 38 minutes to Kuta. - 41 minutes to Pasut Beach. - 44 minutes to Ubud. - 45 minutes to I Gusti Ngurah Rai Airport. - 49 minutes to Jimbaran. - 53 minutes to ITDC Nusa Dua. - 58 minutes to Garuda Wisnu Kencana Culture Park. - 1 hour 21 minutes to Nyang Nyang Beach.,,Agen Properti di Tangerang,,https:/picture.rumah123.com/r123-images/300x300-crop/customer/2173367/1f95056b5b78450f4982a0f520498a72.jpg,https://www.rumah123.com/properti/badung-dalung/guest-house-disewakan-perbulan-atau-pertahun-terletak-di-jalan-abianbase-dalung-kuta-utara-badung-vlr134023/
Spacious 2 Bedroom Villa In Mas Ubud 5 Minutes To Ubud Center,Rp 230.000.000,year,Spacious 2 Bedroom Villa In Mas Ubud 5 Minutes To Ubud Center | Rumah123,2,2,100 m²,100 m²,Lainnya,Spacious and brand new 2-bedroom villa located in Mas Ubud only 5 minutes drive to Ubud Center. Perfect for long stay digital nomads or couples looking for a peaceful tropical living experience. Rental Price: - Monthly: IDR 25000000 - Yearly: IDR 230000000 Inclusions: - Free WiFi - Cleaning service 2x per week - Linen & towel change 1x per week - Pool maintenance - Garden maintenance - Drinking water - Garbage fee - Tissues & soap Excluded: - Electricity - Personal expenses (cooking gas drinking water tissues soap) Villa Features: - 2 Bedrooms - 2 Bathrooms - 2 Bathtubs - Water heater - Private swimming pool - Lush garden - Outdoor kitchen & dining area - Private entrance - Parking area Strategic and quiet location with easy access to Ubud center restaurants and shops. Location: Mas Ubud - Bali Available now for monthly or yearly rent.,,ArumAgen KorporatNIB:812001416****,,https:/picture.rumah123.com/r123-images/300x300-crop/customer/1710298/4834098a3cd555a175f16cbee27d1f7b.jpg,https://www.rumah123.com/properti/gianyar-ubud/spacious-2-bedroom-villa-in-mas-ubud-5-minutes-to-ubud-center-hor41088375/
Brand New Modern Villa Near Sanur Beach - 29 Years Leasehold,Rp 450.000.000,year,Brand New Modern Villa Near Sanur Beach - 29 Years Leasehold | Rumah123,3,3,140 m²,160 m²,Lainnya,For Leasehold - Brand New Villa near Sanur Beach Bali Land Size: 140 m² | Building Size: 160 m² Bedrooms: 3 Bathrooms: 3 Guest Toilets: 2 Kitchen Living Area Swimming Pool Fully furnished Carport 4-meter access road Features: - Fully furnished interior - Private swimming pool ±18 m² - Electricity 5500 W (PLN) - Groundwater with filtration system - Air conditioning & ceiling fans in all bedrooms - Water heaters in every bathroom - Ready for WiFi installation Located in Jalan Pungutan close to Sanur Beach and surrounded by restaurants cafes and daily amenities. Leasehold: 29 years - IDR 4.5 Billion Yearly rent option: IDR 450 Million,,ArumAgen KorporatNIB:812001416****,,https:/picture.rumah123.com/r123-images/300x300-crop/customer/1710298/5ce8273cd85836b0695685b54c5e96bc.jpg,https://www.rumah123.com/properti/denpasar-sanur/brand-new-modern-villa-near-sanur-beach-29-years-leasehold-hor41118149/
Luxury 6Br Villa For Rent In Canggu - Pool & Yoga Area,Rp 250.000.000,month,Luxury 6Br Villa For Rent In Canggu - Pool & Yoga Area | Rumah123,6,6,2400 m²,500 m²,Lainnya,Luxury villa with land size 24 are available for rent in Tibubeneng Kuta Utara Badung - Bali. Located in a strategic area close to Canggu's popular cafes restaurants and beaches. Perfect for private residence retreat or holiday stay. Property features: - 6 spacious bedrooms - 6 bathrooms - Comfortable living room - Private swimming pool - Dedicated yoga area - Garage - 4 meter road access Rental Price: IDR 15000000 / day IDR 250000000 / month This luxury villa offers a peaceful atmosphere with generous space ideal for those seeking comfort and exclusivity in one of Bali's most sought-after locations.,,Agen Properti di Tangerang,,https:/picture.rumah123.com/r123-images/300x300-crop/customer/1710298/985d1e65eaf5fe7359938bef8d7ff7fd.jpg,https://www.rumah123.com/properti/badung-canggu/luxury-6br-villa-for-rent-in-canggu-pool-yoga-area-hor41219325/
Rumah Modern Minimalis Dekat Sanur Reno Bali,Rp 225.000.000,year,Rumah Modern Minimalis Dekat Sanur Reno Bali | Rumah123,3,3,150 m²,200 m²,Lainnya,Brand-New Family-Friendly Semi Villa with Modern Homey Design 2 units available - identical layout & size Location: Jl. Tukad Balian Renon (Prime Area) Experience comfortable living in the heart of Renon with this brand-new semi villa designed with a modern aesthetic while still maintaining warm homey vibes. Perfect for families who want both style and practicality in a premium central location. Nearby Highlights: - 5 minutes to the traditional market - 6 minutes to Gandhi School - 7 minutes to supermarkets - 10 minutes to Renon Field - 10 minutes to BROS Hospital - 12 minutes to Mertasari Beach Sanur Property Features Modern - Homey - Family-Friendly 	-	Land size: 150 m² 	-	Building size: 200 m² 	-	3 Bedrooms (all with ensuite bathrooms) 	-	1 Functional Room (ideal for office kids' room or storage) 	-	1 Guest Toilet 	-	Fully furnished 	-	Enclosed living area with TV 	-	Dining area 	-	Modern kitchen set 	-	Sunken lounge with open-air concept 	-	Laundry area 	-	Carport 	-	Electricity: 4400 watts 	-	Water source: PAM 	-	Property facing North Rental Price: IDR 225000000 per year This villa is perfect for families seeking a brand-new home that blends modern living with a warm and inviting atmosphere - all in one of Renon's most strategic and premium locations.,,Agen Properti di Tangerang,,https:/picture.rumah123.com/r123-images/300x300-crop/customer/1876131/cbe156aa2c196adbb474683210a63d2c.jpg,https://www.rumah123.com/properti/denpasar-renon/rumah-modern-minimalis-dekat-sanur-reno-bali-hor40842659/
Vila 2 Lantai Dekat Bali Kiddy School Kerobokan Bali,Rp 175.000.000,year,Vila 2 Lantai Dekat Bali Kiddy School Kerobokan Bali | Rumah123,3,3,128 m²,120 m²,Lainnya,Disewakan Villa 2 Lantai Di Tamansari Dekat Bali Kiddy School Sewa Lokasi jalan tamansari Teuku Umar barat Luas tanah 128m Luas bangunan 120m Kamat Tidur 3 Kamar Mandi 3 Listrik 4400 Air sumur bor Pool Hadap selatan Dapur lengkap kitchen set modern Full furnished SHM Garasi bisa 2 mobil Akses jalan 5m 10 sampai 15 menit ke seminyak petitenget dan sunset road 30 menit ke bandara Harga 175jt/th nego Minimal sewa 2th,,GUSTUT (GKP)Agen KorporatNIB:912020578****,,https:/picture.rumah123.com/r123-images/300x300-crop/customer/1876131/f66a8fc51e713ce697a7670d7cfa4a1f.jpg,https://www.rumah123.com/properti/badung-kerobokan/vila-2-lantai-dekat-bali-kiddy-school-kerobokan-bali-hor41102901/
Vila 2 Bed Dekat Pantai Mertasari Sanur Bali,Rp 190.000.000,year,Vila 2 Bed Dekat Pantai Mertasari Sanur Bali | Rumah123,2,2,250 m²,200 m²,Lainnya,NEW OFFER - 3BR Villa for Long Lease - Sanur 10-year lease: IDR 1.5 Billion (Nett-full payment upfront) 20-year lease: IDR 2.6 Billion (Nett-full payment upfront) < 5 years for IDR 190Million (Nett) Idr 180 million nett / year Rented as-is basic furnished - ready to use or upgrade to your taste by Yourself In addition to the rent (Exclude): 	1.	Garbage collection 	2.	Electricity - depends on usage 	3. WiFi - currently using iConnect 60 Mbps 	5.	Garden maintenance & general cleaning Spesification Building area 200m2 Land area 250m2 5500 Watt | 2 Masterbedroom + Bathroom equipped Bathub | Iconnect WIFI - instalation| | Listrik 5500 - Water instalation | | Large livingroom + small indoor backyard | | 1 assistent room + toilet | | Equipment room | | Garage for 1 car + 3 motorcycle | | Privat Pool 35 m x 7 m | | Terace with beautifull garden | Site visit with H-1 appointment Monday-Friday Time 1700xxxx only Saturday-Sunday Time 1000xxxx,,Agen Properti di Tangerang,,https:/picture.rumah123.com/r123-images/300x300-crop/customer/1876131/e182eb61dfac29b9c1d0039e34560300.jpg,https://www.rumah123.com/properti/denpasar-sanur/vila-2-bed-dekat-pantai-mertasari-sanur-bali-hor41220516/
Villa 1 Lantai SHM di Kerobokan,Rp 170.000.000,year,Villa 1 Lantai SHM di Kerobokan | vlr235572,,3,,,,Villa 2 Lantai Semi Furnished di Kerobokan Disewakan villa dua lantai semi furnised berlokasi di area strategis Kerobokan dekat pusat kuliner supermarket dan area Seminyak-Canggu. Desain modern dengan tata ruang yang nyaman dan pencahayaan alami yang melimpah cocok untuk hunian jangka panjang maupun investasi sewa. Fasilitas: 	-	Kolam renang pribadi 	-	Kitchen set lengkap 	-	Kulkas 	-	Kompor + oven 	-	Smart TV 	-	Ruang tamu dan ruang makan luas 	-	Kamar tidur nyaman dengan kamar mandi dalam 	-	Area parkir Villa siap huni lingkungan tenang namun dekat berbagai fasilitas penting.,,Agen Properti di Tangerang,,https:/picture.rumah123.com/r123-images/300x300-crop/customer/1971647/0550c9d236a151b54c1c8ad9dfa02516.jpg,https://www.rumah123.com/properti/badung-kerobokan/villa-1-lantai-shm-di-kerobokan-vlr235572/
Villa 2Lantai SHM di Denpasar Selatan,Rp 350.000.000,year,Villa 2Lantai SHM di Denpasar Selatan | vlr235617,,7,,,,Rumah Mewah Eksklusif di Denpasar Selatan - Siap Huni & Sangat Prestisius Sebuah hunian premium berkelas yang memadukan kemewahan kenyamanan dan privasi dalam satu kesempurnaan. Berlokasi Denpasar Selatan rumah ini adalah pilihan ideal bagi Anda yang menginginkan gaya hidup elite di pusat kota Bali. Dibangun di atas lahan luas 390 m² dengan total bangunan ±500 m² rumah ini tampil megah dengan layout luas pencahayaan alami maksimal serta kualitas bangunan yang solid dan elegan. ✨ Highlight Utama: 5 Kamar Tidur luas - ideal untuk keluarga besar atau luxury residence 7 Kamar Mandi eksklusif - privasi & kenyamanan maksimal Private Swimming Pool - nuansa resort di rumah sendiri Full Furnished - interior mewah siap langsung ditempati Garasi 2 mobil + area parkir nyaman Hadap Timur - rumah terang sejuk dan membawa energi positif Listrik 4.400 VA & Sumur Bor - menunjang kebutuhan rumah besar Legalitas AMAN & LENGKAP v SHM v IMB Rumah ini bukan sekadar tempat tinggal melainkan simbol status dan investasi bernilai tinggi di Denpasar Selatan-area yang terus berkembang dan sangat diminati. Harga: Rp 72 Miliar (NEGO) Nilai yang sangat sepadan untuk rumah mewah luas lengkap dan siap huni di lokasi strategis. Rumah seperti ini jarang ada di pasaran. Jika Anda mencari hunian prestisius atau aset properti jangka panjang ini adalah kesempatan emas. Pengalaman terbaik adalah melihat langsung. Kapan waktu yang nyaman untuk kita atur viewing private?,,RATNA SARI (RASQ)Agen KorporatNIB:912020578****,,https:/picture.rumah123.com/r123-images/300x300-crop/customer/1971647/bf99d4611d709e98be07dbbfa5c1f42c.jpg,https://www.rumah123.com/properti/denpasar-denpasar-selatan/villa-2lantai-shm-di-denpasar-selatan-vlr235617/
3 Kamar Tidur Terpisah Dalam 1 Tempat Style Bali Garden Luas Sanur,Rp 495.000.000,year,3 Kamar Tidur Terpisah Dalam 1 Tempat Style Bali Garden Luas Sanur | vlr235568,,3,,,,Villa Style Bali dengan Garden Luas - Sanur Di sewa villa bergaya Bali yang asri dan nyaman di kawasan strategis Sanur. Berdiri di atas lahan seluas ±890 m² properti ini menawarkan suasana tenang dengan taman (garden) yang sangat luas dan kolam renang pribadi yang lapang. Spesifikasi: 	-	3 kamar tidur 	-	3 kamar mandi 	-	1 kamar pembantu dengan kamar mandi dalam 	-	Dapur luas dan fungsional 	-	Garasi untuk 2 mobil 	-	Kolam renang besar 	-	Taman luas dan tertata rapi Villa ini mengusung konsep hunian tropis khas Bali dengan area outdoor yang lega cocok untuk tempat tinggal keluarga maupun investasi properti di kawasan favorit Sanur.,,Agen Properti di Tangerang,,https:/picture.rumah123.com/r123-images/300x300-crop/customer/1971647/cd46fb6fce5085b0d16e2a8491b867c4.jpg,https://www.rumah123.com/properti/denpasar-denpasar-selatan/3-kamar-tidur-terpisah-dalam-1-tempat-style-bali-garden-luas-sanur-vlr235568/
Villa Modern Tropical Umalas Bumbak Kerobokan Badung Bali,Rp 555.000.000,year,Villa Modern Tropical Umalas Bumbak Kerobokan Badung Bali | vlr233267,3,3,250 m²,300 m²,SHM,DISEWAKAN VILLA UMALAS BUMBAK KEROBOKAN BADUNG BALI DISEWAKAN Rp. 555 JT perTAHUN MIN SEWA 1 TAHUN LT : 250 M2 LB : 300 M2 SHM HADAP BARAT VILLA 2 LANTAI FULL FURNISHED SWIMMING POOL R. TAMU DAPUR KAMAR TIDUR KAMAR MANDI LISTRIK 10.000 WATT AIR SUMUR BOR HALAMAN PARKIR AREA AKSES JALAN 45 METER,,Agen Properti di Tangerang,,https:/picture.rumah123.com/r123-images/300x300-crop/customer/69050/938aabcac805c12c8c068893bfd8bfd8.jpg,https://www.rumah123.com/properti/badung-kuta-utara/villa-modern-tropical-umalas-bumbak-kerobokan-badung-bali-vlr233267/
Brand New 3-Bedroom Villa For Rent & Sale At Gedong Sari Nusa Dua Bali,Rp 165.000.000,year,Nusa Dua Badung,3,3,,,,Brand New 3-Bedroom Villa for Rent & Sale at Gedong Sari Nusa Dua Bali Location: Nusa Dua Bali - a peaceful area close to beaches resorts and local attractions. Villa Features: - Land size 111 m2 - Building size 100 m2 * 3 spacious bedrooms each with its own ensuite bathroom * Private swimming pool - perfect for relaxing * Fully equipped kitchen with bar counter built-in stove modern sink and refrigerator * Cozy living area * Easy road access & safe neighborhood Ideal for families long-term stays or a comfortable holiday home in Bali. Yearly 165mill Monthly 17mill Exclude electricity Open for sale 1.7 Billion,,I NENGAH HANDIKA PUTRAAgen KorporatNIB:912000476****,,https:/picture.rumah123.com/r123-images/300x300-crop/customer/998671/9f8009f2c4f7149e0c70eb7ab4d0dfe8.jpg,https://www.rumah123.com/properti/badung-nusa-dua/brand-new-3bedroom-villa-for-rent-sale-at-gedong-sari-nusa-dua-bali-vlr211885/
Disewakan Villa di Jl. Tukad Balian Selatan Renon,Rp 350.000.000,year,https://www.rumah123.com/properti/denpasar-renon/disewakan-villa-di-jl-tukad-balian-selatan-renon-vlr230013/,3,3,,,,Disewakan Villa di Jl. Tukad Balian Selatan Renon Hadir dengan desain modern dan tata ruang yang lega villa menghadap barat ini menawarkan pencahayaan alami yang hangat saat sore hari menciptakan suasana tinggal yang nyaman elegan dan berkelas. * Luas bangunan 140 m² * Luas tanah 270 m² * 3 kamar tidur (1 master + 2 kamar tidur) * Kamar mandi dalam di setiap kamar * Kolam renang pribadi & taman kolam yang asri * Bathtub & air panas di kamar utama * Fully furnished (siap huni) * AC di setiap kamar * Listrik 5.500 kWh * Air PAM Harga Sewa: Rp. 350 Juta/tahun AL Pilihan ideal untuk hunian jangka panjang dengan privasi kenyamanan dan sentuhan lifestyle modern.,,I NENGAH HANDIKA PUTRAAgen KorporatNIB:912000476****,,https:/picture.rumah123.com/r123-images/300x300-crop/customer/998671/e07a0e96424280eb942957e1c4b9ba5a.jpg,https://www.rumah123.com/properti/denpasar-renon/disewakan-villa-di-jl-tukad-balian-selatan-renon-vlr230013/
For Rent 3 Bedroom Villa At Sanur Area,Rp 385.000.000,year,For Rent 3 Bedroom Villa At Sanur Area | vlr211257,3,3,,,,3-bedroom villa for rent in Sanur Bali Located on Bypass Garden Complex Sanur One-gate system Wide and well-maintained road access Strategic location Land area 200 m2 Building area 150 m2 3 bedrooms 3 bathrooms Living room Fully furnished 5500 watt electricity East facing 1 carport Rental price 385 million rupiah/year,,Agen Properti di Tangerang,,https:/picture.rumah123.com/r123-images/300x300-crop/customer/10230/81f5bb1c0c9bded39f4b36af8f7c02d9.jpg,https://www.rumah123.com/properti/denpasar-sanur/for-rent-3-bedroom-villa-at-sanur-area-vlr211257/
Disewakan Villa Bagus Area Tumbak Bayuh Canggu,Rp 240.000.000,day,Disewakan Villa Bagus Area Tumbak Bayuh Canggu | vlr234616,3,,,,,Disewakan Villa Bagus area Tumbak Bayuh Canggu Lokasi Strategis: 14 menit ke pantai Pererenan 15 menit Ke La Brisa Beach Club 24 menit ke Nuanu Creative City / Beach Club Detil properti: Luas Tanah 305m2 Luas Bangunan 210m2 3 Kamar Tidur 3 Kamar Mandi Lantai 1 Air Sumur Furnish Harga Sewa IDR 240 juta per tahun DK 07195,,Agen Properti di Tangerang,,https:/picture.rumah123.com/r123-images/300x300-crop/customer/1616144/77bbfddc39eb52a5b1f94cc9581277f2.jpg,https://www.rumah123.com/properti/badung-canggu/disewakan-villa-bagus-area-tumbak-bayuh-canggu-vlr234616/
Disewa Villa 4 Kamar Tidur Furnished With Pool di Sanur Bali,Rp 375.000.000,year,Disewa Villa 4 Kamar Tidur Furnished With Pool di Sanur Bali | vlr233490,,3,,,,Disewa Villa 4 Kamar Tidur Furnished with Pool di Sanur Bali Luas Tanah = 425 m² Luas Bangunan = 221 m² Lantai = 2 Kamar Tidur = 4 + 1 Kamar Mandi = 2 + 1 Powder Room Carport = 5 Mobil Kondisi = Furnished (6 AC + 3 TV + Sound Bar) Listrik = 5500 Watt Air = Sumur Sertifikat = SHM dan IMB lengkap Harga Sewa = 375 Juta / year min sewa 4 - 5 tahun Deposit = 25 juta Notes = *Private Pool *Gym *Office *Wide Road Access *Walking Closet *1 Gudang *1 Kamar Tidur ART dan 1 Kamar Mandi ART Akses ke : * 4 menit ke Titi Banda * 7 Menit ke Pantai Padang Galak * 7 Menit ke Warung Mak Beng * 10 Menit ke Sanur Harbour * 15 Menit ke Plaza Renon * 15 Menit ke Icon Mall Sanur #YL,,Agen Properti di Tangerang,,https:/picture.rumah123.com/r123-images/300x300-crop/customer/2128100/310bba9420df5bf159bd55a03bc4b97d.jpg,https://www.rumah123.com/properti/denpasar-sanur/disewa-villa-4-kamar-tidur-furnished-with-pool-di-sanur-bali-vlr233490/
Villa Cantik Siap Huni Tinggal di Puri Gading Jimbaran,Rp 300.000.000,year,Villa Cantik Siap Huni Tinggal di Puri Gading Jimbaran | Rumah123,3,4,135 m²,232 m²,SHM,Villa Baru 3 Kamar Tidur - Jimbaran Puri Gading ✨ Terletak strategis di kawasan perumahan yang tenang villa ini menawarkan 3 kamar tidur luas dengan AC di setiap kamar. Baru direnovasi dengan gaya modern dan segar. DETAIL VILLA Luas tanah 135 m2 Luas bangunan 232 m2 3 Kamar tidur 3 Kamar mandi dalam 1 Toilet tamu AC di setiap kamar tidur Ruang tamu tertutup Kipas angin langit-langit Dapur lengkap Perabotan lengkap Kolam renang pribadi Pemanas air Wifi hingga 100Mbps Teras Balkon Tempat parkir muat mobil & motor Tersedia Harian Bulanan dan Tahunan ‼️ Deposit Keamanan Diperlukan DIJUAL 35 Juta (Nego) Disewakan 2 juta / hari 30 juta / bulan 300 juta / tahun TERMASUK BULANAN - Wifi - Kebersihan - Perawatan Kolam Renang - Penggantian Linen & Handuk LOKASI TERDEKAT - Pepito Ekspres 1 menit - GWK 3 menit - Sekolah Internasional Taman Rama 3 menit - Pasar Lokal 3 menit - Pantai Jimbaran 10 menit - Pantai Balangan 17 menit Yohanes,,Agen Properti di Tangerang,,https:/picture.rumah123.com/r123-images/300x300-crop/customer/4443538/ceefe2702b8f79cd1089ff816c82db15.jpg,https://www.rumah123.com/properti/badung-jimbaran/villa-cantik-siap-huni-tinggal-di-puri-gading-jimbaran-hor41173109/
Villa Cantik 3 Kamar di Kerobokan Furnished dengan Pool dan Taman,Rp 250.000.000,year,Villa Cantik 3 Kamar di Kerobokan Furnished dengan Pool dan Taman | Rumah123,3,3,300 m²,150 m²,Lainnya,Your Serene Oasis in the Heart of Kerobokan ​Looking for a home that ticks all the boxes? This stunning 3-bedroom villa offers the perfect blend of modern luxury and peaceful living. Nestled on a quiet street near lush rice fields it's the ultimate retreat for you and your furry friends! ​Highlights you'll love: ✨ Brand New Feel: Premium furniture and appliances all less than 6 months old! Entertainment Ready: Massive 80' Smart TV for the ultimate movie nights. Sunset Vibes: Private rooftop views perfect for evening drinks. ‍♂️ Lush Living: Large private pool surrounded by a tropical garden. ​Everything is ready-just bring your suitcase. ​ Located in Merta Agung Kerobokan. IDR 250 Million / Year ​,,Agen Properti di Tangerang,,https:/picture.rumah123.com/r123-images/300x300-crop/customer/999072/fa191a992198b4d999cefe3988f001fa.jpg,https://www.rumah123.com/properti/badung-kerobokan/villa-cantik-3-kamar-di-kerobokan-furnished-dengan-pool-dan-taman-hor41165510/
Pa107 Disewakan dan Leasehold Villa Full Furnished di Pererenan,Rp 200.000.000,year,Pererenan Badung,3,4,150 m²,150 m²,SHM,Villa Cluster 3 Bedroom Full Furnished One Gate System di Pererenan Canggu lokasi : Jl. Dalem Wr. Pererenan - Canggu detail : - Luas Tanah 150 m² - Dimensi 10 x 15 meter - Luas Bangunan 150 m² - 3 Kamar Tidur - 4 Kamar Mandi - Ruang Tamu/ Ruang Keluarga - Gudang - Dapur - Kolam Renang - Listrik 5500 Watt - Air Sumur Bor - Full Furnished - One Gate System - Hadap Barat Daya Harga Sewa 200 jt /tahun Sewa 2 Tahun Harga bisa Nego Note : Mohon Maaf kondisi foto masih berantakan di bagian luar dikarenakan musim hujan angin tapi tenang saja kondisi nanti siap huni dan dijamin rapi. lokasi strategis : - 120 meter dari Jalan Raya Pererenan Tanah Lot - 6 menit (21 km) ke Pepito Market Batu Bolong - 9 menit (34 km) ke Pererenan Beach - 15 menit (52 km) ke Atlas Beach Club - 18 menit (8 km) ke Tanah Lot - 19 menit (72 km) ke Luna Beach Club - 56 menit (192 km) ke Airport Ngurah Rai,,SATYA PRIYANA (JENM)Agen KorporatNIB:912020578****,,https:/picture.rumah123.com/r123-images/300x300-crop/customer/1448043/9b3b5415dd21ff88197a4d417a97bf80.jpg,https://www.rumah123.com/properti/badung-pererenan/disewakan-atau-leasehold-villa-full-furnished-di-pererenan-canggu-vlr35762/
Disewakan Villa Bagus Area Renon Denpasar Selatan,Rp 180.000.000,year,Disewakan Villa Bagus Area Renon Denpasar Selatan | vlr232887,2,2,,,,Disewakan Villa Bagus area Renon Denpasar Selatan Lokasi strategis: 4 menit ke Plaza Reno 5 menit ke Gandhi International School 9 menit ke Lapangan Renon 15 menit ke Pantai shindu Sanur Detail Properti: Luas Tanah 140m2 Luas Bangunan 130m2 2 Kamar Tidur 2 Kamar mandi 1 lantai Listrik 300 watt Air PDAM Harga Sewa IDR 180 juta per tahun DF3 07191,,Ayunda PutriAgen KorporatNIB:812001614****,,https:/picture.rumah123.com/r123-images/300x300-crop/customer/1616144/de0d1a690a6083fbfe19a43a01f04c7f.jpg,https://www.rumah123.com/properti/denpasar-renon/disewakan-villa-bagus-area-renon-denpasar-selatan-vlr232887/
Disewakan Villa Modern di Ungasan Bali,Rp 250.000.000,year,Badung,2,2,,,,Villa Disewakan Ungasan Bali - Modern Nyaman dan Full Perawatan Hunian ideal buat yang ingin tinggal praktis tanpa repot. Villa 2 lantai ini menawarkan kenyamanan privasi dan layanan lengkap - tinggal masuk koper saja. Spesifikasi villa: 	-	Luas tanah 120 m² 	-	Luas bangunan 100 m² 	-	Hadap barat 	-	2 kamar tidur nyaman 	-	2 kamar mandi (1 dengan bathtub) 	-	Listrik 5.500 VA 	-	Air PDAM 	-	Ground tank / tandon air 	-	Kolam renang pribadi Harga sewa: Rp250 juta / tahun Sudah termasuk layanan premium: v WiFi 2 titik hingga 200 Mbps v Perawatan kolam 2× per minggu v Tukang kebun 2× per minggu v Air PDAM v Cleaning rutin + ganti sprei handuk & duvet mingguan v Iuran banjar v Biaya sampah bulanan Lokasi strategis - dekat destinasi favorit: 	-	±10 menit ke Pantai Melasti 	-	±10 menit ke Pantai Pandawa 	-	±10 menit ke Garuda Wisnu Kencana 	-	±10 menit ke Pantai Jimbaran 	-	±15 menit ke Pantai Balangan 	-	±25 menit ke Bandara Internasional I Gusti Ngurah Rai Villa ini cocok untuk Anda yang ingin gaya hidup praktis nyaman dan dekat pantai - semua sudah diurus.,,Agen Properti di Tangerang,,https:/picture.rumah123.com/r123-images/300x300-crop/customer/2153956/b8b66ecf57e103ed53d6c380c6d05180.jpg,https://www.rumah123.com/properti/badung-ungasan/disewakan-villa-modern-di-ungasan-bali-vlr229452/
Villa Luas Siap Huni di Kerobokan Dekat Sekolah Internasional,Rp 175.000.000,year,Villa Luas Siap Huni di Kerobokan Dekat Sekolah Internasional | vlr228193,3,3,,,,Villa 2 Lantai Siap Huni di Taman Sari - Kerobokan dekat Bali Kiddy School Details : - Luas tanah 128 m² - Luas bangunan 120 m² - 3 Kamar Tidur - 3 Kamar Mandi - Listrik 4400 - Air sumur bor - Kolam Renang - Hadap Selatan - Dapur lengkap kitchen set modern - Full furnished - Garasi bisa 2 mobil - Akses jalan 5 meter Lokasi Premium: - 5 menit ke Bali Kiddy & Morpho School - 7 menit ke SLK School - 10 menit ke Seminyak - 12 menit ke Petitenget dan Umalss - 20 menit ke Canggu / Kuta - 35 menit ke Airport Harga 175jt/tahun Minimal sewa 2 tahun,,Agen Properti di Tangerang,,https:/picture.rumah123.com/r123-images/300x300-crop/customer/2011876/f66a8fc51e713ce697a7670d7cfa4a1f.jpg,https://www.rumah123.com/properti/badung-kerobokan/villa-luas-siap-huni-di-kerobokan-dekat-sekolah-internasional-vlr228193/
For Rent Villa Ungasan Dekat Gwk Jimbaran Bali Full Furnish,Rp 350.000.000,year,For Rent Villa Ungasan Dekat Gwk Jimbaran Bali Full Furnish | vlr227800,3,4,,,,LT 300 LB 350 KT 3 KM 4 Listrik 7700 Rp 350.000.xxx SHM Hadap Selatan ➡️Seling Point : 1 menit ke GWK 15 menit ke Pantai Pandawa 15 menit ke Pantai Melasti 20 menit ke Bandara Ngurah Rai ➡️350jt/tahun ➡️Bisa 1 tahun ➡️Tidak Bisa Bulanan wenwen.property 0812xxxxxxxx,,WEN WENAgen KorporatNIB:912020578****,,https:/picture.rumah123.com/r123-images/300x300-crop/customer/4348172/3b52a6c1619e28cbdfb91fe5cf20d9ea.png,https://www.rumah123.com/properti/badung-ungasan/for-rent-villa-ungasan-dekat-gwk-jimbaran-bali-full-furnish-vlr227800/
BRAND NEW VILLA WITH RICEFIELD VIEW IN BERAWA,Rp 330.000.000,year,Badung,2,3,110 m²,100 m²,SHM,Yearly rent brand new 2 bedroom villa in Berawa with ricefield view 330millions/ year 90 millions/ 3 months * Ready 1 unit in December * Not include wifi electricity and maintenance * Only include pool maintenance Land size 110m2 Built size 100m2 Spec: * 2 storey * 2 bedroom * 2.5 bathroom * Living room * Dining room * Kitchen * Private pool * Fully furnished Location: 10 min to Berawa beach 12 min to FINN beach club Add 4 millions/months for: * Cleaning and laundry twice a week * Wifi up to 200mbs SV12- FMI,,Agen Properti di Tangerang,,https:/picture.rumah123.com/r123-images/300x300-crop/customer/2100759/27f28d599f0d58bfee1e643efc349aa3.jpg,https://www.rumah123.com/properti/badung-canggu/brand-new-villa-with-ricefield-view-in-berawa-hor40604533/
For Rent 3 Bedroom Villa At Umalas Kerobokan,Rp 285.000.000,year,For Rent 3 Bedroom Villa At Umalas Kerobokan | vlr232359,3,2,,,,For rent villa 3 bedroom at Umalas Kerobokan +/- 5 minutes drive to canggu area +/- 5 minutes drive to seminyak Details: - Land size / Building size : +/- 150/210 - 3bedrooms + 3ensuite - 1 powder room - livingroom & dinning - full furnished - 4 airconditioner - water heater - swimmingpool - 1staff bedroom - 1staff bathroom - parking area Rental price IDR 285 Million/ year,,Arul l LJH RealtyAgen KorporatNIB:912000178****,,https:/picture.rumah123.com/r123-images/300x300-crop/customer/10230/fd857fd1f7ad04491289a39f2c7996ef.jpg,https://www.rumah123.com/properti/badung-umalas/for-rent-3-bedroom-villa-at-umalas-kerobokan-vlr232359/
Ungasan-3 Bedroom Modern Villa Near Uluwatu Beach!,Rp 35.000.000,month,Badung,3,4,150 m²,150 m²,Lainnya,Discover your ideal Bali getaway at this charming 3-bedroom private villa located in the serene Uluwatu / South Kuta area of Bali. Perfect for families couples or small groups this villa blends tropical comfort with modern living - all within easy reach of Bali's famous beaches scenic cliff views and vibrant local culture. Highlights - 3 Bedrooms - ideal for families or groups - 3 En-Suite Bathrooms - BBQ Area - Private Swimming Pool - Kitchen with full Equipment - Storage Room - Guest Toilet - Small garden - Tropical Villa Setting - Wi-Fi & Modern Comforts (typical for villas in area) - Easy access to Uluwatu beaches surf spots and local restaurants Location Highlights - Close to world-renowned surf spots beaches like Dreamland Bingin & Uluwatu and local restaurants/cafés - Easy drive to nearby attractions scenic cliffside viewpoints and Bali's vibrant cultural spots. - Famous beaches like Padang Padang & Bingin (10-20 min drive) Exclude: Electricity Include: Cleaning service Internet (Wi-Fi) Pool maintenance Garden maintenance PDAM water supply Bed linen & towels changed once a week Contact us for viewing !,,Agen Properti di Tangerang,,https:/picture.rumah123.com/r123-images/300x300-crop/customer/1775549/70526c9b0815af87ddbc0ebec52789eb.jpg,https://www.rumah123.com/properti/badung-ungasan/ungasan3-bedroom-modern-villa-near-uluwatu-beach-hor40772515/
2 Bedroom Brand New Villa In Kerobokan Near Canggu,Rp 25.000.000,month,2 Bedroom Brand New Villa In Kerobokan Near Canggu | Rumah123,2,3,127 m²,200 m²,Lainnya,2 Bedroom Brand New Villa in Kerobokan Near canggu Brand New 2 Bedroom Villa Prime Location Location: Kesambi Kerobokan - strategically located between Canggu and Seminyak in residential area **Property Details:** * Land size: 127 sqm (1.27 are) * 2 bedrooms * 2 bathrooms * 1 guest toilet * Enclosed living and kitchen area * Private swimming pool * Wi-Fi * CCTV * Parking for 2 cars * Electricity: 7700 watts Nearby: * 5 minutes to SLK School * 5 minutes to Lollipop Preschool Bali * Easy access to Canggu and Seminyak Contact us for more information and schedule visit .,,BDA Real EstateAgen IndependenNIB:022050695****,,https:/picture.rumah123.com/r123-images/300x300-crop/customer/1775549/a23c41394d638d5001bac07866ca58f3.jpg,https://www.rumah123.com/properti/badung-canggu/2-bedroom-brand-new-villa-in-kerobokan-near-canggu-hor40902298/
Brand New Modern 3 Bedroom Villa In Jimbaran,Rp 45.000.000,month,Brand New Modern 3 Bedroom Villa In Jimbaran | Rumah123,3,3,161 m²,220 m²,Lainnya,Brand New 3 Bedroom Villa in Jimbaran Brand new modern 3-bedroom villa in Jimbaran. Just a short walk to nearby populars cafés and restaurants. Designed with a harmonious blend of modern Balinese elegance and home-like comfort this stunning villa provides the perfect retreat for a peaceful getaway. Details : Land size: 161 M2 Building size: 220 m2 3 Bedrooms 3 Bathrooms Living room Kitchen Dinning room Electricity 7700 watt Water deep well Facilities - private pool 3X5 m - access paving widht 8m - Fully Furnished - Wifi - CCTV - One gate system - TV AC Contact us for viewing !,,Agen Properti di Tangerang,,https:/picture.rumah123.com/r123-images/300x300-crop/customer/1775549/3b6b7137363894fb1343ad997fa3f3b8.jpg,https://www.rumah123.com/properti/badung-jimbaran/brand-new-modern-3-bedroom-villa-in-jimbaran-hor40514741/
Brand New 3 BR Modern Villa Ready 2026 January With Rooftop,Rp 420.000.000,year,Badung,3,4,150 m²,120 m²,Lainnya,Brand New 3 BR Modern Villa Ready 2026 January with Rooftop Brand New Villa for Rent in Canggu Be the first to experience this newly completed villa (finished in December 2025) perfectly located in the heart of Canggu. Available for rent starting January 2026. ⸻ Property Details - 3 Bedrooms - 4 Bathrooms - Flexible room (can be used as office/gym/kids room) - Fully equipped kitchen - Private swimming pool - Carport - Rooftop area - Laundry area - Storage room - Located in a secure one-gate access community - High-speed Wi-Fi up to 100 Mbps - Pool cleaning service - Security ⸻ Exclusions - Electricity - Water bill ⸻ Nearby Highlights - Popular beaches - Supermarkets - Restaurants & bars - Beach clubs - Nail salons - Padel court - Spa ⸻ Rental Terms - No subleasing allowed - 10% deposit upfront - 1 year: IDR 420000000 ⸻ For viewing appointments or more information feel free to contact us:,,Agen Properti di Tangerang,,https:/picture.rumah123.com/r123-images/300x300-crop/customer/1775549/af066db9efa5a5402c261869c9484264.jpg,https://www.rumah123.com/properti/badung-canggu/brand-new-3-br-modern-villa-ready-2026-january-with-rooftop-hor40656404/
Disewakan Villa Bagus Area Canggu,Rp 280.000.000,year,Disewakan Villa Bagus Area Canggu | vlr232057,2,,,,,Disewakan Villa Bagus area Canggu Lokasi Strategis : Dekat ke Cafe & Restaurant 8 menit ke Atlas & Fins Beach Club 10 menit Ke La brisa Canggu Detail Properti: Luas tanah : 200m2 Luas Bangunan 200m2 Bed room 3 2 Kamar Mandi dalam 1 Kamar Mandi luar Cleaning room ada Parkir mobil Kolam 3 x 6 Dapur Gudang Km mandi luar Gazebo Harga Sewa IDR 280 juta per tahun,,Agen Properti di Tangerang,,https:/picture.rumah123.com/r123-images/300x300-crop/customer/1616144/35131f6141c48f4ebf73055513915e88.jpg,https://www.rumah123.com/properti/badung-canggu/disewakan-villa-bagus-area-canggu-vlr232057/
3 Bedroom Open Sublease In Cemagi Pet-Friendly Villa With Garden Near Beach,Rp 235.000.000,year,Badung,3,3,300 m²,200 m²,Lainnya,3 Bedroom Open Sublease in Cemagi Pet-Friendly Villa with Garden Near Beach OPEN RENTALS YEARLY ONLY - Open Sublease !! Negotiable !! 3 Bedroom in Cemagi Pet-Friendly Villa with Garden Near Beach Enjoy a comfortable stay in this spacious 3-are villa perfect for families or groups and pet friendly. Details : * Land size: 3 are * 3 bedrooms (all with AC) * 3 bathrooms * Indoor kitchen (with AC) * Private swimming pool * Spacious garden * Large parking area * Quiet and comfortable villa environment * 5 minutes to Cemagi Beach * 10 minutes to Nuanu Beach * 7 minutes to Canggu Contact us for more details and viewing !,,Agen Properti di Tangerang,,https:/picture.rumah123.com/r123-images/300x300-crop/customer/1775549/2610442f86452919cdc3d468da256494.jpg,https://www.rumah123.com/properti/badung-canggu/3-bedroom-in-cemagi-petfriendly-villa-with-garden-near-beach-hor40713661/
Spacious Four Bedroom Villa In Premium Sunset Road Location,Rp 300.000.000,year,Badung,4,5,,,,F o r r e n t Rumah Villa Luas dan Cozy di Sunset Road Kuta Bali ✅ perumahan one gate ✅ bebas banjir ✅ 24 jam security ✅ row jalan komplek lebar 7 meter ✅ dekat ke Siloam Kuta dan Seminyak ✅ private pool Spesifikasi: Luas Tanah 300 m² Luas Bangunan ±260 m² Air PDAM Listrik 7.000w Kamar Tidur 4 Kamar mandi 5 Kamar staff 1 Kamar mandi staff 1 Carport Ruang Keluarga Ruang Tamu Private Pool Garden Akses Jalan 7 meter paving One gate system Lokasi PREMIUM - 2 menit ke Sunset Road - 5 menit ke RS Siloam - 5 menit ke Mall Bali Galleria - 10 menit ke Kuta - 12 menit ke Seminyak - 18 menit ke Airport - 25 menit ke Canggu dan Sanur Harga Sewa 300 juta/tahun,,Agen Properti di Tangerang,,https:/picture.rumah123.com/r123-images/300x300-crop/customer/2011876/563d761e122cfb6adcbfe49e12c09f53.jpg,https://www.rumah123.com/properti/badung-sunset-road/spacious-four-bedroom-villa-in-premium-sunset-road-location-vlr205120/
Spacious Modern Tropical Villa With Pool Ready To Move In,Rp 300.000.000,year,Badung,2,2,,,,Modern & Furnished Villa for Rent - Annual Lease Located in Tukad Balian near Sanur & Renon Denpasar ✅ Brand New Building ✅ Modern and Spacious ✅ Free Flood Area ✅ Close to Sanur Beach and amenities ✅ Nice and Comfy layout with Big Pool Details : - Build Area: 110 sqm - Land Area: 270 sqm - 2 Bedrooms - En-suite bathroom in each bedroom - Cozy swimming pool & garden - Bath tub & hot water in master bedroom - Fully Furnished - Air conditioner in every bedroom - Electricity: 4400 kWh - Water supply: PAM Premium Locations : - 2 mins to Jungle Padel Sanur - 5 mins to famous Danau Poso Street Sanur - 8 mins to Mertasari Beach - Sanur - 8 mins to International School - 12 mins to Bali International Hospital - 15 mins to Icon Mall Sanur - 22 mins to Airport Price : IDR 300 Million / Year nego,,Agen Properti di Tangerang,,https:/picture.rumah123.com/r123-images/300x300-crop/customer/2011876/595ae9e14ff085f12ad6efd470be5b89.jpg,https://www.rumah123.com/properti/denpasar-sanur/spacious-modern-tropical-villa-with-pool-ready-to-move-in-vlr230672/
10 Years Rental Beautiful Villa With River & Jungle View In Saba Gianyar,Rp 950.000.000,year,10 Years Rental Beautiful Villa With River & Jungle View In Saba Gianyar | vlr235451,2,2,,,,12 10 Years Rental Beautiful Villa With River & Jungle View In Saba Gianyar 8 Minutes To Saba Beach 18 Minutes To Dyatmika School 23 Minutes To Grand Lucky Sanur Land Size 160m2 Building Size 55m2 2 Bedrooms 2 Bathrooms Living Room Kitchen & Dinning Storage Carport For 1 Car Electricity 1200 Watt (can be upgraded) Sumur Bor 5 Meters Road Access Swimming Pool Beautiful Garden Furnished Building Permit IDR 950 Million (For 10 Years) OR6134/V708/ODS,,Agen Properti di Tangerang,,https:/picture.rumah123.com/r123-images/300x300-crop/customer/796950/832014fa4f5890a2cfd67c433fd22e66.jpg,https://www.rumah123.com/properti/gianyar-saba/10-years-rental-beautiful-villa-with-river-jungle-view-in-saba-gianyar-vlr235451/
Minimum 5 Years Rental Beautiful Villa With River & Jungle View In Saba Gianyar,Rp 100.000.000,year,Minimum 5 Years Rental Beautiful Villa With River & Jungle View In Saba Gianyar | vlr235450,2,2,,,,11 Minimum 5 Years Rental Beautiful Villa With River & Jungle View In Saba Gianyar 8 Minutes To Saba Beach 18 Minutes To Dyatmika School 23 Minutes To Grand Lucky Sanur Land Size 160m2 Building Size 55m2 2 Bedrooms 2 Bathrooms Living Room Kitchen & Dinning Storage Carport For 1 Car Electricity 1200 Watt (can be upgraded) Sumur Bor 5 Meters Road Access Swimming Pool Beautiful Garden Furnished Building Permit IDR 100 Juta/Year (5 Years Upfront Payment) OR6134/V707/ODS,,Agen Properti di Tangerang,,https:/picture.rumah123.com/r123-images/300x300-crop/customer/796950/8744748a2c727d9a33d69043619a9dad.jpg,https://www.rumah123.com/properti/gianyar-saba/minimum-5-years-rental-beautiful-villa-with-river-jungle-view-in-saba-gianyar-vlr235450/
Vila Eksklusif Fully Furnished Pool And Gym Yn,Rp 375.000.000,year,Badung,5,5,,,,Kesempatan terbatas buat Anda dapatkan villa nyaman dengan return investasi tinggi di Sanur Denpasar. Villa ini menawarkan lokasi yang strategis serta memiliki nilai tepat yang siap untuk segera Anda miliki utamanya bagi Anda yang mencari hunian di lokasi yang dekat dengan fasilitas umum. Detail Properti ini adalah: - Kamar Tidur: 5 - Kamar Mandi: 5 - Sertifikat: - Tidak hanya itu namun properti ini juga memiliki keunggulan sebagai berikut: - Full Furnished. - Siap Huni. - Bebas Banjir. - Dekat Tempat Wisata. - Lokasi di Pusat Kota. - Lingkungan Tenang dan Damai. - Properti Bisa Nego. - Akses Jalan Muat 2 Mobil. - Lokasi Strategis. Lokasi Strategis terletak di Sanur properti ini memudahkan akses Anda ke fasilitas-fasilitas utama dan unggulan Harga yang sangat kompetitif yaitu Rp. 375.000.xxx/thn ( min.2thn) villa ini siap menjadi milik Anda! Nikmati segala kemudahan dan berbagai keunggulan menarik saat properti premium ini milik Anda. Hubungi segera dan dapatkan informasinya ataupun cek unit!,,Agen Properti di Tangerang,,https:/picture.rumah123.com/r123-images/300x300-crop/customer/4382886/7f60f0c1a59ddac2153d3b4387f0ab08.jpg,https://www.rumah123.com/properti/denpasar-sanur/vila-eksklusif-fully-furnished-pool-and-gym-yn-vlr196573/
Villa Semi Furnished di Sanur Strategis,Rp 250.000.000,year,Villa Semi Furnished di Sanur Strategis | vlr234405,4,4,,,,Villa di Sanur. Temukan villa 1 lantai yang asri ini disewakan menghadirkan lingkungan fasilitas yang lengkap cocok untuk Anda yang menginginkan hunian nyaman. Spesifikasi Utama Properti: - Kamar Tidur: 4 - Kamar Mandi: 4 - Sertifikat: - Fitur unggulan: - Siap Huni. - Bebas Banjir. - Dekat Pusat Perbelanjaan. - Dekat Tempat Wisata. - Dekat Fasilitas Kesehatan. - Lokasi di Pusat Kota. - Lingkungan Tenang dan Damai. - Properti Bisa Nego. - Lokasi Strategis. Berlokasi di Sanur villa ini memberikan kemudahan akses ke berbagai fasilitas menarik. Dengan harga Rp. 250.000.xxx/year anda bisa memiliki hunian premium yang sudah siap huni. Segera ambil kesempatan untuk menikmati pengalaman tinggal di kawasan Sanur yang nyaman ini! Kontak segera untuk informasi lebih lanjut!,,Agen Properti di Tangerang,,https:/picture.rumah123.com/r123-images/300x300-crop/customer/4382886/bf612ea39f73e464876f6a147086e284.jpg,https://www.rumah123.com/properti/denpasar-sanur/villa-semi-furnished-di-sanur-strategis-vlr234405/
Beachside Seminyak Modern Family Rental For Rent Yearly,Rp 850.000.000,year,Beachside Seminyak Modern Family Rental For Rent Yearly | vlr213073,4,4,,,,BEACHSIDE SEMINYAK Modern Luxe Family Villa | Annual Rental Annual Rental Price: IDR 850000000 / year Discover a newly built fully furnished modern-luxe family villa ideally located beachside in Seminyak offering privacy space and effortless tropical living. Property Details: -Land Area: 8 are (800 sqm) -Building Area: 250 sqm -Bedrooms: 4 private bungalows all with ensuite bathrooms -Includes 1 spacious master suite -Living Area: 80 sqm enclosed living room -Complete with modern kitchen lounge and TV area Additional Features: -Laundry room -Storage room -Services Included: -Gardener -Pool maintenance Perfect for families or long-term residents seeking a quiet yet central Seminyak lifestyle just minutes from the beach top restaurants boutiques and international schools. Location: Beachside Seminyak Contact us for more details or to arrange a private viewing. #ancaj,,Agen Properti di Tangerang,,https:/picture.rumah123.com/r123-images/300x300-crop/customer/1258884/61730317b2f0b23f4d60523923b649a0.jpg,https://www.rumah123.com/properti/badung-seminyak/beachside-seminyak-modern-family-rental-for-rent-yearly-vlr213073/
Disewakan Rumah Private PoolOcean View di ParadiseloftJimbaran,Rp 195.000.000,year,Disewakan Rumah Private PoolOcean View di ParadiseloftJimbaran | Rumah123,2,2,120 m²,180 m²,SHM,Disewakan Rumah dengan Private Pool Ocean View Tenang di Area Paradiseloft - Jimbaran Nikmati kenyamanan tinggal di villa dengan pemandangan laut penuh (full ocean view) yang berada di area perbukitan yang tenang. Berlokasi di kawasan Paradiseloft Villa dengan jalan buntu sehingga suasana sangat privat tidak bising dan udaranya masih sangat bersih. *Spesifikasi Properti* : Luas Tanah: 120 m² Luas Bangunan: 180 m² (termasuk rooftop untuk BBQ) Kamar Tidur: 2 Kamar Mandi: 2 Ruang Kantor / Wardrobe: 1 Toilet Tamu: 1 Kolam Renang Pribadi Rooftop area untuk BBQ & bersantai Garasi : 1 mobil Ruang Penyimpanan: 1 Ruang Cuci: 1 *Fasilitas* : Semi Furnished (bisa disesuaikan sesuai permintaan) Listrik 5.500 watt Air gratis dari sumur bawah tanah CCTV WiFi Biaya sampah Rp 50.000 / bulan *Lokasi Strategis* : Dekat dengan berbagai fasilitas penting: Beberapa menit ke cafe restoran pasar tradisional sekolah & universitas 5 menit ke Gym (Club Jimbaran) dan Pantai Jimbaran 15 menit ke Pantai Nusa Dua Pantai Pandawa dan Pantai Melasti 10 km ke Bandara Internasional Ngurah Rai Harga sewa : * Rp 195 juta / tahun* * Leasehold 23 tahun: Rp 35 M,,Agen Properti di Tangerang,,https:/picture.rumah123.com/r123-images/300x300-crop/customer/2066290/d1535accf9e21c47e88b8822cba6bd69.jpg,https://www.rumah123.com/properti/badung-jimbaran/disewakan-rumah-private-poolocean-view-di-paradiseloftjimbaran-hor41203949/
Disewakan Rumah Villa Baru Di Kerobokan Padangsambian Denpasar Furnished,Rp 225.000.000,year,Disewakan Rumah Villa Baru Di Kerobokan Padangsambian Denpasar Furnished | vlr192266,3,3,,,,BRAND NEW VILLA FOR RENT 2 Bedroom 2 Bathroom 1 Maid room + 1 Toilet Included AC setiap Kamar Full Furnished Land size : 250 m2 Location : Gunung Payung - Padangsambian 7700 watt per month spend min 15-2 million for electric bill Price : 225.000.xxx / Year information : 0877xxxxxxxx email : propertybalibarong@********,,Ariel NugrohoAgen Independen,,https:/picture.rumah123.com/r123-images/300x300-crop/customer/1707799/eb38bb0d439c08c4c46364d34b585fa6.jpg,https://www.rumah123.com/properti/badung-kerobokan/brand-new-villa-for-rent-at-gunung-payung-padangsambian-vlr192266/
2 Bedrooms Victorian Style New Villa In Berawa Beach,Rp 335.000.000,year,Badung,2,2,,,,Kesempatan terbatas buat Anda dapatkan villa strategis dengan return investasi tinggi di Canggu Badung. Villa ini menawarkan kelengkapan fasilitas serta memiliki nilai tepat yang siap untuk segera Anda miliki utamanya bagi Anda yang mencari hunian di lokasi yang dekat dengan fasilitas umum. Detail Properti ini adalah: - Kamar Tidur: 2 - Kamar Mandi: 2 - Sertifikat: - Tidak hanya itu namun properti ini juga memiliki keunggulan sebagai berikut: - Bonus Furniture. - Full Furnished. - Siap Huni. - Bebas Banjir. - Lokasi Pinggiran Kota. - Lokasi di Pedesaan. - Lingkungan Tenang dan Damai. - Properti Bisa Nego. - Akses Jalan Muat 2 Mobil. - Lokasi Strategis. - Lokasi Bebas Banjir. Lokasi Strategis terletak di Canggu properti ini memudahkan akses Anda ke fasilitas-fasilitas utama dan unggulan Harga yang sangat kompetitif yaitu Rp. 27.916.667 villa ini siap menjadi milik Anda! Nikmati segala kemudahan dan berbagai keunggulan menarik saat properti eksklusif ini milik Anda. Hubungi segera dan dapatkan informasinya ataupun cek unit!,,Agen Properti di Tangerang,,https:/picture.rumah123.com/r123-images/300x300-crop/customer/4410835/b6dd6ae6cb40b309e8d3b3491323086b.jpg,https://www.rumah123.com/properti/badung-canggu/2-bedrooms-victorian-style-new-villa-in-berawa-beach-vlr228236/
Villa Baru Disewakan View Ocean dan Tol dan Full Furnish,Rp 198.000.000,year,Badung,2,2,120 m²,180 m²,Lainnya,Dikontrakkan Villa brand new Ready Ocean View With Rooftop Spesifikasi: Land size 120m² Building size 180m² (incl. Rooftop for BBQ) Bedrooms: 2 Office room : 1 Bathrooms: 2 Guest Toilet : 1 Fully-Furnished Schwimmingpool Full ocean view Garage for 1 car Cctv Wifi Semi furnished ( or by request) Location just minutes away from charming cafes exquisite restaurants Traditional Market School University. 5 minute to Gym (Klub Jimbaran) and jimbaran Beach Nusa dua Beach pandawa Beach accessible with just a quick 15 minute motorbike ride.Airport.Land 10 km to Airport. Price 198 Millionen/years Minat? Hubungi: Wa:,,Agen Properti di Tangerang,,https:/picture.rumah123.com/r123-images/300x300-crop/customer/1860801/27b5b41f788de450656aaa841df60dff.jpg,https://www.rumah123.com/properti/badung-jimbaran/villa-baru-disewakan-view-ocean-dan-tol-dan-full-furnish-hor40879836/
Sanur 3Br Villa For Rent 275 Jt Per Year,Rp 275.000.000,year,Sanur 3Br Villa For Rent 275 Jt Per Year | vlr200316,3,3,,,,This is a limited opportunity for you to own a strategic villa with a high return on investment in Sanur Denpasar. This villa offers a strategic location and offers the right value ready for immediate ownership especially for those looking for a home close to public facilities. Property details include: - Bedrooms: 3 - Bathrooms: 3 - Certificate: - Furthermore this property also offers the following advantages: - Flood-Free. Strategically located in Sanur this property offers easy access to key and premium amenities. At a very competitive price of IDR 275000000 this villa is ready to be yours! Enjoy all the conveniences and attractive benefits of this exclusive property. Contact us now for more information or to view the unit! Kesempatan terbatas buat Anda dapatkan villa strategis dengan return investasi tinggi di Sanur Denpasar. Villa ini menawarkan lokasi yang strategis serta memiliki nilai tepat yang siap untuk segera Anda miliki utamanya bagi Anda yang mencari hunian di lokasi yang dekat dengan fasilitas umum. Detail Properti ini adalah: - Kamar Tidur: 3 - Kamar Mandi: 3 - Sertifikat: - Tidak hanya itu namun properti ini juga memiliki keunggulan sebagai berikut: - Bebas Banjir. Lokasi Strategis terletak di Sanur properti ini memudahkan akses Anda ke fasilitas-fasilitas utama dan unggulan Harga yang sangat kompetitif yaitu Rp. 275.000.xxx villa ini siap menjadi milik Anda! Nikmati segala kemudahan dan berbagai keunggulan menarik saat properti eksklusif ini milik Anda. Hubungi segera dan dapatkan informasinya ataupun cek unit!,,HANDY SOETJIPTOAgen KorporatNIB:812001416****,,https:/picture.rumah123.com/r123-images/300x300-crop/customer/984516/ce4c7faa69cec5a28113f0d765743099.jpg,https://www.rumah123.com/properti/denpasar-sanur/sanur-3br-villa-for-rent-275-jt-per-year-vlr200316/
Disewakan Rumah di Area Paradiseloft Jimbaran,Rp 195.000.000,year,Disewakan Rumah di Area Paradiseloft Jimbaran | Rumah123,2,2,120 m²,180 m²,SHM,Kesempatan terbatas buat Anda dapatkan rumah strategis dengan return investasi tinggi di Jimbaran Badung. Rumah ini menawarkan lokasi yang strategis serta memiliki jumlah lantai 1 yang siap untuk segera Anda miliki utamanya bagi Anda yang mencari hunian di lokasi yang dekat dengan fasilitas umum. Kondisi properti ini bagus dan memiliki desain unik yang menambah daya tarik dan estetika properti ini. Rumah ini berada di area yang mudah dijangkau. Nikmati kenyamanan tinggal di villa dengan pemandangan laut penuh (full ocean view) yang berada di area perbukitan yang tenang. Berlokasi di kawasan Paradiseloft Villa dengan jalan buntu sehingga suasana sangat privat tidak bising dan udaranya masih sangat bersih. Detail Properti ini adalah: - Luas Tanah: 120 m² - Luas Bangunan: 180 m² (termasuk rooftop untuk BBQ) - Kamar Tidur: 2 - Kamar Mandi: 2 - Sertifikat: SHM - Sertifikat Hak Milik - Daya Listrik: 5500 watt - Arah Bangunan: Menghadap Timur Laut - Kondisi Perabotan: Semi Furnished Tersedia berbagai fasilitas lengkap seperti: - Kolam Renang Pribadi - Jalur Telepon. Tidak hanya itu namun properti ini juga memiliki keunggulan sebagai berikut: - Dekat Universitas. - Dekat Sekolah Internasional. - Dekat Sekolah Negeri. - Dekat Pusat Perbelanjaan. - Dekat Fasilitas Kesehatan. - Dekat Tempat Wisata. - Dekat Tempat Ibadah. - Bebas Banjir. - Dipinggiran kota. - Sejuk. - Pemandangan Pantai. - Cocok Untuk Investasi. - Cocok Untuk Dijual Kembali. - Akses Jalan Muat 2 Mobil. - Lokasi Strategis. Lokasi Strategis terletak di Jimbaran properti ini memudahkan akses Anda ke fasilitas-fasilitas utama dan unggulan. Harga sewa : * Rp 195 juta / tahun * Leasehold 23 tahun: Rp 35 M Nikmati segala kemudahan dan berbagai keunggulan menarik saat properti asri ini milik Anda.,,Agen Properti di Tangerang,,https:/picture.rumah123.com/r123-images/300x300-crop/customer/4415373/165ee1663b1116174382055a0a7611d4.jpg,https://www.rumah123.com/properti/badung-jimbaran/disewakan-rumah-di-area-paradiseloft-jimbaran-hor41228883/
Newly Built Tropical Modern Villa Close To Ubud Center,Rp 200.000.000,year,Newly Built Tropical Modern Villa Close To Ubud Center | vlr197566,2,2,,,,Brand New Modern Tropical Cozy Villa in Ubud Location: Banjar Lodtunduh Singakerta - Ubud Strategic Location: - 3 minutes to Pepito/ Rusters - 1 minute to Cocomart Tebongkang - 5-10 minutes to Sayan and Penestanan - 10 minute to Central Ubud Specifications: Land area 117 sqm Build area 60 sqm 2 Bedrooms 2 Bathrooms Electricity 5500watt Well deep water Carport Private Pool *Facilities* - AC - ⁠Water heater - Smart TV - Hair dryer - Kitchen ( microwave refrigerator ketlle and toaster water dispenser rice cooker blender) - ⁠Pool *Includes:* 1. Pool maintenance 2x/week 2. ⁠Cleaning 1x/week Excluded: 1. gas water ( personal expenses) 2. ⁠Wifi & lectricity bills Note: No pet *Price* 1. Yearly : IDR 200.000.xxx/yr + security deposit 10000xxxx. Monthly : IDR 20.000.000/month + Security deposit 5.000.000 (min 2 months) Code: RVA-02,,Ivan (IVM)Agen KorporatNIB:912020578****,,https:/picture.rumah123.com/r123-images/300x300-crop/customer/2011876/9964038cd618bb73373a73fcd967f262.jpg,https://www.rumah123.com/properti/gianyar-ubud/newly-built-tropical-modern-villa-close-to-ubud-center-vlr197566/
Villa Cantik 2 Kamar Tidur di Sanur dengan Private Pool,Rp 180.000.000,year,Villa Cantik 2 Kamar Tidur di Sanur dengan Private Pool | Rumah123,,2,250 m²,200 m²,Lainnya,*LA'East Villa Sanur* Open Negotiation Yearly rent IDR 180.000.xxx Minimum stay in contract 2 years - Advance payment Monthly payment IDR 16.000.000/month Minimum stay in contract 2 years Longstay/longterm 10 years IDR 1.6 billion 160000xxxx - Notary agreement Prefer to longterm 5 10 20 years Spesification Building area 200m2 Land area 250m2 | 2 Masterbedroom + Bathroom equipped Bathub | | Iconnect WIFI - instalation| | Listrik 5500 - Water instalation | | Large livingroom + small indoor backyard | | 1 assistent room + toilet | | Equipment room | | Garage for 1 car + 3 motorcycle | | Privat Pool 35 m x 7 m | | Terace with beautifull garden | additional cost Cleaning pool 2x in a week Garbage fees Internet fees Jam berkunjung hari kerja Pkl.1600xxxx Weekend Pkl 1000xxxx Bisa mulai site visit 2 Januari 2026,,Agen Properti di Tangerang,,https:/picture.rumah123.com/r123-images/300x300-crop/customer/999072/f7930e68742d95e15c38eb3b829f9bf4.jpg,https://www.rumah123.com/properti/denpasar-sanur/villa-cantik-2-kamar-tidur-di-sanur-dengan-private-pool-hor40845329/
Villa Cantik Baru di Umalas 2 Kamar Tidur dengan Pool Unfurnished,Rp 220.000.000,year,Umalas Badung,,2,250 m²,150 m²,Lainnya,UMALAS 2 BEDROOMS BRAND NEW VILLA FOR YEARLY RENTAL Have 2 unit villa Price Yearly rental IDR : 220 Million per year negotiable Specification : 250 m2 2 Bedrooms 2 Bathrooms Garden ❄️ A/C in every room for your comfort Enclosed Parking Guest toilet Laundry room Storage,,Gusti ArikAgen Independen,,https:/picture.rumah123.com/r123-images/300x300-crop/customer/999072/c264dc465e7071fad7ec976f2b9408a4.jpg,https://www.rumah123.com/properti/badung-umalas/villa-cantik-baru-di-umalas-2-kamar-tidur-dengan-pool-unfurnished-hor40784501/
2 Bedroom Modern Style At Sanur Closed Bypass Ngurah Rai,Rp 175.000.000,year,2 Bedroom Modern Style At Sanur Closed Bypass Ngurah Rai | vlr228410,2,3,,,,FOR RENT 2 Bedrooms Villa Modern Style at Sanur closed to bypass Ngurah Rai Sanur terkenal dengan daerah retired untuk turis asing selain itu Sanur saat ini merupakan kawasan yang sedang berkembang dengan adanya Mayo international hospital dan Icon Sanur mall begitu juga pantainya merupakan kawasan Pariwisata hotel dan resort berbintang . Lokasi villa ini dekat Rumah Sakit Bali Mandara hanya (800m )650 m ke Moral Intelligent School Mis 22 km Sanur Tengah Mall Icon Restoran kedai kopi butik pantai beach club . 23 km atau 9 menit berkendara ke pantai Mertasari 13 km atau 30 menit ke pelabuhan udara Ngurah rai Details : Luas tanah 105m2 Luas bangunan +/- 109m2 2 Kamar Tidur 2 kamar mandi penyimpanan tempat mencuci Dapur Area makan Ruang tamu Carport Kolam renang Air sumur bor Listrik 5500 watt Bangunan hadap timur Rp. 175000000/ year/nett price Available on 25 May 2026,,Agen Properti di Tangerang,,https:/picture.rumah123.com/r123-images/300x300-crop/customer/790923/c7c7376e4efd069b0c88ce95cf76e699.jpg,https://www.rumah123.com/properti/denpasar-sanur/2-bedroom-modern-style-at-sanur-closed-bypass-ngurah-rai-vlr228410/
Villa Cantik 3 Bedrooms di Umalas dengan Taman dan Private Pool,Rp 400.000.000,year,Badung,3,3,300 m²,150 m²,Lainnya,UMALAS 3 BEDROOMS VILLA FOR YEARLY RENTAL Enclosed Livingroom and Kitchen Price Yearly rental IDR : 400 Million per year Specification : 300 m2 3 Bedrooms 3 Bathrooms ‍♀ Swimming pool Garden ❄️ A/C in every room for your comfort Parking area Guest toilet,,Agen Properti di Tangerang,,https:/picture.rumah123.com/r123-images/300x300-crop/customer/999072/0f40b1da018072aabd38ffa4952f7a28.jpg,https://www.rumah123.com/properti/badung-umalas/villa-cantik-3-bedrooms-di-umalas-dengan-taman-dan-private-pool-hor40842627/
Big Villa 3 Bedrooms At Sanur 11 Are For Rent,Rp 450.000.000,year,Big Villa 3 Bedrooms At Sanur 11 Are For Rent | Rumah123,3,2,1100 m²,400 m²,SHM,Big Villa 3 Bedrooms At Sanur 11 Are FOR RENT * Fusion of Balinese and Western architecture * Land size: 11 are * Direct access to Jalan Batur Sari * Private gate and spacious parking area * Family-friendly environment * Tropical garden and private swimming pool * Comfortable open spaces * Close to restaurants spas supermarkets and night markets * 7 minutes drive to the beach * 10 minutes to Sanur International Hospital * 15 minutes from Dyatmika School Propert Specifications : * Land size: 11 Are (11000m²) * Building size: 400m² * Electricity: 7700 Watt * 1 Joglo master bedroom with ensuite bathroom bathtub dan walk-in wardrobes * 3 bedrooms with 2 ensuite bathrooms * 1 guest bathroom * Open/enclosed living and dining area * Open lounge * 6 air conditioners * 2 ceiling fans * Western kitchen with oven (4 Burner) * SAMSUNG refrigerator * Maid room with bathroom * Laundry room with washing machine * Carport for 5 cars * Fully furnished * Terrace with tropical plants and garden * Swimming pool (8m x 3.5m x 1.6m) * Big garden * CCTV + Internet * 4-year lease available * IDR 450000000 per year (Negotiable ) Further Details Please Contact : +62818xxxxxxxx Whatsapp ),,Gusti ArikAgen Independen,,https:/picture.rumah123.com/r123-images/300x300-crop/customer/999072/fbd3d0b465cffa0cb18e2365e8aef95c.jpg,https://www.rumah123.com/properti/denpasar-sanur/big-villa-3-bedrooms-at-sanur-11-are-for-rent-hor19385485/
Villa Cantik 2 Kamar di Canggu dengan Taman dan Pool,Rp 190.000.000,year,Villa Cantik 2 Kamar di Canggu dengan Taman dan Pool | Rumah123,2,2,200 m²,100 m²,Lainnya,Experience the Ultimate Slow Living in Canggu! ​Looking for a place to call home in Bali? This beautiful 2-bedroom villa offers the perfect blend of modern minimalism and tropical charm. Imagine waking up to a pool view every morning and enjoying the breezy open-living space of your own private sanctuary. ​The Details: ✨ Spacious 200 m2 layout ✨ 2 Cozy Bedrooms (Full A/C) ✨ 2 En-suite Bathrooms ✨ Crystal Clear Swimming Pool ✨ Lush Green Garden ✨ Private Parking Area ​Whether you're a digital nomad or a couple looking for peace this villa is designed for comfort and style. ​ Price: IDR 190 Million / Year Location: Canggu Bali ​,,Agen Properti di Tangerang,,https:/picture.rumah123.com/r123-images/300x300-crop/customer/999072/6eb5c3a3926337679cf04985fe63f876.jpg,https://www.rumah123.com/properti/badung-canggu/villa-cantik-2-kamar-di-canggu-dengan-taman-dan-pool-hor41151771/
Rumah Bagus 3 Kamar Tidur Di Batu Bolong Canggu Minimal 3 Tahun,Rp 300.000.000,year,Rumah Bagus 3 Kamar Tidur Di Batu Bolong Canggu Minimal 3 Tahun | Rumah123,,3,200 m²,150 m²,SHM,BATU BOLONG 3 BEDROOMS BRAND NEW VILLA FOR YEARLY RENTAL Price Yearly rental IDR : 300 Million per years minimum 2 years rent Specification :,,Gusti ArikAgen Independen,,https:/picture.rumah123.com/r123-images/300x300-crop/customer/999072/5aff2e36320e61b2ac0ad14c751aca4b.jpg,https://www.rumah123.com/properti/badung-canggu/rumah-bagus-3-kamar-tidur-di-batu-bolong-canggu-minimal-3-tahun-hor39942059/
Brand New 2 Bedrooms Villa Near Pandawa Beach In Dharmawangsa Nusa Dua,Rp 200.000.000,year,Badung,2,3,100 m²,120 m²,Lainnya,4 Brand New 2 Bedrooms Villa Near Pandawa Beach In Dharmawangsa Nusa Dua Land Size 100m2 Building Size 120m2 2 Bedrooms 3 Bathrooms Living Room Kitchen & Dinning Private Swimming Pool Carport For 1 Car PDAM Water Supply Electricity 4.400 Watt High Speed Internet Connection Fully Furnished 6 Meters Road Access Property can be subleased with written notice (suitable for short/long-term rental business) IDR 200 Million/Year OR0544/V261/AD,,Agen Properti di Tangerang,,https:/picture.rumah123.com/r123-images/300x300-crop/customer/796950/6424f85ca9ba9b5cf393710d4b10a631.jpg,https://www.rumah123.com/properti/badung-nusa-dua/brand-new-2-bedrooms-villa-near-pandawa-beach-in-dharmawangsa-nusa-dua-hor40238063/
Villa Cantik di Mumbul Dekat Toll Nusa Dua,Rp 250.000.000,year,Badung,3,3,300 m²,150 m²,SHM,Villa Cantik Di Mumbul Dekat Toll Nusa Dua Luas Tanah 300m2 Luas Bangunan 150m2 1 lantai 3 Bedrooms 3 Bathrooms Living Room Kitchen+Dinning Guest Toilet Swimming Pool Garden Carport Full Furnished+CCTV Electricity 4400 Watt SHM IMB 2021 Include: Pool Maintenance Gardener 1x/week Cleaning 1x/week 250 Juta/Year OR446/ DS/D2,,Agen Properti di Tangerang,,,https://www.rumah123.com/properti/badung-nusa-dua/villa-cantik-di-mumbul-dekat-toll-nusa-dua-hor10728362/
Vila 4 Kmr Murah Siap Huni di Kemenuh Ubud Area,Rp 275.000.000,year,Vila 4 Kmr Murah Siap Huni di Kemenuh Ubud Area | vlr224563,4,4,,,,Vila Di sewakan pertahun 275 juta - Fully furnish - 3 kmr + kmr mandi dalam - powder room - ⁠Living room - ⁠Kitchen are - ⁠kmr pbtu + kmr mandi dalam - ⁠pool - ⁠carpot dko,,Agen Properti di Tangerang,,https:/picture.rumah123.com/r123-images/300x300-crop/customer/1969747/37a301ce76b963818f9b1600d2c439ed.jpg,https://www.rumah123.com/properti/gianyar-ubud/vila-4-kmr-murah-siap-huni-di-kemenuh-ubud-area-vlr224563/
Rumah Sewa Lokasi Strategis View Pantai Bali,Rp 195.000.000,year,Badung,2,3,120 m²,180 m²,Lainnya,Disewakan Rumah dengan Ocean View Tenang di Area Paradiseloft - Jimbaran Nikmati kenyamanan tinggal di villa dengan pemandangan laut penuh (full ocean view) yang berada di area perbukitan yang tenang. Berlokasi di kawasan Paradiseloft Villa dengan jalan buntu sehingga suasana sangat privat tidak bising dan udaranya masih sangat bersih. Spesifikasi Properti : Luas Tanah: 120 m² Luas Bangunan: 180 m² (termasuk rooftop untuk BBQ) Kamar Tidur: 2 Kamar Mandi: 2 Ruang Kantor / Wardrobe: 1 Toilet Tamu: 1 Kolam Renang Pribadi Rooftop area untuk BBQ & bersantai Garasi : 1 mobil Ruang Penyimpanan: 1 Ruang Cuci: 1 Fasilitas : Semi Furnished (bisa disesuaikan sesuai permintaan) Listrik 5.500 watt Air gratis dari sumur bawah tanah CCTV WiFi Biaya sampah Rp50.000 / bulan Lokasi Strategis : Dekat dengan berbagai fasilitas penting: Beberapa menit ke cafe restoran pasar tradisional sekolah & universitas 5 menit ke Gym (Club Jimbaran) dan Pantai Jimbaran 15 menit ke Pantai Nusa Dua Pantai Pandawa dan Pantai Melasti 10 km ke Bandara Internasional Ngurah Rai Harga sewa : Rp 195 juta / tahun Leasehold 23 tahun: Rp 35 M,,Agen Properti di Tangerang,,https:/picture.rumah123.com/r123-images/300x300-crop/customer/4441331/25d14371e5aa6899c3f8f60dbb1d0072.jpg,https://www.rumah123.com/properti/badung-jimbaran/rumah-sewa-lokasi-strategis-view-pantai-bali-hor41206949/
For Rent Villa Ubud Central Bali,Rp 31.000.000,month,For Rent Villa Ubud Central Bali | vlr233917,2,2,,,,FOR RENT VILLA Ubud Central 2 Bedrooms 2 Bathrooms Fully equipped kitchen with dining table Swimming pool With jungle and rice field views Car access is possible as there is a parking area directly in front of the villa located in central Ubud. wenwen.property 0812xxxxxxxx,,Agen Properti di Tangerang,,https:/picture.rumah123.com/r123-images/300x300-crop/customer/4348172/b4d185235e34f2fb16422fb9397641a7.jpg,https://www.rumah123.com/properti/gianyar-ubud/for-rent-villa-ubud-central-bali-vlr233917/
Yearly Rental Ocean View Villa With Rooftop Walking Distance To Jimbaran Beach,Rp 600.000.000,year,Yearly Rental Ocean View Villa With Rooftop Walking Distance To Jimbaran Beach | Rumah123,3,3,360 m²,450 m²,Lainnya,21 Yearly Rental Ocean View Villa With Rooftop Walking Distance To Jimbaran Beach Only 10 Minutes Walk To Jimbaran Beach 5 Minutes Driving To Samasta 8 Minutes Driving To Sidewalk Jimbaran 20 Minutes DrivingTo Airport Land Size 360m2 Building Size 450m2 3 Floors 3 Bedrooms 4 Bathrooms Gym Room/Office/Movie Room/Play Room Living Room & Pantry Kitchen & Dinning Outdoor Sitting Area Staff Room & Bathroom Storage Laundry Area Swimming Pool Garden Carport For 2 Cars Furnished IDR 600 Million FHT5599/V358/AD,,Deasy StefanusAgen Korporat,,https:/picture.rumah123.com/r123-images/300x300-crop/customer/796950/0a74fd91369cc9ddf614a6569eda3f8c.jpg,https://www.rumah123.com/properti/badung-jimbaran/yearly-rental-ocean-view-villa-with-rooftop-walking-distance-to-jimbaran-beach-hor41128581/
Disewakan New Luxury Villa Senja - Tanah Lot Bali (026),Rp 300.000.000,day,Badung,3,4,,,,Disewakan villa mewah terbaru berlokasi strategis di kawasan Tanah Lot Bali. Villa ini menawarkan kenyamanan premium dengan desain modern cocok untuk hunian pribadi maupun long stay bagi ekspatriat. Spesifikasi Villa: * Luas Bangunan: 200 m² * 3 Kamar Tidur + 1 Kamar Tambahan * 4 Kamar Mandi * Gudang * Kolam Renang Pribadi * Parkir Pribadi * Rooftop luas ukuran 7 x 10 m Fasilitas: * Seluruh tempat tidur dan furnitur baru * Internet kecepatan tinggi hingga 200 Mbps Lokasi Strategis: * 3 menit ke pusat kebugaran * 10 menit ke Luna Beach / Nyanyi Beach * 15 menit ke Kedungu Beach * 15 menit ke kawasan wisata Tanah Lot Villa baru dengan suasana tenang dan akses mudah ke berbagai destinasi favorit Bali. Harga sewa: Rp300.000.xxx per tahun (nego) Segera manfaatkan kesempatan memiliki hunian eksklusif di Bali. Untuk informasi lebih lanjut atau penjadwalan survei Segera hubungi kami tlpn/wa : Debby 08822xxxxxxxx - sy,,Agen Properti di Tangerang,,https:/picture.rumah123.com/r123-images/300x300-crop/customer/1111324/821a326dc5829c2ec83fab4ccde3faf6.jpg,https://www.rumah123.com/properti/tabanan-tanah-lot/disewakan-new-luxury-villa-senja-tanah-lot-bali-026-vlr222303/
Minimum 3 Years Rental Great Choice For Living Beautiful Mix Balinesse & Modern Style Villa At Beachside Sanur,Rp 580.000.000,year,Minimum 3 Years Rental Great Choice For Living Beautiful Mix Balinesse & Modern Style Villa At Beachside Sanur,3,3,295 m²,250 m²,Lainnya,8 Great Choice For Living Beautiful Mix Balinesse & Modern Style Villa At Beachside Sanur Walking Distance To The Beach & Restaurants Land Size 295m2 Building Size 250m2 3 Bedrooms 3 Ensuites Bathroom Powder Room Fully Equipped Western Standart Kitchen Include: Dish Washer Dinning Area Terrace Saltwater Pool 3m x 7m Tropical garden Storage Staff Room & Bathroom Laundry Area Electricity 10600 Watt PDAM Solar Water Heater Building Permit 2023 (Pondok Wisata) Freehold (SHM) Carport For 1 Car Furnished IDR 580 Million/Year Negotiable OR7083/V264/AD,,Deasy AngAgen Korporat,,https:/picture.rumah123.com/r123-images/300x300-crop/customer/796950/69fa719470591dd67dd1f67a7fce1038.jpg,https://www.rumah123.com/properti/denpasar-sanur/yearly-rental-great-choice-for-living-beautiful-mix-balinesse-modern-style-villa-at-beachside-sanur-hor40257532/
Brand New 3 Bedrooms Villa At Beachside Sanur,Rp 550.000.000,year,Brand New 3 Bedrooms Villa At Beachside Sanur | Rumah123,3,3,300 m²,250 m²,Lainnya,14 Brand New 3 Bedrooms Villa At Beachside Sanur Land Size 300m2 Building Size 250m2 3 Bedrooms 3 Bathrooms Living Room Kitchen & Dinning Maidroom + Bathroom Laundry Area Swimming Pool Garden Carport For 1 Car Electricity 7700 Watt Sumur Bor Furnished IDR 550 Million/Year FHT109/VV341/AD,,Agen Properti di Tangerang,,https:/picture.rumah123.com/r123-images/300x300-crop/customer/796950/78f34cb7c6235dabc526b52e91c6bec2.jpg,https://www.rumah123.com/properti/denpasar-sanur/brand-new-3-bedrooms-villa-at-beachside-sanur-hor40936632/
Brand New 3 Bedrooms Villa At Beachside Sanur,Rp 600.000.000,year,Brand New 3 Bedrooms Villa At Beachside Sanur | Rumah123,3,3,300 m²,250 m²,Lainnya,15 Brand New 3 Bedrooms Villa At Beachside Sanur Land Size 300m2 Building Size 250m2 3 Bedrooms 3 Bathrooms Living Room Kitchen & Dinning Maidroom + Bathroom Laundry Area Swimming Pool Garden Carport For 2 Cars Electricity 7700 Watt Sumur Bor Furnished IDR 600 Million/Year FHT109/VV342/AD,,Agen Properti di Tangerang,,https:/picture.rumah123.com/r123-images/300x300-crop/customer/796950/76f9b73e59e2eb066ce09f91702860e4.jpg,https://www.rumah123.com/properti/denpasar-sanur/brand-new-3-bedrooms-villa-at-beachside-sanur-hor40936747/
Serenity Of Ungasan's Newest Luxury 4 Bedrooms Villa - Exclusive Leasehold Opportunity,Rp 15.000.000.000,year,Badung,4,5,,,,A tropical luxury villa with an ocean view situated in Ungasan a lovely neighborhood encircled by the ocean that runs the length of southern Bali the magnificent Garuda Wisnu Kencana statue and natural surroundings is seemingly blessed with limitless vistas of ocean and sky. Each room is tastefully furnished and decorated with modern styled details. The villa features four bedrooms that are all intended as master suites a fitted wardrobe a bathtub and a workspace in the corner. Our master bedrooms are all constructed with high-quality materials to maximize your Bali vacation experience. The comfort of your sleep and rest are our top priorities at our villa. We offer complete latex mattresses and premium latex beds in Super King size. A huge sunken living room a dining area that can accommodate up to eight people a luxury multipurpose kitchen with solid surface island table and an open living room design and a large swimming pool are all features that will make your life more comfortable. Available for Yearly rental also Leasehold title. Villa features: 3 storey building Land size: 330m2 Building size: 400m2++ 4 Master Bedrooms 4 Master Bathrooms 1 Sharing Bathrooms (Visitor toilet) Sunken living room with 55' Smart TV 4K UHD Dolby Atmos Up to 8 pax dining table Wood dinning set Kitchen equipped with a gas stove cooker hood (exhaust stove) oven + microwave and refrigerator. Solid surface island table Safety box each bedroom Swimming pool: 4m x 10m Garden equipped with automatic watering system. Carport: 2 cars and 2 motorcycle Rooftop: 360deg view multifunction area Laundry area or service room. (An empty space that can be used to construct an additional room or rooms for staff/butler) Private road entrance Please contact me today to arrange your inspection for this property and to obtain additional information.,,Agen Properti di Tangerang,,https:/picture.rumah123.com/r123-images/300x300-crop/customer/779036/491fe227d4e5509a6245c392844e2aee.jpg,https://www.rumah123.com/properti/badung-ungasan/serenity-of-ungasans-newest-luxury-4-bedrooms-villa-vlr140603/
Kbp1566 Minimalist House With Pool And Garden West Of Bypass Sanur,Rp 300.000.000,year,Kbp1566 Minimalist House With Pool And Garden West Of Bypass Sanur | vlr233778,3,2,,,,ID : KBP1566 Sanur Sanur - Yearly Rental 3 Bedrooms Villa IDR 300 Mill/ Year Westside Area Minimalist House with pool and Garden West of Bypass Sanur This house has a 2nd floor building has 3 bedrooms a closed living room and kitchen there is also a room for laundry this house also has a garden that is quite large and very safe for children to play. this house is in a safe quiet residential neighborhood. near to bali mandara hospital. 7 Minutes drive to the Beach 25 Minutes drive to the Airport Details: - 2-Storey Building - 300 Sqm land Size - 200 Sqm Building size - full furnish - Close Living - 3 Bedrooms - 2 Bathrooms - Closed Kitchen - Hot Water - Stove - Aircon 2 - Balcony - Rooftop - Guest Toilet - Swimming Pool - Terrace - Storage - Maidroom - Laundry Area - Garden - Parking Space - Well water Supply - Electric Capacity 5500 Watt,,Agen Properti di Tangerang,,https:/picture.rumah123.com/r123-images/300x300-crop/customer/817697/d3bc40cba5659da5c488eabcb8048330.jpg,https://www.rumah123.com/properti/denpasar-sanur/kbp1566-minimalist-house-with-pool-and-garden-west-of-bypass-sanur-vlr233778/
Kbp1370 Charming 2 Bedroom Villa In Sanur .,Rp 205.000.000,year,Kbp1370 Charming 2 Bedroom Villa In Sanur . | vlr234069,2,2,,,,ID : KBP1370 SANUR Sanur - Yearly Rental. 2 Bedrooms Villa IDR 205 Million/ Year Westside area charming 2 bedroom villa in sanur . This villa stands on 130 sqm of land with a modern minimalist design has an open living room and kitchen which are directly connected and separate from the bedroom. there is a swimming pool in the courtyard area and it is rented with full furniture the location is very comfortable and safe far from the crowds easy to find the main road and also close to the hospital only 6 minutes to the beach. Detail : - 1-Storey building - 130 Sqm land size - Building Size 100 Sqm - Full Furnish - Open Living room - 2 Bedrooms - 2 Bathrooms - 2 Ac - Open Kitchen - Stove - Fridge - Hot Water - Swimming pool - Outdoor Shower - Parking Space - Well Water Supply - Electric 5500 Watt,,dessy yantiAgen Independen,,https:/picture.rumah123.com/r123-images/300x300-crop/customer/817697/71b517e0d0b50c58491bc3fe5574f6c9.jpg,https://www.rumah123.com/properti/denpasar-sanur/kbp1370-charming-2-bedroom-villa-in-sanur-vlr234069/
Kbp0661 Beautiful House With Good Quality And Well Maintained.,Rp 130.000.000,year,Badung,3,2,,,,ID : KBP0661 SANUR JIMBARAN - Yearly Rental. 3 Bedrooms House IDR 130 mill / Year Beautiful House With Good Quality and Well Maintained. The 2nd floor building is located in an elite residential complex with a safe and well-maintained environment. Has 1 bedroom with private bathroom and 2 other rooms share bathroom. Living and closed kitchen complete with furniture. Close to the supermarket and coffee shop Close to Traditional Market 15 Minutes drive to the Airport Detail : - 2-Storey building - 150 Sqm land size - Building Size 175 Sqm - Closed Living - 3 Bedrooms - 2 Bathrooms - Fully Furnished - Closed kitchen - Stove - Refrigerator - Aircon 4 - Hot Water - Guest toilet - Small Garden - Balcony - Maidroom bedroom + bathroom - Storage - Laundry area - Garage - PDAM Water Supply - Electric 5500 Watt,,Agen Properti di Tangerang,,https:/picture.rumah123.com/r123-images/300x300-crop/customer/817697/c2dd96228f25283ccb625478d8cc9533.jpg,https://www.rumah123.com/properti/badung-jimbaran/kbp0661-beautiful-house-with-good-quality-and-well-maintained-vlr218338/
Kbp1567 Brand-New 2-Bedroom Villa In The Beachside Area.,Rp 250.000.000,year,https://www.rumah123.com/properti/denpasar-sanur/kbp1567-brandnew-2bedroom-villa-in-the-beachside-area-vlr234550/,2,2,,,,ID : KBP1567 SANUR Sanur - YEARLY RENTAL 2 Bedrooms Villa IDR 250 Mill / Year Beachside Area Brand-new 2-bedroom villa in the beachside area. This villa sits on 114 sqm of land and is available for rent unfurnished complete with a swimming pool. The neighborhood is very comfortable and strategic close to Icon Mall a traditional market and within walking distance to the beach. It offers easy access to nearby food and restaurants. 25 Minutes drive to The Airport Detail : - 1-Storey building - 114 Sqm land size - Building Size 80 Sqm - closed Living - 2 Bedrooms - 2 Bathrooms - Closed Kitchen - Unfuniture - Hot water - Stove - Ac 3 - Swimming pool - Small Garden - Parking Space - Well Water Supply - Electric 5500 Watt,,dessy yantiAgen Independen,,https:/picture.rumah123.com/r123-images/300x300-crop/customer/817697/fb51716cc4c96fcdb9792eaf18ec8ccf.jpg,https://www.rumah123.com/properti/denpasar-sanur/kbp1567-brandnew-2bedroom-villa-in-the-beachside-area-vlr234550/
Kbp1569 Charming Villa Brandnew 3 Bedroom For Leasehold Rental.,Rp 250.000.000,year,Badung,3,3,,,,ID : KBP1569 SANUR SANUR - Leasehold RENTAL 3 Bedrooms Villa IDR 25 Billion For 10 Years Leasehold Rental Westside Area Charming Villa Brandnew 3 Bedroom for Leasehold Rental. This villa has a land area of ​​200 sqm with a 2-story building fully furnished so it is ready to be occupied immediately. The house is clean and bright very well maintained also equipped with a swimming pool the environment is very safe and comfortable it is very easy to find groceries supermarkets and also only a 7-minute drive to the beach. Easy to find Groceries 25 Minutes drive to The Airport Detail : - 2-Storey building - 200 Sqm land size - Building Size 210 Sqm - Closed Living - 3 Bedrooms - 3 Bathrooms - Closed Kitchen - Fully furnish - Hot water - Ac 4 - Refrigerator - Stove - Ceilling Fan - Dinning area - Laundry Area - swimming pool - Guest Toilet - Storage - Garden - Parking Space - Well Water Supply - Electric 7700 Watt,,Agen Properti di Tangerang,,https:/picture.rumah123.com/r123-images/300x300-crop/customer/817697/0b201ede6c4c2c718719a6f47d4c5be0.jpg,https://www.rumah123.com/properti/denpasar-sanur/kbp1569-charming-villa-brandnew-3-bedroom-for-leasehold-rental-vlr234553/
Kbp1536 Charming Villa In A Prime Location Sanur,Rp 150.000.000,year,Kbp1536 Charming Villa In A Prime Location Sanur | vlr225226,3,2,,,,ID : KBP1536 SANUR Sanur - For Yearly Rental And Freehold Sale 3 Bedrooms Villa IDR 150 Million/ Year Available For Freehold Sale IDR 3 Billion Beachside AREA Charming villa in a prime location sanur This house stands on 117 square meters of land with a 2nd floor buildingthere are 3 bedrooms. This house is in a strategic location quiet safe and comfortable. Close to the Maindroad Walking Distance to the Beach 20 Minutes drive to the Airpot Details: - 2-Storey building - 117 Sqm land area - 200 Sqm Building Size - Semi Furnish - Close Living - 3 Bedrooms - 2 Bathrooms - Close Kitchen - Stove - Fridge - Hot Water - Guest Toilet - Aircon 3 - Balcony - Terrace - Swimming Pool - Laundry Area - Garage - Gazebo - Well Watter supply - Electricity 3500 watt,,Agen Properti di Tangerang,,https:/picture.rumah123.com/r123-images/300x300-crop/customer/817697/029743d59378e71e8ec74e3ca62fc047.jpg,https://www.rumah123.com/properti/denpasar-sanur/kbp1536-charming-villa-in-a-prime-location-sanur-vlr225226/
Brand New Villa On Jl. Pantai Batu Bolong Canggu For 3 Years Rent.,Rp 435.000.000,year,Brand New Villa On Jl. Pantai Batu Bolong Canggu For 3 Years Rent. | vlr119790,3,3,,,,Brand New Villa @ Pantai Batu Bolong Canggu For Rent Price : Rp. 435 million/year (min. 3 year paid Upfront) Land Size : 200 m2 Building Size: +/- 180 m2 Bedroom : 3 Bathroom : 3 Fully furnished. Carport Electricity : 5500 watt Water : Well Water Facing : South & West Road Access : 6 m,,Emilia FinantaAgen KorporatNIB:121021004****,,https:/picture.rumah123.com/r123-images/300x300-crop/customer/1782274/b936b3fde144c03f59e68c8734eb6d4c.jpg,https://www.rumah123.com/properti/badung-canggu/brand-new-villa-on-jl-pantai-batu-bolong-canggu-for-3-years-rent-vlr119790/
Villa Tropis Modern Style Dekat Pantai Melasti dan Savaya,Rp 6.000.000.000,year,Badung,3,4,300 m²,235 m²,Lainnya,Hunian eksklusif dengan yang memadukan kemewahan dan ketenangan dalam satu lokasi strategis di Bali Selatan. Terletak di Ungasan yang berkembang pesat villa ini menawarkan suasana private nyaman dan cocok untuk tempat tinggal jangka panjang maupun short stay premium. Desain arsitektur yang stylish pencahayaan alami yang maksimal serta tata ruang yang lapang menciptakan atmosfer hangat dan homey. Detail : Luas tanah 300 m2 Luas bangunan 235 m2 3 kamar tidur dengan AC dan TV 3 kamar mandi dengan 1 bak mandi 1 toilet tamu Full furnished Ruang tamu luas dengan smart TV AC dan kipas angin Sepak bola mini dan sepeda statis di lantai dua Dapur lengkap Kolam renang pribadi Rooftop dengan view lembah dan laut Carport (bisa untuk 2 mobil) Listrik 7700 watt Total 4 unit AC PBG/SLF lengkap Dekat ke : 5 menit ke Sundays Beach Club 6 menit ke Pusat Perbelanjaan Ithon Mart dan Coco Mart 7 menit ke Pantai Melasti dan White Rock Beach Club 9 menit ke Savaya Bali 10 menit ke GWK 15 menit ke Sidewalk Mall dan Kampus Unud 38 menit ke Bandara I Gusti Ngurah Rai Harga sewa : Rp. 6 Miliar (nego) *untuk masa sewa 25 tahun,,Agen Properti di Tangerang,,https:/picture.rumah123.com/r123-images/300x300-crop/customer/1605825/c2994674a47a21ce21f067668f024e85.jpg,https://www.rumah123.com/properti/badung-jimbaran/villa-tropis-modern-style-dekat-pantai-melasti-dan-savaya-hor41086440/
Villa Gaya Industrial Modern Dekat Sidewalk Mall dan Pantai Melasti,Rp 230.000.000,year,Jimbaran Badung,3,4,100 m²,160 m²,Lainnya,Terletak di Ungasan hanya 10 menit ke Sidewalk Mall. Dengan akses mudah ke pantai-pantai populer seperti Pantai Pandawa Pantai Melasti serta area wisata dan fasilitas umum seperti pasar restoran beach club pusat pendidikan dll. Detail : Luas tanah 100 m2 Luas bangunan 160 m2 2 lantai 4 kamar mandi 3 kamar tidur include kasur setra dari kingkoil Air PDAM Listrik 5500 watt Kompor oven microwave Kulkas 4 pintu Kolam renang Tangki air 5000 liter Dekat ke : 9 menit ke Kampus Unud 10 menit ke Bukit Pandawa Golf 11 menit ke GWK 12 menit ke Pantai Melasti dan Hotel Kempinski 26 menit ke Bandara I Gusti Ngurah Rai Harga sewa : Rp. 230 juta / tahun,,JohnHokkyAgen KorporatNIB:121021004****,,https:/picture.rumah123.com/r123-images/300x300-crop/customer/1605825/10a6ecdcbf65feab940237ee5ed1dbc1.jpg,https://www.rumah123.com/properti/badung-jimbaran/villa-gaya-industrial-modern-dekat-sidewalk-mall-dan-pantai-melasti-hor40938767/
Dijual / Disewakan Vila di Legian Dekat Pantai Padma,Rp 250.000.000,year,Badung,2,2,,,,Disewakan per tahun atau jangka panjang cocok untuk hunian dan investasi Luas Tanah : 1500 m2 2 bangunan Luas bangunan: 150m2 & 100m2 Lantai : 2 Kamar Tidur : 2 Kamar Mandi : 2 Garasi : 4 mobil Listrik : 10.000watt Air: sumur Hadap : selatan Lebar akses jalan : 4meter Leasehold 1.500.000.xxx Milyar untuk 6 tahun Sewa: 250 juta/th,,Agen Properti di Tangerang,,https:/picture.rumah123.com/r123-images/300x300-crop/customer/1605825/e18a31f83934f47804a2db43a0c5024d.jpg,https://www.rumah123.com/properti/badung-kuta/dijual-disewakan-vila-di-legian-dekat-pantai-padma-vlr230369/
Villa Baru Gaya Modern Dekat Plaza Renon dan Pantai Sanur,Rp 34.000.000.000,year,Villa Baru Gaya Modern Dekat Plaza Renon dan Pantai Sanur | Rumah123,2,2,187 m²,140 m²,Lainnya,Bangunan baru dengan nuansa modern dirancang dengan detail elegan dan tata ruang yang fungsional. Villa ini menawarkan pengalaman hunian premium yang nyaman privat dan berkelas. Berada di area strategis namun tetap tenang serta memiliki akses mudah ke pusat Kota Denpasar serta berbagai fasilitas penunjang gaya hidup modern. Sehingga cocok sebagai tempat tinggal atau peluang bisnis. Detail : Luas tanah 187 m2 Luas bangunan 140 m2 Dapur dengan Island Kitchen Ruang penyimpanan (storage) Area parkir untuk 2 mobil dan sepeda motor Asuransi properti selama 5 tahun Kolam renang pribadi Jalan akses: 6 meter beraspal Keamanan 24 jam Dilengkapi perabot lengkap : 2 kasur King Coil Meja samping tempat tidur 3 TV 3 AC Lemari TV Lemari pakaian built-in Sofa Kursi bar Meja & kursi makan Kompor induksi Penghisap asap Meja & kursi kerja Kulkas Ventilasi pada setiap kamar mandi Dispenser Microwave Mesin pembuat kopi Pemanggang roti Kipas langit-langit dengan lampu Lampu gantung Meja ruang tamu Pemanas air Penampung air Air: PDAM Listrik: 5.500 watt Ada biaya bulanan IPL sebesar Rp 14 juta untuk: keamanan Banjar sampah pemeliharaan dan listrik di area umum. Dekat ke : 5 menit ke Plaza Renon 8 menit ke Lapangan Puputan Renon dan Bali Internasional Hospital (BIH) 13 menit ke Icon Mall 15 menit ke Pantai Matahari Terbit Sanur 21 menit ke Tol Bali Mandara 37 menit ke Bandara I Gusti Ngurah Rai Harga sewa : Rp. 34 Miliar (nego) *hak sewa 30 tahun dapat diperpanjang hingga 20 tahun lagi,,Agen Properti di Tangerang,,https:/picture.rumah123.com/r123-images/300x300-crop/customer/1605825/5a05087095c21ef1d08ed9e8d3ba9dc0.jpg,https://www.rumah123.com/properti/denpasar-sanur/villa-baru-gaya-modern-dekat-plaza-renon-dan-pantai-sanur-hor41002737/
Villa Baru Modern Style Dekat Plaza Renon dan Pantai Sanur,Rp 15.000.000.000,year,Villa Baru Modern Style Dekat Plaza Renon dan Pantai Sanur | Rumah123,1,1,90 m²,70 m²,Lainnya,Bangunan baru dengan nuansa modern dirancang dengan detail elegan dan tata ruang yang fungsional. Villa ini menawarkan pengalaman hunian premium yang nyaman privat dan berkelas. Berada di area strategis namun tetap tenang serta memiliki akses mudah ke pusat Kota Denpasar serta berbagai fasilitas penunjang gaya hidup modern. Sehingga cocok sebagai tempat tinggal atau peluang bisnis. Detail : Luas tanah 909 m2 Luas bangunan 70 m2 Kamar mandi dengan bak mandi dan skylight Dapur terbuka Tempat parkir untuk mobil dan motor Kolam renang pribadi Taman kecil Kolam renang pribadi Jalan akses: 6 meter beraspal Keamanan 24 jam Dilengkapi perabot lengkap : 1 kasur King Coil Meja samping tempat tidur TV dan AC Lemari TV Lemari pakaian built-in Sofa dan meja Kompor induksi Exhaust fan kamar mandi Kulkas Ventilasi pada setiap kamar mandi Dispenser Kipas langit-langit dengan lampu Lampu gantung Pemanas air Air: PDAM Listrik: 5.500 watt Ada biaya bulanan IPL sebesar Rp 700 ribu untuk: keamanan Banjar sampah pemeliharaan dan listrik di area umum. Dekat ke : 5 menit ke Plaza Renon 8 menit ke Lapangan Puputan Renon dan Bali Internasional Hospital (BIH) 13 menit ke Icon Mall 15 menit ke Pantai Matahari Terbit Sanur 21 menit ke Tol Bali Mandara 37 menit ke Bandara I Gusti Ngurah Rai Harga sewa : Rp. 15 Miliar (nego) *hak sewa 30 tahun dapat diperpanjang hingga 20 tahun lagi,,JohnHokkyAgen KorporatNIB:121021004****,,https:/picture.rumah123.com/r123-images/300x300-crop/customer/1605825/018da534464185e6f9296773198b3ff2.jpg,https://www.rumah123.com/properti/denpasar-sanur/villa-baru-modern-style-dekat-plaza-renon-dan-pantai-sanur-hor41045505/
Great Choice For Living! Wonderful Villa With Garden Ocean View Ricefileld & Mountain View Near Keramas Beach,Rp 340.000.000,year,Badung,4,4,350 m²,250 m²,SHM,23 Great Choice For Living! Villa With Garden Ocean View Ricefield & Mountain View Near Keramas Beach Only 5 Minutes Driving To Keramas Beach Land Size 350m2 Building Size 250m2 Facing To East 4 Bedrooms 4 Ensuite Bathrooms Powder Room Living Room Kitchen & Dinning Maidroom + Bathroom Swimming Pool Garden Carport For 2 Cars Internet Available Furnished IDR 340 Million/Year OR7564/ *DS*/D2,,Agen Properti di Tangerang,,https:/picture.rumah123.com/r123-images/300x300-crop/customer/796950/2023-10-12-06-13-37-0bc7b90f-a80d-4a14-ac96-8affb8b26caa.jpg,https://www.rumah123.com/properti/gianyar-keramas/great-choice-for-living-wonderful-villa-with-garden-ocean-view-ricefileld-mountain-view-near-keramas-beach-hor15091866/
Villa menawan dengan pool dan garden di Ungasan,Rp 516.000.000,year,Badung,4,4,500 m²,300 m²,SHM,Ungasan Land size : 500 m² 4 bedrooms (bathroom inside) Powder room Staff room 1 Toilet staff: 1 Patio Swimming pool Newly renovated Electric 11.000 watt Rent: IDR 516 Mio/year Includes: Cleaning: 1x a week Garden and pool: 2x week,,Agen Properti di Tangerang,,https:/picture.rumah123.com/r123-images/300x300-crop/customer/1736096/2024-06-04-16-07-15-1cea9592-efb2-48aa-87fb-c3cbc5bd89bf.jpg,https://www.rumah123.com/properti/badung-ungasan/villa-menawan-dengan-pool-dan-garden-di-ungasan-hor17279469/
Villa Modern Minimalis Di Lingkungan Asri Jimbaran,Rp 450.000.000,year,Villa Modern Minimalis Di Lingkungan Asri Jimbaran | Rumah123,3,4,360 m²,550 m²,SHM,Villa available for rent in early August 2025 Land area: 360 m² Building area: 550 m² Electricity: 7700 watt Water: PDAM Road access : 4 meter Certificate: SHM / Rooms: 3 ensuite Bathrooms: 4 Maid room 1 Laundry room Carport for 2 cars Facing: North Excluding: pool service gardening housekeeping Garbage disposal fee Banjar fee Internet Cable TV (Indovision) Annual rental price Idr 450jt,,ArsandiAgen IndependenNIB:230823011****,,https:/picture.rumah123.com/r123-images/300x300-crop/customer/1736096/33fb19ebd1ff3deb1b7e39bddb751f65.jpg,https://www.rumah123.com/properti/badung-jimbaran/villa-modern-minimalis-di-lingkungan-asri-jimbaran-hor39387572/
Villa Mewah 3 KT Hanya 10 Menit ke Pantai Pererenan Bali,Rp 90.000.000,month,Badung,3,3,,,,Available for Monthly Rent - Naga Hoki Villa Pererenan Bali Pererenan North Kuta Villa mewah 2 lantai dengan 3 kamar tidur kolam renang pribadi dan meja biliar berlokasi di area villa yang tenang hanya 20 meter dari jalan utama Canggu. Luas: - Luas tanah 490 m² - Luas bangunan 300 m² Lokasi Strategis: - 1 menit ke tempat Gym - 10 menit ke La Brisa Beach Club - 10 menit ke Pantai Pererenan & Echo Beach Fasilitas Villa: - 3 kamar tidur (1 master di lantai bawah 2 kamar di lantai atas) - Ruang tamu nyaman - Dapur lengkap - Meja biliar & mini bar - Kolam renang pribadi besar - Taman luas dengan gazebo (untuk 2-3 orang) - 2 kursi berjemur Parkir: - Garasi 1 mobil - Parkir motor luas Include Harga: - WiFi - Cleaning 3x per minggu - Ganti linen & handuk 1x per minggu - Perawatan kolam & taman - Sampah & iuran banjar Tidak Termasuk: - Listrik (sesuai pemakaian) - Air galon - Gas Tidak diperbolehkan membawa hewan peliharaan Harga Sewa Bulanan: IDR 90.000.000,,Agen Properti di Tangerang,,https:/picture.rumah123.com/r123-images/300x300-crop/customer/1768630/c7be07b76e3114919d7c2803f618aa61.jpg,https://www.rumah123.com/properti/badung-pererenan/villa-mewah-3-kt-hanya-10-menit-ke-pantai-pererenan-bali-vlr209828/
Dikontrakkan Rumah Semi Villa Dekat Kampus Udayana Jimbaran,Rp 180.000.000,year,Dikontrakkan Rumah Semi Villa Dekat Kampus Udayana Jimbaran | Rumah123,3,3,100 m²,80 m²,Lainnya,Disewakan Rumah semi Villa with Swimming pool di jimbaran. Rumahnya type 2 lantai dan one gate system Spesifikasi Tahun bangunan : 2024xxxx Luas Tanah : 100 M2 Luas bangunan : 80M Kamar Tidur : 3 Kamar Mandi : 3 Hadap Mana : Selatan Kitchen Livingroom. Garasi : 1 mobil + Kanopi Listrik : 5500 Jalan meter : 5 Meter Air : PDAM Furnish / unfurnish : Furnish Kolam Renang : 6× 3 M Sudah ad Wifi Harga sewa per tahun : 180 Juta Minat? Hubungi: Wa: 0878xxxxxxxx Ivn Dekat dari berbagai fasilitas : 10 menit ke garuda wisnu kencana 10 menit ke pantai melasti 7 menit ke univ. Udayana 15 menit ke sidewalk 15 menit ke rs udayana.,,Victor BudimanAgen KorporatNIB:812001416****,,https:/picture.rumah123.com/r123-images/300x300-crop/customer/1355712/b957013605582c172e4885a0965bcbf4.jpg,https://www.rumah123.com/properti/badung-jimbaran/dikontrakkan-rumah-semi-villa-dekat-kampus-udayana-jimbaran-hor40716915/
Dikontrakkan Rumah Semi Villa 2 Bedroom Dekat ke Sanur,Rp 87.000.000,year,Dikontrakkan Rumah Semi Villa 2 Bedroom Dekat ke Sanur | Rumah123,2,2,300 m²,200 m²,Lainnya,Disewakan rumah semi Villa lokasi Denpasar timur dekat sekolah dyatmika dan dekat ke sanur Spesifikasi sebagai berikut : Berapa Lantai : 2 Luas Tanah : 300 Luas bangunan : 200 Kamar Tidur : 2 Kamar Mandi :2 Hadap Mana : timur Garasi : 1 Listrik : 7.500 Jalan meter : 6 meter Air : pdam tandon 2 Imb : ad Furnish / unfurnish : Furnish Harga 87/th Jika ambil 2 th jadinya 77 / thnya Minat? Hubungi Wa: 0878xxxxxxxx Victor,,Victor BudimanAgen KorporatNIB:812001416****,,https:/picture.rumah123.com/r123-images/300x300-crop/customer/1355712/a024c453c64965352b5b8a4127f91da3.jpg,https://www.rumah123.com/properti/denpasar-sanur/dikontrakkan-rumah-semi-villa-2-bedroom-dekat-ke-sanur-hor40877828/
Disewakan Rumah Baru Semi Villa Dekat ke Pantai Sanur,Rp 200.000.000,year,Disewakan Rumah Baru Semi Villa Dekat ke Pantai Sanur | Rumah123,3,3,103 m²,110 m²,Lainnya,Disewakan villa baru siap huni akses mudah selangkah pantai Sanur Lokasi dalam Cluster one gate di Sanu dengan spesifikasi yg mumpuni : Tahun bangunan : 2025 Berapa Lantai : 2 Luas Tanah : 103 m² Luas bangunan : 110 Kamar Tidur : 3 Kamar Mandi : 2 + 1 powder room Hadap Mana : utara Garasi : 2 mobil Listrik : 3500 Jalan meter : 6 meter Air : pdam Imb : ada Furnish / unfurnish : full Furnish harga 200 jt/th Minat? Hubungi Whatsaap: 0878xxxxxxxxVictor) Ivn,,Agen Properti di Tangerang,,https:/picture.rumah123.com/r123-images/300x300-crop/customer/1355712/597bee2621fa0876383a93d80733a609.jpg,https://www.rumah123.com/properti/denpasar-sanur/disewakan-rumah-baru-semi-villa-dekat-ke-pantai-sanur-hor41220234/
Villa With Rooftop & Rice Field View In Berawa,Rp 400.000.000,year,https://www.rumah123.com/properti/badung-canggu/villa-with-rooftop-rice-field-view-in-berawa-vlr187738/,2,2,,,,Relax in a serene and peaceful environment complete with a rooftop BBQ area offering stunning views of the picturesque rice fields.,,Yeni KurniawatiAgen KorporatNIB:812001614****,,https:/picture.rumah123.com/r123-images/300x300-crop/customer/4415427/fab5b83885e9730debfd3a701f9c94b3.jpg,https://www.rumah123.com/properti/badung-canggu/villa-with-rooftop-rice-field-view-in-berawa-vlr187738/
VILLA FOR LEASE AT UNGASAN AREA MENARIK DAN MODEREN,Rp 250.000.000,year,https://www.rumah123.com/properti/badung-ungasan/villa-for-lease-at-ungasan-area-menarik-dan-moderen-hor40602027/,3,2,180 m²,85 m²,SHM,Rumah bergaya minimalist modern di Ungasan. Dapatkan rumah 1 lantai yang nyaman ini disewakan dengan pemandangan indah yang menambah nilai estetika di lingkungan hunian. Rumah ini berada di wilayah masuk gang serta menghadirkan lingkungan fasilitas yang lengkap cocok untuk Anda yang menginginkan hunian strategis. Spesifikasi Utama Properti: - Kamar Tidur: 3 - Kamar Mandi: 2 - Sertifikat: SHM - Sertifikat Hak Milik - Daya Listrik: 5500 W - Arah Bangunan: Menghadap Selatan - Kondisi Perabotan: Furnished Dilengkapi dengan: - Tempat Laundry. - Tempat Jemuran. - Kolam Renang. Fitur unggulan: - Bebas Banjir. - Siap Huni. Berlokasi di Ungasan rumah ini memberikan kemudahan akses ke berbagai fasilitas menarik. Hubungi segera untuk informasi lebih lanjut!,,FELIX MORRISAgen KorporatNIB:912010324****,,https:/picture.rumah123.com/r123-images/300x300-crop/customer/1959814/83f0180f765837194d67e6085959bbe7.jpg,https://www.rumah123.com/properti/badung-ungasan/villa-for-lease-at-ungasan-area-menarik-dan-moderen-hor40602027/
VILLA FOR LEASE AT JIMBARAN AREA MURAH DANBAGUS MIN 2Y TT,Rp 100.000.000,year,VILLA FOR LEASE AT JIMBARAN AREA MURAH DANBAGUS MIN 2Y TT | vlr177312,3,2,,,,Kesempatan terbatas buat Anda dapatkan villa strategis dengan return investasi tinggi di Jimbaran Badung. Villa ini menawarkan kelengkapan fasilitas serta memiliki nilai tepat yang siap untuk segera Anda miliki utamanya bagi Anda yang mencari hunian di lokasi yang terjangkau. Detail Properti ini adalah: - Kamar Tidur: 3 (1 KAMAN EN SUITE) - Kamar Mandi: 2 - Sertifikat: SHM Tidak hanya itu namun properti ini juga memiliki keunggulan sebagai berikut: - Full Furnished. - Dekat Pusat Perbelanjaan. - Dekat Universitas. - Dekat Sekolah Negeri. Lokasi Strategis terletak di Jimbaran properti ini memudahkan akses Anda ke fasilitas-fasilitas utama dan unggulan Nikmati segala kemudahan dan berbagai keunggulan menarik saat properti asri ini milik Anda. Hubungi segera dan dapatkan informasinya ataupun cek unit!,,Agen Properti di Tangerang,,https:/picture.rumah123.com/r123-images/300x300-crop/customer/1959814/f0efa41cfc4218a925d93529db192dbd.jpg,https://www.rumah123.com/properti/badung-jimbaran/villa-for-lease-at-jimbaran-area-murah-danbagus-min-2y-tt-vlr177312/
Yearly Rental Brand New 3 Bedrooms Villa At Beachside Sanur,Rp 650.000.000,year,Yearly Rental Brand New 3 Bedrooms Villa At Beachside Sanur | Rumah123,3,3,300 m²,250 m²,Hak Sewa,7 Yearly Rental Brand New 3 Bedrooms Villa At Beachside Sanur Land Size 300m2 Building Size 250m2 2 Levels 3 Bedrooms 3 Bathrooms Living Room Kitchen & Dinning Laundry Area Garden Swimming Pool Carport For 1 Car Furnished IDR 650 Million/Year Include Garden & Pool Maintenance FHT2601/V0130/AD,,Deasy AngAgen Korporat,,https:/picture.rumah123.com/r123-images/300x300-crop/customer/796950/7b0c53a6127a0ea921e2a4d3c2ce906e.jpg,https://www.rumah123.com/properti/denpasar-sanur/yearly-rental-brand-new-3-bedrooms-villa-at-beachside-sanur-hor38853884/
Di Sewakan Villa Murah Lokasi Strategis,Rp 25.000.000,month,Ungasan Badung,2,2,,,,Rent CalunaVilla (PuriGading Jimbaran Oddesa) 2 Bed Rooms 2 Bath Rooms Living Room Kitchen Private Pool Ac Listrik 3500 Watt 30 Mnt Ke Bandara I Gusti Ngurah Rai 10 Mnt Ke GWK 19 Mnt Ke Melasti Beach 21 Mnt Ke Pendawa Beach 25 mnt ke Padang2 beach 25 mnt ke Dreamland Beach 18 mnt ke pantai kedonganan seafood 14 mnt ke Rock Bar 7 mnt ke Jimbaran sidewalk Mall Supermarket terdekat pepito 5 mnt Alfamart,,KOMANG HERMA (BPXO)Agen Independen,,https:/picture.rumah123.com/r123-images/300x300-crop/customer/2117917/504423715e79266632ebc8b565f822d9.jpg,https://www.rumah123.com/properti/badung-ungasan/di-sewakan-villa-murah-lokasi-strategis-vlr205289/
Di Sewakan Villa Murah di Canggu,Rp 300.000.000,year,Di Sewakan Villa Murah di Canggu | vlr226067,2,2,,,,✨ DISEWAKAN VILLA - PRIME AREA CANGGU ✨ Nikmati tinggal di kawasan favorit Canggu yang dekat pantai cafe hits dan area lifestyle terbaik di Bali. Spesifikasi Villa: 2 Kamar Tidur 2 Kamar Mandi Ruang Tamu tertutup & nyaman Dapur lengkap Full Furnish (siap huni) Kolam Renang Pribadi ‍♂️ Area Parkir Lokasi Strategis Canggu ±5 menit ke Pantai Batu Bolong ±7 menit ke Finns Beach Club ±5 menit ke cafe populer (Crate The Avocado Factory dll) Dekat supermarket & gym Harga Sewa: Rp 30 Juta / Bulan Rp 300 Juta / Tahun Cocok untuk pasangan keluarga kecil maupun expat yang ingin tinggal di area premium Canggu. Hubungi sekarang untuk info lengkap & jadwal viewing. Unit terbatas! ENGLISH VERSION VILLA FOR RENT - PRIME CANGGU AREA Beautiful and cozy villa located in the heart of Canggu close to beaches cafes and lifestyle spots. Property Details: 2 Bedrooms 2 Bathrooms Enclosed Living Room Fully Equipped Kitchen Fully Furnished Private Swimming Pool Parking Area Prime Location: ±5 minutes to Batu Bolong Beach ±7 minutes to Finns Beach Club ±5 minutes to popular cafes (Crate The Avocado Factory etc.) Close to supermarket & gym Rental Price: IDR 30 Million / Month IDR 300 Million / Year,,Agen Properti di Tangerang,,https:/picture.rumah123.com/r123-images/300x300-crop/customer/2117917/6d517e346fa8939c4092563331b381da.jpg,https://www.rumah123.com/properti/badung-canggu/di-sewakan-villa-murah-di-canggu-vlr226067/
Dikontrakkan Villa Baru Modern Dekat Ke Pantai Area Kuta Selatan,Rp 375.000.000,year,Badung,3,3,131 m²,126 m²,SHM,Disewakan Villa Baru Yang Berlokasi hanya 70 Meter Dari jalan utama dan selangkah pantai. Kelebihan Memiliki Villanya : - Jalan Paving 8 Meter - ⁠Hanya 70 Meter dri jalan raya - ⁠One gate dan Scurity 24/7 Spesifikasi villanya sangat mumpuni : - luas Tanah 131 M² - ⁠Luas Bangunan 126 M² - ⁠3 Kamar Tidur - ⁠3 Kamar Mandi - ⁠Kitchen - ⁠livingroom - ⁠SwimmingPool (6M x 23 M) - ⁠DinningRoom - Carport 1 Mobil SEMI FURNISHED - 1x Kulkas side by side - ⁠1x TV 50 inch - ⁠ 4x AC 1PK setiap kamar - ⁠ 1x Water Heater (S&K Berlaku) Harga Sewa : 375Jt / tahun Destinasi menarik Menuju Villa ini : - 5 Menit Dari Pantai Dreamland - ⁠5 Menit Dari Pantai Melasti - ⁠7 Menit Dari Patung Garuda Wisnu Kencana - ⁠10 Menit Dari Pantai Nyang Nyang - ⁠10 Menit Dari Pantai Suluban - ⁠10 Menit Dari Pantai Padang Padang - ⁠20 Menit Dari Pintu Toll Exit - ⁠30 Menit Dari Bandara Igusti Ngurah Rai More info : Wa/Call: 082266445xxx / 081246056xxx,,Agen Properti di Tangerang,,https:/picture.rumah123.com/r123-images/300x300-crop/customer/1377359/80262fc738216040b20527bb673e40f7.jpg,https://www.rumah123.com/properti/badung-jimbaran/dikontrakkan-villa-baru-modern-dekat-ke-pantai-area-kuta-selatan-hor39002027/
Disewakan Rumah Baru Semi Villa di Jimbaran Bali,Rp 180.000.000,year,Disewakan Rumah Baru Semi Villa di Jimbaran Bali | Rumah123,3,3,100 m²,80 m²,Lainnya,Disewakan Rumah semi Villa with Swimming pool di jimbaran. Rumahnya type 2 lantai dan one gate system Spesifikasi Tahun bangunan : 2024xxxx Luas Tanah : 100 M2 Luas bangunan : 80M Kamar Tidur : 3 Kamar Mandi : 3 Hadap Mana : Selatan Kitchen Livingroom. Garasi : 1 mobil + Kanopi Listrik : 5500 Jalan meter : 5 Meter Air : PDAM Furnish / unfurnish : Furnish Kolam Renang : 6× 3 M Sudah ad Wifi Harga sewa per tahun : 180 Juta Minat? Hubungi: Wa: 0822xxxxxxxx Ivn Dekat dari berbagai fasilitas : 10 menit ke garuda wisnu kencana 10 menit ke pantai melasti 7 menit ke univ. Udayana 15 menit ke sidewalk 15 menit ke rs udayana.,,Putu Yani SusantiAgen KorporatNIB:812001416****,,https:/picture.rumah123.com/r123-images/300x300-crop/customer/1377359/cda0fe3604e23404c98d468b7592e41d.jpg,https://www.rumah123.com/properti/badung-jimbaran/disewakan-rumah-baru-semi-villa-di-jimbaran-bali-hor40716948/
Disewakan Villa Baru Fully Furnished di Puri Gading Jimbaran,Rp 240.000.000,year,Disewakan Villa Baru Fully Furnished di Puri Gading Jimbaran | Rumah123,2,2,110 m²,63 m²,Lainnya,Disewakan Villa Lokasi Premium Di Puri Gading Jimbaran Bali Type 63/110m² - 2 Bedroom - 2 Bathroom - Living Kitchen - ⁠Fully Furnished - ⁠Living Room - Private Pool - ⁠listrik token 3500 - ⁠Air Sumur Bor - Carport - ⁠lebar jalan 5 mtr Harga Sewa: 240 jt/Tahun Info lebih detail hub : Wa: 0822xxxxxxxx Yani,,Agen Properti di Tangerang,,https:/picture.rumah123.com/r123-images/300x300-crop/customer/1377359/ade66b2908b963746fa0e17e2ac51096.jpg,https://www.rumah123.com/properti/badung-jimbaran/disewakan-villa-baru-fully-furnished-di-puri-gading-jimbaran-hor40783110/
Dikontrakkan Rumah Semi Villa Area Puri Gading Jimbaran Bali,Rp 180.000.000,year,Dikontrakkan Rumah Semi Villa Area Puri Gading Jimbaran Bali | Rumah123,2,1,250 m²,120 m²,Lainnya,Disewakan Rumah Semi Villa 1 Lantai Area Puri Gading Jimbaran Bali Spesifikasi: LT: 250m2 LB: 120m2 2 Kamar Tidur 1 Kamar Mandi Hadap Utara Ruang Tamu Ruang Makan Private Pool (Kolam Renang) Teras Listrik 3.300 Air Pdam Furnished Lebar 5.5 Meter Harga Sewa 180jt/ Tahun Minat? Hubungi: Wa: 0822xxxxxxxx yani,,Agen Properti di Tangerang,,https:/picture.rumah123.com/r123-images/300x300-crop/customer/1377359/fded168a1715d3ff0b9de32aa8446d28.jpg,https://www.rumah123.com/properti/badung-jimbaran/dikontrakkan-rumah-semi-villa-area-puri-gading-jimbaran-bali-hor40817025/
Dikontrakan Villa Semi Furnished View Ocean di Jimbaran,Rp 198.000.000,year,Dikontrakan Villa Semi Furnished View Ocean di Jimbaran | Rumah123,2,2,120 m²,180 m²,Lainnya,Dikontrakkan Villa brand new Ready Ocean View With Rooftop Spesifikasi: Land size 120m² Building size 180m² (incl. Rooftop for BBQ) Bedrooms: 2 Office room : 1 Bathrooms: 2 Guest Toilet : 1 Fully-Furnished Schwimmingpool Full ocean view Garage for 1 car Cctv Wifi Semi furnished ( or by request) Location just minutes away from charming cafes exquisite restaurants Traditional Market School University. 5 minute to Gym (Klub Jimbaran) and jimbaran Beach Nusa dua Beach pandawa Beach accessible with just a quick 15 minute motorbike ride.Airport.Land 10 km to Airport. Price 198 Millionen/years Minat? Hubungi: Wa: 0822xxxxxxxx Yani,,Agen Properti di Tangerang,,https:/picture.rumah123.com/r123-images/300x300-crop/customer/1377359/ca3903d1434621dd416376b00e3a91f4.jpg,https://www.rumah123.com/properti/badung-jimbaran/dikontrakan-villa-semi-furnished-view-ocean-di-jimbaran-hor40890901/
Dikontrakan Villa With Private Pool di Pusat Sanur,Rp 350.000.000,year,Dikontrakan Villa With Private Pool di Pusat Sanur | Rumah123,2,3,400 m²,350 m²,Lainnya,Disewakan Villa Di Pusat Sanur Dekat Ke Pantai Sanur Spesifikasi: Luas tanah 400m2 Luas bangunan 350m2 Kamar tidur 2+1 Kamar mandi 3 Gudang 1 Dapur Ruang tamu Garase 1 mobil Garden Pool Fasilitas Shower with water heater AC (2 kamar) (1 living room) Kulkas Dispenser Kompor tanam Kitchen set Harga Sewa : 350jt/ Tahun Minat? Hubungi; Wa: 0822xxxxxxxx Yani,,Agen Properti di Tangerang,,https:/picture.rumah123.com/r123-images/300x300-crop/customer/1377359/bd2ad0196cddb71b51603e8ebf7e5d28.jpg,https://www.rumah123.com/properti/denpasar-sanur/dikontrakan-villa-with-private-pool-di-pusat-sanur-hor41016826/
Disewakan Villa Mamarose Prerenan Badung Bali,Rp 650.000.000,year,Disewakan Villa Mamarose Prerenan Badung Bali | vlr228009,,3,,,,NEWLY renovated 3-Bedroom Villa Mamarose in Prerenan available for rent Land size: 840 m2 Building size: 400 m2 Bedrooms : 3 + 1 Bathrooms : 3 + 1 Powder room : 1 Spacious living room with air condition ‍♂ Pool Rice Field View Price : IDR 650.000.xxx/year,,WulandariAgen KorporatNIB:280823006****,,https:/picture.rumah123.com/r123-images/300x300-crop/customer/1823284/ac03ad684bb3c6b426a5ef1c646bba37.jpg,https://www.rumah123.com/properti/badung-mengwi/disewakan-villa-mamarose-prerenan-badung-bali-vlr228009/
Disewakan Villa Full Furnished 3 KT di Nusa Dua Badung Bali,Rp 590.000.000,year,Disewakan Villa Full Furnished 3 KT di Nusa Dua Badung Bali | vlr229484,,5,,,,Luas tanah : 632 Luas bangunan : kurang lebih 400 an Kamar Tidur : 3 Kamar Mandi : 5 Gudang : 1 AC : 5 Listrik : 13.200 VA Status : Hak Milik Jalan siligita nusa dua Harga sewa buka 590jt/th,,Agen Properti di Tangerang,,https:/picture.rumah123.com/r123-images/300x300-crop/customer/1552810/fd35f6f5054b09e1982710572e5a50fa.jpg,https://www.rumah123.com/properti/badung-nusa-dua/disewakan-villa-full-furnished-3-kt-di-nusa-dua-badung-bali-vlr229484/
Disewakan Villa Mamarose di Prerenan Badung Bali,Rp 650.000.000,year,Disewakan Villa Mamarose di Prerenan Badung Bali | vlr228005,,3,,,,NEWLY renovated 3-Bedroom Villa Mamarose in Prerenan available for rent Land size: 840 m2 Building size: 400 m2 Bedrooms : 3 + 1 Bathrooms : 3 + 1 Powder room : 1 Spacious living room with air condition ‍♂ Pool Rice Field View Price : IDR 650.000.xxx/year,,Agen Properti di Tangerang,,https:/picture.rumah123.com/r123-images/300x300-crop/customer/1552810/ff0f64c04d51c1a6c7bb8740c5b7cb39.jpg,https://www.rumah123.com/properti/badung-mengwi/disewakan-villa-mamarose-di-prerenan-badung-bali-vlr228005/
Beautiful Villas In Mas Ubud Gianyar Close To Bali Zoo Bali Bird Park And Monkey Forest,Rp 110.000.000,year,Beautiful Villas In Mas Ubud Gianyar Close To Bali Zoo Bali Bird Park And Monkey Forest | vlr104036,2,2,150 m²,120 m²,Lainnya,Beautiful villa comfortable environment close to the center of Ubud fully furnished near tourist attractions. Beautiful villa in Ubud Gianyar. One area with The Alena Resort. Surrounded by tourist attractions villa and restaurants. Located in a beautiful and comfortable environment with good access. The location is close to the Jl. Raya Silungan Jl. Lod Tunduh Jl. Raya Mas Jl. Raya Sakah. Also close to schools Ari Canti Hospital markets tourist attractions. - Access : 1 Km to Baby Statue Sakah 1 Km to Ari Canti Hospital 2 Km to Ubud Gold Market 5 Km to The Hotel International School 6 Km to Bali Zoo 7 Km to Bali Bird Park 7 Km to Monkey Forest - Specifications: Land size 150 sqm Building size 120 sqm 2 storey building with 2 bedrooms 2 bathrooms carport for 1 car and swimming pool. Facility of electricity 10600 watt city water supply and fully furnished. Contact me for more detailed information. ___________________________________________________________ Villa cantik di Ubud Gianyar. Satu kawasan dengan The Alena Resort. Dikelilingi oleh objek wisata villa dan restoran. Berada di lingkungan yang asri dan nyaman dengan akses yang bagus. Lokasinya dekat ke area Jl. Raya Silungan Jl. Lod Tunduh Jl. Raya Mas Jl. Raya Sakah. Dekat pula dengan Sekolah Rumah Sakit Ari Canti Pasar Tempat Wisata. - Akses : 1 Km ke Patung Bayi Sakah 1 Km ke Rumah Sakit Ari Canti 2 Km ke Pasar Mas Ubud 5 Km ke The Hotel International School 6 Km ke Bali Zoo 7 Km ke Bali Bird Park 7 Km ke Monkey Forest - Spesifikasi : Luas tanah 150 m2 Luas nbsp;bangunan 120 m2 Bangunan 2 lantai dengan 2 kamar tidur 2 kamar mandi carport untuk 1 mobil dan kolam renang. Fasilitas listrik 10.600 watt air PAM dan fully furnished. Hubungi saya untuk informasi detail lebih lanjut.,,Agen Properti di Tangerang,,https:/picture.rumah123.com/r123-images/300x300-crop/customer/6429/a9aded0f25670e4c71036bc276f7d2e1.jpg,https://www.rumah123.com/properti/gianyar-ubud/beautiful-villas-in-mas-ubud-gianyar-close-to-bali-zoo-bali-bird-park-and-monkey-forest-vlr104036/
3 Bedrooms Minimalist Modern Style Closed To Lfb International School At Umalas Kerobokan,Rp 285.000.000,year,3 Bedrooms Minimalist Modern Style Closed To Lfb International School At Umalas Kerobokan | vlr230283,3,3,,,,3 Bedrooms Minimalist Modern Style Closed to LFB international School At Umalas Kerobokan +/- 5 minutes drive to canggu area (canggu club) +/- 5 minutes drive to seminyak Details: Land size 150m2 Building size 210 m2 -⁠ ⁠3bedrooms + 3ensuite -⁠ ⁠1 powder room -⁠ ⁠living room & dinning -⁠ ⁠full furnished -⁠ ⁠4 airconditioner -⁠ ⁠water heater -⁠ ⁠swimmingpool -⁠ ⁠1staff bedroom -⁠ ⁠1staff bathroom -⁠ ⁠parking area,,Agen Properti di Tangerang,,https:/picture.rumah123.com/r123-images/300x300-crop/customer/790923/dbef72c2730a0387fb93d6ae73904dc9.jpg,https://www.rumah123.com/properti/badung-umalas/3-bedrooms-minimalist-modern-style-closed-to-lfb-international-school-at-umalas-kerobokan-vlr230283/
Disewakan Villa 2 Br dekat Canggu berfasilitas lengkap di lingkungan tropis yang indah.,Rp 450.000.000,year,Disewakan Villa 2 Br dekat Canggu berfasilitas lengkap di lingkungan tropis yang indah. | vlr187486,2,3,,,,Di sewakan Villa 2 Br dan 3 kamar mandi berfasilitas lengkap di lingkungan tropis yang indah. Memiliki dapur pribadi ruang tamu serta kolam renang pribadi. Lokasi sangat strategis - dekat ke Canggu (ada jalan pintas langsung di belakang vila) Petitenget dan Kerobokan. Lokasi di Umalas Tunon Canggu Bali. ✨ Fasilitas: * 2 Kamar Tidur * 3 Kamar Mandi * Kolam Renang Pribadi * WiFi cepat (Global Xtreme) * Staff 5 hari seminggu * Petugas kolam 2 kali seminggu Harga: Sewa: 50 juta/bulan Sewa: 450juta/tahun Leasehold 12 (sewa jangka panjang 12 tahun ) : Rp 45 Miliar,,Agen Properti di Tangerang,,https:/picture.rumah123.com/r123-images/300x300-crop/customer/2010545/545a3a749ca393de07da161cf6fa0978.jpg,https://www.rumah123.com/properti/badung-canggu/disewakan-villa-2-br-dekat-canggu-berfasilitas-lengkap-di-lingkungan-tropis-yang-indah-vlr187486/
Disewakan La'east Villa Sanur Bali bisa Sewa Jangka Panjang,Rp 16.000.000,month,Disewakan La'east Villa Sanur Bali bisa Sewa Jangka Panjang | vlr208589,2,1,,,,LA'East Villa Sanur* Nego Terbuka Sewa Tahunan Rp 180.000.xxx Minimal masa kontrak 2 tahun - Pembayaran di muka Pembayaran Bulanan Rp 16.000.000/bulan Minimal masa kontrak 2 tahun Sewa Jangka Panjang 10 tahun Rp 16 miliar 160000xxxx - Akta Notaris Lebih disukai jangka panjang 5 10 20 tahun Spesifikasi Luas bangunan 200m2 Luas tanah 250m2 | 2 Kamar Tidur Utama + Kamar Mandi dengan Bathtub | | Instalasi WIFI Iconnect | | Instalasi Listrik 5500 - Air | | Ruang tamu besar + halaman belakang dalam ruangan kecil | | 1 kamar pembantu + toilet | | Ruang peralatan | | Garasi untuk 1 mobil + 3 sepeda motor | | Kolam renang pribadi 35 m x 7 m | | Teras dengan taman yang indah | Biaya tambahan: Pembersihan kolam renang 2x seminggu Biaya sampah Biaya internet,,Agen Properti di Tangerang,,https:/picture.rumah123.com/r123-images/300x300-crop/customer/2010545/8184bc2bde9d71ddc1c9b5eacae8fd88.jpg,https://www.rumah123.com/properti/denpasar-sanur/disewakan-laeast-villa-sanur-bali-bisa-sewa-jangka-panjang-vlr208589/
Villa dengan Pool Daerah Sanur Strategis Jo,Rp 220.000.000,year,Villa dengan Pool Daerah Sanur Strategis Jo | vlr234418,2,2,,,,Villa 1 lantai di Sanur Denpasar. Disewakan di wilayah yang asri. Dengan kategorinya adalah sebagai berikut: - Kamar Tidur: 2 - Kamar Mandi: 2 - Sertifikat: - Dan properti ini juga unggul karena: - Siap Huni. - Bebas Banjir. - Dekat Tempat Wisata. - Dekat Fasilitas Kesehatan. - Lokasi di Pusat Kota. - Lingkungan Tenang dan Damai. - Properti Bisa Nego. - Lokasi Strategis. Keberadaan villa berikut terjangkau hanya selangkah menuju berbagai fasilitas utama dan menarik. Hanya Rp.220.000.xxx/year anda bisa langsung dapatkan villa terbaik di daerah Sanur ini.,,Agen Properti di Tangerang,,https:/picture.rumah123.com/r123-images/300x300-crop/customer/4382886/4f526df1a520d79a2ac2a726baa9702d.jpg,https://www.rumah123.com/properti/denpasar-sanur/villa-dengan-pool-daerah-sanur-strategis-jo-vlr234418/
Villa Semi Modern Bali Lantai 2,Rp 350.000.000,year,https://www.rumah123.com/properti/denpasar-sanur/villa-semi-modern-bali-lantai-2-vlr200104/,3,4,,,,Sewa 10 thn @ 280 juta sewa Kesempatan terbatas buat Anda dapatkan villa strategis dengan return investasi tinggi di Sanur Denpasar. Villa ini menawarkan lokasi yang strategis serta memiliki nilai tepat yang siap untuk segera Anda miliki utamanya bagi Anda yang mencari hunian di lokasi yang terjangkau. Detail Properti ini adalah: - Kamar Tidur: 3 - Kamar Mandi: 4 - Sertifikat: SHM Tidak hanya itu namun properti ini juga memiliki keunggulan sebagai berikut: - Full Furnished. - Bebas Banjir. - Dekat Akses Bandara. - Dekat Pusat Perbelanjaan. - Dekat Sekolah Internasional. - Dekat Sekolah Negeri. - Dekat Fasilitas Kesehatan. - Dekat Tempat Wisata. - Dekat Tempat Ibadah. - Dekat Taman Kota. - Kolam renang pribadi. - Private & tidak terganggu. - Villa Mewah. - Cocok untuk keluarga. - Cocok untuk rombongan. - Desain minimalis. - Lokasi tenang & jauh dari keramaian. - Lokasi dipusat kota. - Sejuk. - Cocok Untuk Investasi. - Lokasi Strategis. Lokasi Strategis terletak di Sanur properti ini memudahkan akses Anda ke fasilitas-fasilitas utama dan unggulan Nikmati segala kemudahan dan berbagai keunggulan menarik saat properti berkualitas ini milik Anda. Hubungi segera dan dapatkan informasinya ataupun cek unit!,,ETY (MEQG)Agen KorporatNIB:912020578****,,https:/picture.rumah123.com/r123-images/300x300-crop/customer/4407764/3a8dcbde857282866b63fcfb131ee195.jpg,https://www.rumah123.com/properti/denpasar-sanur/villa-semi-modern-bali-lantai-2-vlr200104/
VILLA MEWAH - BRAND NEW 2 LANTAI FULL FUNITURE - AREA SANUR,Rp 550.000.000,year,VILLA MEWAH - BRAND NEW 2 LANTAI FULL FUNITURE - AREA SANUR | vlr189116,5,5,,,,Kesempatan terbatas buat Anda dapatkan villa strategis dengan return investasi tinggi di Sanur Denpasar. Villa ini menawarkan kelengkapan fasilitas serta memiliki nilai tepat yang siap untuk segera Anda miliki utamanya bagi Anda yang mencari hunian di lokasi yang terjangkau. Detail Properti ini adalah: - Kamar Tidur: 5 - Kamar Mandi: 5 - Sertifikat: SHM Tidak hanya itu namun properti ini juga memiliki keunggulan sebagai berikut: - Full Furnished. - Bonus Furniture. - Siap Huni. - Bebas Banjir. - Dekat Sekolah Internasional. - Dekat Sekolah Negeri. - Dekat Fasilitas Kesehatan. - Dekat Tempat Wisata. - Villa Mewah. - Kolam renang pribadi. - Cocok untuk keluarga. Lokasi Strategis terletak di Sanur properti ini memudahkan akses Anda ke fasilitas-fasilitas utama dan unggulan Harga yang sangat kompetitif yaitu Rp. 45.833.333 villa ini siap menjadi milik Anda! Nikmati segala kemudahan dan berbagai keunggulan menarik saat properti eksklusif ini milik Anda. Hubungi segera dan dapatkan informasinya ataupun cek unit!,,Agen Properti di Tangerang,,https:/picture.rumah123.com/r123-images/300x300-crop/customer/4407764/da802572cdfd2536c47bc5c79480f818.jpg,https://www.rumah123.com/properti/denpasar-sanur/villa-mewah-brand-new-2-lantai-full-funiture-area-sanur-vlr189116/
Dijual Villa Baru Jadi Batursari Sanur,Rp 68.000.000.000,year,Dijual Villa Baru Jadi Batursari Sanur | Rumah123,3,3,200 m²,210 m²,Lainnya,FOR SALE VILLA BRAND NEW MODERN MINIMALIS LANTAI 2 AREA BATUR SARI SANUR DENPASAR SELATAN SPESIFIKASI Land size : 200 m2 Building size : 210 m2 - Bedroom : 3 - Bathroom: 3 - Pool 3 m x 6 m Livingroom Dinningroom Kitchen Storage / Service Area Elect : 7700 VA Akses : 4 meter Air Sumur Bor Garase Fully Furnished SHM SLF PROSES APRIL FINISHING pus HARGA 68 MILIAR NEGO,,Agen Properti di Tangerang,,https:/picture.rumah123.com/r123-images/300x300-crop/customer/4355764/87a006e127764b2b43c4cf1decbca91f.jpg,https://www.rumah123.com/properti/denpasar-sanur/dijual-villabbaru-jadi-batursari-sanur-hor41222083/
Disewakan / Rent Villa Luxury - Area Sanur $55000/Thn Min. 2 Tahun,Rp 350.000.000,year,Disewakan / Rent Villa Luxury - Area Sanur $55000/Thn Min. 2 Tahun | vlr187449,3,3,,,,Villa di Sanur. Temukan villa yang modern ini disewakan menghadirkan lingkungan fasilitas yang lengkap cocok untuk Anda yang menginginkan hunian strategis. Spesifikasi Utama Properti: - Kamar Tidur: 2 - Kamar Mandi: 3 - Sertifikat: - Fitur unggulan: - Bebas Banjir. - Full Furnished. - Dekat Akses Bandara. - Dekat Sekolah Internasional. - Dekat Sekolah Negeri. - Dekat Fasilitas Kesehatan. - Dekat Tempat Wisata. - Dekat Tempat Ibadah. - Villa Mewah. - Private & tidak terganggu. - Cocok untuk keluarga. - Cocok untuk rombongan. - Lokasi tenang & jauh dari keramaian. Terletak di Sanur villa ini memberikan kemudahan akses ke berbagai fasilitas menarik. sewa 2 thn @450 jt sewa 5 thn @400 jt sewa 10 thn@350jt anda bisa memiliki hunian terbaik yang sudah siap huni. Segera ambil kesempatan untuk menikmati investasi di kawasan Sanur yang nyaman ini! Hubungi segera untuk informasi lebih lanjut!,,ETY (MEQG)Agen KorporatNIB:912020578****,,https:/picture.rumah123.com/r123-images/300x300-crop/customer/4407764/415d132700e5ee7f1276c26c270cab75.jpg,https://www.rumah123.com/properti/denpasar-sanur/disewakan-rent-villa-luxury-area-sanur-55000thn-min-2-tahun-vlr187449/
Disewakan - Villa Private 2 Kamar dengan Desain Modern & Taman Luas di Area Tenang,Rp 220.000.000,year,Badung,2,2,,,,Kesempatan terbatas buat Anda dapatkan villa strategis dengan return investasi tinggi di Kerobokan Badung. Villa ini menawarkan kelengkapan fasilitas serta memiliki nilai tepat yang siap untuk segera Anda miliki utamanya bagi Anda yang mencari hunian di lokasi yang dekat dengan fasilitas umum. Detail Properti ini adalah: - Kamar Tidur: 2 - Kamar Mandi: 2 - Sertifikat: - Tidak hanya itu namun properti ini juga memiliki keunggulan sebagai berikut: - Full Furnished. - Bebas Banjir. - Lingkungan Islami. - Dekat Akses Bandara. - Dekat Pusat Perbelanjaan. - Dekat Sekolah Internasional. - Dekat Sekolah Negeri. - Dekat Universitas. - Dekat Fasilitas Kesehatan. - Dekat Tempat Wisata. - Dekat Tempat Ibadah. - Dekat Taman Kota. - Private & tidak terganggu. - Villa Mewah. - Cocok untuk rombongan. - Cocok untuk keluarga. - Desain minimalis. - Lokasi tenang & jauh dari keramaian. - Lokasi dipusat kota. - Sejuk. - City View. - Cocok Untuk Investasi. - Lokasi Strategis. - Lokasi Bebas Banjir. Lokasi Strategis terletak di Kerobokan properti ini memudahkan akses Anda ke fasilitas-fasilitas utama dan unggulan Harga yang sangat kompetitif yaitu Rp. 18.333.333 villa ini siap menjadi milik Anda! Nikmati segala kemudahan dan berbagai keunggulan menarik saat properti berkualitas ini milik Anda. Hubungi segera dan dapatkan informasinya ataupun cek unit!,,Agen Properti di Tangerang,,https:/picture.rumah123.com/r123-images/300x300-crop/customer/4407764/0ec46e4a28e091a04a1907d24a7368b4.png,https://www.rumah123.com/properti/badung-kerobokan/disewakan-villa-private-2-kamar-dengan-desain-modern-taman-luas-di-area-tenang-vlr201456/
Dikontrakkan Villa dengan Kebun.yang Luas,Rp 275.000.000,year,Badung,3,3,350 m²,150 m²,Lainnya,DI KONTRAKAN VILLA Luas tanah : 350 m² 3 kamar tidur + 3 kamar mandi Akses jalan : 5 meter Living room tertutup Dapur Meja makan Garasi Garden Pool MST Listrik 4500 KWH Sumur bor Hadap selatan 10 tahun = 185 juta / tahun 20 - 30 tahun = 150 juta / tahun 275 juta / tahun minimal 2 tahun DO,,Agen Properti di Tangerang,,https:/picture.rumah123.com/r123-images/300x300-crop/customer/4355764/1dc0c3bfec88a8cff825e523b36e9194.jpg,https://www.rumah123.com/properti/denpasar-sanur/dikontrakkan-villa-dengan-kebunyang-luas-hor41223144/
Villa Mewah Brand New 2 Lantai Full Funiture,Rp 550.000.000,year,Sanur Denpasar,5,5,,,,Villa di Sanur. Temukan villa yang nyaman ini disewakan menghadirkan lingkungan fasilitas yang lengkap cocok untuk Anda yang menginginkan hunian aman. Spesifikasi Utama Properti: - Kamar Tidur: 5 - Kamar Mandi: 5 - Sertifikat: - Fitur unggulan: - Full Furnished. - Siap Huni. - Bebas Banjir. - Lingkungan Islami. - Dekat Pusat Perbelanjaan. - Dekat Sekolah Internasional. - Dekat Akses Bandara. - Dekat Universitas. - Dekat Sekolah Negeri. - Dekat Fasilitas Kesehatan. - Dekat Tempat Ibadah. - Dekat Tempat Wisata. - Dekat Taman Kota. - Kolam renang pribadi. - Private & tidak terganggu. - Villa Mewah. - Cocok untuk keluarga. - Cocok untuk rombongan. - Desain minimalis. - Lokasi tenang & jauh dari keramaian. - Lokasi dipusat kota. - Dekat Pusat Bisnis. - City View. - Sejuk. - Cocok Untuk Investasi. - Lokasi Strategis. - Lokasi Bebas Banjir. Berlokasi di Sanur villa ini memberikan kemudahan akses ke berbagai fasilitas menarik. Kontak segera untuk informasi lebih lanjut!,,ETY (MEQG)Agen KorporatNIB:912020578****,,https:/picture.rumah123.com/r123-images/300x300-crop/customer/4407764/0b79b494e7a46b2a8fa796e187644dae.jpg,https://www.rumah123.com/properti/denpasar-sanur/villa-mewah-brand-new-2-lantai-full-funiture-vlr201430/
Villa For Lease At Jimbaran Area Bagus dan Menarik,Rp 250.000.000,year,Villa For Lease At Jimbaran Area Bagus dan Menarik | Rumah123,2,3,130 m²,300 m²,SHM,Rumah 3 lantai di Jimbaran Badung. Disewakan rumah di wilayah yang nyaman dengan pemandangan permukiman warga. Properti 3 lantai bergaya modern ini berada di lingkungan strategis. Kategorinya adalah sebagai berikut: - Kamar Tidur: 2 - Kamar Mandi: 3 - Sertifikat: SHM - Sertifikat Hak Milik - Daya Listrik: 4400 W - Hadap: Utara - Kondisi Perabotan: Furnished Tidak hanya itu properti ini layak untuk dimiliki karena: - Dekat Universitas. - Full Furnished. - Siap Huni. - Bebas Banjir. Properti ini sudah lengkap dengan fasilitas: - Tempat Laundry. - Kolam Renang. - Dekat Pantai Keberadaan rumah berikut strategis hanya selangkah menuju berbagai fasilitas utama dan menarik. Tersedia juga untuk rental period Yearly.,,Agen Properti di Tangerang,,https:/picture.rumah123.com/r123-images/300x300-crop/customer/1959814/b4f64907b834752f7334ae4686b5137c.jpg,https://www.rumah123.com/properti/badung-jimbaran/villa-for-lease-at-jimbaran-area-bagus-dan-menarik-hor41098255/
VILLA LUXURY SANUR DENGAN KOLAM RENANG DAN TAMAN LUAS,Rp 375.000.000.000,year,VILLA LUXURY SANUR DENGAN KOLAM RENANG DAN TAMAN LUAS | vlr189144,3,3,,,,Villa di Sanur. Miliki villa yang nyaman ini disewakan menawarkan lingkungan fasilitas yang lengkap cocok untuk Anda yang menginginkan hunian aman. Spesifikasi Utama Properti: - Kamar Tidur: 3 - Kamar Mandi: 3 - Sertifikat: - Fitur unggulan: - Full Furnished. - Bonus Furniture. - Dekat Akses Bandara. - Dekat Pusat Perbelanjaan. - Dekat Sekolah Internasional. - Dekat Sekolah Negeri. - Dekat Fasilitas Kesehatan. - Dekat Tempat Wisata. - Dekat Taman Kota. - Kolam renang pribadi. - Villa Mewah. - Private & tidak terganggu. - Lokasi tenang & jauh dari keramaian. - Lokasi dipusat kota. - Sejuk. - Lokasi Strategis. - Lokasi Bebas Banjir. Berlokasi di Sanur villa ini memberikan kemudahan akses ke berbagai fasilitas menarik. Dengan harga Rp. 312.500.xxx anda bisa memiliki hunian terbaik yang sudah siap huni. Segera ambil kesempatan untuk menikmati investasi di kawasan Sanur yang nyaman ini! Kontak segera untuk informasi lebih lanjut!,,Agen Properti di Tangerang,,https:/picture.rumah123.com/r123-images/300x300-crop/customer/4407764/e8c78a896764f59469eb90fa82a7c1a5.jpg,https://www.rumah123.com/properti/denpasar-sanur/villa-luxury-sanur-dengan-kolam-renang-dan-taman-luas-vlr189144/
Vila Full Furnished 1 Lantai Lodtunduh Ubud Bali,Rp 200.000.000,year,Vila Full Furnished 1 Lantai Lodtunduh Ubud Bali | Rumah123,2,2,117 m²,60 m²,Lainnya,FOR RENT Brand New Modern Tropical Cozy Villa in Ubud Location: Banjar Lodtunduh Singakerta - Ubud Strategic Location: - 3 minutes to Pepito/ Rusters - 1 minute to Cocomart Tebongkang - 5-10 minutes to Sayan and Penestanan - 10 minute to Central Ubud Property Details: - Land area 117 sqm - Build area 60 sqm - 2 Bedrooms - 2 Bathrooms - Electricity 5500watt - Well deep water - Carport - Private Pool *Facilities* - AC - ⁠Water heater - Smart TV - Hair dryer - Kitchen ( microwave refrigerator kettle toaster water dispenser rice cooker and blender) - ⁠Pool *Includes (yearly rent):* 1. Pool maintenance 2x/week 2. ⁠Cleaning 1x/week Note: No pet *Price* - Yearly : IDR 200.000.xxx/yr + security deposit 10.000.000 OR - Long Lease 25 year : IDR 2.300.000.xxx,,Agen Properti di Tangerang,,https:/picture.rumah123.com/r123-images/300x300-crop/customer/1876131/2b321c3e93aae566e2e23fcb8f55b8ad.jpg,https://www.rumah123.com/properti/gianyar-ubud/vila-full-furnished-1-lantai-lodtunduh-ubud-bali-hor41183462/
3Br Enchanting Villa With View In Ubud,Rp 23.000.000.000,year,3Br Enchanting Villa With View In Ubud | Rumah123,3,3,200 m²,350 m²,Hak Sewa,Experience the epitome of luxury at a magnificent retreat nestled amidst the enchanting beauty of Ubud's lush landscapes. This villa offers a haven of tranquility boasting a private pool and three spacious bedrooms adorned with every modern comfort. Step outside to a meticulously maintained garden where the gentle rays of the sun and the harmonious blend of natural elements create a truly relaxing ambiance. Embrace the essence of Bali's vibrant culture and explore nearby attractions such as the Blanco Reinansance Museum Monkey Forest Ubud and the exhilarating Ayung Rafting experience all within easy reach of the villa. Conveniently located just minutes away from Ubud center This Villa offers easy access to the city's bustling markets and renowned dining establishments. Discover the charm of Petulu Village home to the famous heron birds or embark on a scenic hike through the picturesque countryside. Currently managed with professional hospitality team for daily rental this villa also offer ease of investment and great income stream for you who seek return and relax in one package! Price: - IDR 23 Billion for Leasehold until 24th April 2043 - Extendable up to 20 years Specifications: - Land size 350m2 - 3 Bedrooms - 3 Bathrooms with Bathtubs - Private Swimming Pool - Offsite Parking area - Pool with Rice Field view - Fully furnished and equipped kitchen - Open Living and Kitchen area - One Floor only building,,Agen Properti di Tangerang,,https:/picture.rumah123.com/r123-images/300x300-crop/customer/2168946/e1a6eb7a071fe65c2ce718e08e9c3a35.png,https://www.rumah123.com/properti/gianyar-ubud/3br-enchanting-villa-with-view-in-ubud-hor40095661/
Stylish & Luxurious Villa In Batu Mejan Canggu,Rp 165.000.000,month,Stylish & Luxurious Villa In Batu Mejan Canggu | Rumah123,4,7,600 m²,910 m²,Hak Sewa,For Rent: Ultra-Luxury 4-Bedroom Villa on Batu Mejan Main Street Canggu Prime Central Location - Walking Distance to La Brisa Deus Ex Machina Penny Lane and More. This brand-new luxury villa offers refined tropical living in one of Canggu's most sought-after addresses. Located just 50 meters off the main Batu Mejan street the villa provides both privacy and direct access to Canggu's vibrant lifestyle. Property Features: - 4 spacious bedrooms with walk-in wardrobes and en-suite bathrooms - Total of 7 bathrooms (4 en-suite 3 guest bathrooms) - Large private swimming pool with a lush garden and greenbelt buffer for maximum privacy - Two fully equipped bars (poolside and in the entertainment room) - Expansive entertainment room with billiard table and private bathroom with bathtub - Fully equipped gym located on the upper floor - Semi-open living area with built-in teppanyaki grill for entertaining - Enclosed living and kitchen area with generous lounge and sofa space - Air-conditioning throughout all enclosed spaces - Remote-controlled gate access for security and convenience - Dedicated motorbike parking (up to 6 units); car access for drop-off only (50-meter walk from the main road) - Dedicated office/staff room - All furnishings are high quality and designed for maximum comfort Rental Terms: - Monthly rent: IDR 165 Million - Yearly rental available based on monthly rate (negotiable) - Security deposit: IDR 33 Million (refundable upon check-out) Included in the Rental: - Daily cleaning service - On-call staff and housekeeping - Garden and pool maintenance Not Included: - Electricity usage - Laundry service (linen changes included laundry invoiced separately) Location: Situated in the heart of Batu Mejan Canggu the villa is within walking distance to major restaurants cafés and beach clubs such as Deus Ex Machina Penny Lane Pizza Fabbrica Muda by/Suka La Brisa and Echo Beach. This villa is ideal for those seeking a central yet private luxury living experience in Canggu. Serious inquiries only. For more details or to arrange a private viewing please contact us directly.,,Agen Properti di Tangerang,,https:/picture.rumah123.com/r123-images/300x300-crop/customer/2168946/6ac6d78d235f7f94e54b6b0e796ada38.jpg,https://www.rumah123.com/properti/badung-canggu/stylish-luxurious-villa-in-batu-mejan-canggu-hor40114576/
Villa For Lease Area Ungasan Bagus dan Menarik Agf,Rp 240.000.000,year,Ungasan Badung,3,3,180 m²,250 m²,SHM,Rumah bergaya modern di Ungasan. Dapatkan rumah 2 lantai yang modern ini disewakan dengan pemandangan permukiman warga yang menambah nilai estetika di lingkungan hunian. Rumah ini berada di wilayah strategis serta menghadirkan lingkungan fasilitas yang lengkap cocok untuk Anda yang menginginkan hunian strategis. Spesifikasi Utama Properti: - Kamar Tidur: 3 - Kamar Mandi: 3 - Sertifikat: SHM - Sertifikat Hak Milik - Daya Listrik: 5500 W - Arah Bangunan: Menghadap Selatan - Kondisi Perabotan: Furnished Dilengkapi dengan: - Tempat Jemuran. - Kolam Renang. Fitur unggulan: - Siap Huni. - Bebas Banjir. Berlokasi di Ungasan rumah ini memberikan kemudahan akses ke berbagai fasilitas menarik. Hubungi segera untuk informasi lebih lanjut!,,FELIX MORRISAgen KorporatNIB:912010324****,,https:/picture.rumah123.com/r123-images/300x300-crop/customer/1959814/cb84deb886b5480717ed5ef8ebb606e6.jpg,https://www.rumah123.com/properti/badung-ungasan/villa-for-lease-area-ungasan-bagus-dan-menarik-agf-hor41049175/
New Villa For Lease Hold Max 25 Years Bagus dan Menarik,Rp 200.000.000,year,Badung,2,3,200 m²,165 m²,SHM,Rumah 2 lantai di Jimbaran Badung. For rent rumah di wilayah yang tenang dengan pemandangan permukiman warga. Properti 2 lantai ini berada di lingkungan perumahan/komplek. Kategorinya adalah sebagai berikut: - Kamar Tidur: 2 - Kamar Mandi: 3 - Sertifikat: SHM - Sertifikat Hak Milik - Daya Listrik: 7700 W - Hadap: Timur - Kondisi Perabotan: Furnished Tidak hanya itu properti ini layak untuk dimiliki karena: - Bebas Banjir. - Siap Huni. - Dekat Pusat Perbelanjaan. - Dekat Universitas. Properti berikut sudah lengkap dengan fasilitas: - Tempat Laundry. - Tempat Jemuran. - Kolam Renang. Lokasi rumah berikut mudah dijangkau hanya selangkah menuju berbagai fasilitas utama dan menarik.,,Agen Properti di Tangerang,,https:/picture.rumah123.com/r123-images/300x300-crop/customer/1959814/8e455a887695fc081e89ebb9cd650025.jpg,https://www.rumah123.com/properti/badung-jimbaran/new-villa-for-lease-hold-max-25-years-bagus-dan-menarik-hor41120262/
Villa Strayegis Semat Canggu Lt 150M2 Full Furnished,Rp 175.000.000,year,Villa Strayegis Semat Canggu Lt 150M2 Full Furnished | vlr218673,2,2,,,,VILLA DISEWAKAN - SEMAT CANGGU Lokasi favorit dekat pantai & area lifestyle Disewakan villa nyaman berlokasi di Semat Canggu lingkungan tenang dan strategis cocok untuk hunian maupun ekspatriat. Spesifikasi: - Luas tanah: 150 m² - Luas bangunan: 100 m² - Kamar tidur: 2 kamar - Kamar mandi: 2 kamar - Ruang tamu & dapur terbuka - Area parkir motor/mobil - Akses jalan baik Keunggulan lokasi: v Dekat pantai Berawa & Batu Bolong v Area villa & cafe populer v Lingkungan nyaman dan aman v Akses mudah ke pusat Canggu,,Agen Properti di Tangerang,,https:/picture.rumah123.com/r123-images/300x300-crop/customer/2143274/b3141f9616a5b17220970e24343df2b5.jpg,https://www.rumah123.com/properti/badung-canggu/villa-strayegis-semat-canggu-lt-150m2-full-furnished-vlr218673/
Villa Nyaman 2 KT di Sanur Dekat Pusat Kota,Rp 100.000.000,year,Villa Nyaman 2 KT di Sanur Dekat Pusat Kota | vlr227305,2,4,,,,DISEWAKAN RUMAH 2 BR DI JLN SEKUTA - DENPASAR Rumah nyaman dan siap huni di lokasi strategis kawasan Jalan Sekuta Denpasar. Cocok untuk tempat tinggal keluarga kecil maupun pasangan working couple. Lokasi: Jln Sekuta Denpasar Luas Tanah: 100 m² Luas Bangunan: 97 m² 2 Kamar Tidur 2 Kamar Mandi ✨ Spesifikasi: Ruang tamu nyaman Dapur Area parkir Akses jalan bagus Lingkungan tenang & aman Lokasi strategis: Dekat pusat kota Denpasar Akses mudah ke Sanur & Renon Dekat sekolah kuliner & fasilitas umum,,Agen Properti di Tangerang,,https:/picture.rumah123.com/r123-images/300x300-crop/customer/2143274/a5984944b0cb2761117489d324d806c1.jpg,https://www.rumah123.com/properti/denpasar-sanur/villa-nyaman-2-kt-di-sanur-dekat-pusat-kota-vlr227305/
Villa Fully-Furnished di Canggu LT 175M²,Rp 170.000.000,year,Villa Fully-Furnished di Canggu LT 175M² | vlr227650,4,8,,,,DISEWAKAN HOMESTAY STRATEGIS DI BERAWA - CANGGU ✨ Lokasi premium di kawasan Berawa Canggu - dekat ke pantai café dan pusat lifestyle favorit di area Canggu. Cocok untuk hunian keluarga guest house atau bisnis homestay. Spesifikasi: 4 Kamar Tidur 4 Kamar Mandi Dapur lengkap Taman asri & nyaman Ruang tamu & area santai Akses jalan bagus Lingkungan tenang & strategis Suasana nyaman dan privat sangat cocok untuk long stay maupun usaha sewa harian/bulanan. Harga sewa: (isi sesuai harga) Legalitas aman Lokasi: Berawa - Canggu,,Agen Properti di Tangerang,,https:/picture.rumah123.com/r123-images/300x300-crop/customer/2143274/b2ea3747b61ba1482e0264d17eb2be2f.jpg,https://www.rumah123.com/properti/badung-canggu/villa-fullyfurnished-di-canggu-lt-175m-vlr227650/
Villa Dekat Berawa Beach Dan Atlas Club,Rp 220.000.000,year,https://www.rumah123.com/properti/badung-canggu/villa-dekat-berawa-beach-dan-atlas-club-hor13553222/,3,3,400 m²,200 m²,SHM,House/ villa For rent in berawa beach. House with swiming pool. Land size 400 m2. 3 bedroom. 3 bathroom.premiun area. Need renovation. House just 7 minute walk from beach. Can rent 15 year. Price 220 million per year.location in premium area in berawa.pink zone.everything near by. Please contact me for showing and more detail. Potensial for sub lease. Disewakan villa 3 kamar tidur dan 3 kamar mandi.villa sudah ada kolam renang .lokasi hanya 3 menit berjalan kaki dati atlas beach club.luas tanah 400 m2 dan bangunan sedikit lama butuh renovasi. Cocok untuk disewakan menjadi guest house.harga sewa 130 juta pertahun bisa sewa lima tahun atau maksimal 15 tahun .villa sudah dikelilingi tembok dan lokasi villa di lingkungan komersial villa dan dekat dengan restauranttoko kerajinan atau arshop souvenir .hanya berjarak 300 meter dari pantai berawa.zona pink /pariwisata. Jika serius ingin sewa bisa hubungi saya .siap di survey kapan saja.,,Made SinardanaAgen IndependenNIB:912000178****,,https:/picture.rumah123.com/r123-images/300x300-crop/customer/1333967/2023-04-30-05-46-31-cfcf9e79-8884-496e-b99c-12e1dc8c0004.jpg,https://www.rumah123.com/properti/badung-canggu/villa-dekat-berawa-beach-dan-atlas-club-hor13553222/
Villa Brand New Luxury Akses 7 Meter Villa Area Nusa Dua,Rp 320.000.000,year,Badung,2,3,,,,Dijual ataupun disewakan Brand New Villa di kampiyal Nusa Dua Bali Villa dengan Design Modern sangat Good Super Quality Di lengkapi dengan Full fasilitas super kwalitas. Spesifikasi : SHM / Freehold Land area 108m2 Building area 168m2 2 bedroom 3 bathroom Powder room Service area Private pool Water Pam Electricity 13.000 watt Fully furnished Super Good Quality Kitchen full equipment Price Sale 36 Millyard/Negoo Price Rent 320jt/tahun/Negoo,,Agen Properti di Tangerang,,https:/picture.rumah123.com/r123-images/300x300-crop/customer/33055/bf679bd8eac4462e80f97803136a9c5a.jpg,https://www.rumah123.com/properti/badung-nusa-dua/villa-brand-new-luxury-akses-7-meter-villa-area-nusa-dua-vlr212463/
Luxury Vila For Rent 3 Bedroom Rooftop Fully Furnished At Ubud,Rp 235.000.000,year,Luxury Vila For Rent 3 Bedroom Rooftop Fully Furnished At Ubud | Rumah123,3,2,200 m²,183 m²,SHM,Luxurry villa dekat Ubud Bali suasana tenang dan nyaman Villa yang didesain modern dengan 3 kamar tidur ini terdiri dari 3 lantai dengan roof top yang memiliki view menakjubkan ke hamparan sawah hutan dan pegunungan. luas tanah 201m2 Luas bangunan 183m2 Hadap selatan Terletak di desa Kemenuh - Ubud dengan jarak hanya 3 km ke kota Ubud 9 km ke desa Sukawati dan 15 km ke kota Denpasar memudahkan anda untuk mengakses uniknya kota Ubud dan berbagai lokasi wisata terkenal lainnya dengan tidak meninggalkan keperluan anda untuk mendapatkan kelengkapan fasilitas kota Denpasar. Villa ini sudah dilengkapi dengan IMB dan Sertifikat Hak Milik (Freehold) sehingga secara legalitas sangat lengkap. Wa.me//6281xxxxxxxx Email : ******** IG :******** Youtube chanel : ******** Tiktok : ******** /cokdama,,Agen Properti di Tangerang,,https:/picture.rumah123.com/r123-images/300x300-crop/customer/1463280/2023-03-17-04-06-12-262e73f0-0ffe-4bf0-8e97-054cec1c4988.jpg,https://www.rumah123.com/properti/gianyar-ubud/luxury-vila-for-rent-3-bedroom-rooftop-fully-furnished-at-ubud-hor13134364/
Villa Modern dan Minimalis,Rp 220.000.000,year,Badung,,3,,,,Villa nyaman dengan 3 kamar tidur dan 3 kamar mandi dilengkapi fasilitas lengkap untuk menunjang kenyamanan penghuni. Villa ini sudah dilengkapi AC di setiap kamar kasur lemari kulkas serta meja makan yang siap digunakan. Tersedia juga kolam renang pribadi yang menambah kenyamanan dan suasana santai di area villa. Akses menuju lokasi sangat mudah dijangkau cocok untuk tempat tinggal maupun investasi sewa. Lingkungan sekitar tenang dan nyaman ideal untuk menikmati suasana tinggal yang lebih privat.,,Agen Properti di Tangerang,,https:/picture.rumah123.com/r123-images/300x300-crop/customer/4407764/2051d5b6eb91b1b8540cf8803affc646.jpg,https://www.rumah123.com/properti/denpasar-sanur/villa-modern-dan-minimalis-vlr234923/
For Lease! Villa With Private Pool And Easy Access To The Beach At Legian,Rp 160.000.000,year,Badung,2,2,100 m²,90 m²,SHM,Villa for Lease in Legian Area With Attractive Price and Close to Beach & Shopping Center Villa for lease in a strategic location in Legian Villa with a private pool well-maintained and close to the beach restaurants and shopping centers Access: 900 m to Kuta Beach 1.2 km to IKEA Central Park 1.7 km to Grand Lucky Supermarket Sunset Road 3.7 km to Mall Bali Galeria 2.8 km to Siloam Hospital 3.1 km to La Plancha Seminyak Specifications: Land Area: 100 sqm Building Area: 90 sqm Facing to the South 1-Story Building Facilities: 2 Bedrooms 2 Bathrooms Kitchen Swimming Pool Electricity 2200Watt Unfurnished PDAM Water Source Price: IDR. 160 Million/Year (minimum lease 10 years) Contact me for more detailed information and inspection. ---------------------------------------------------------------------------------------------------------------------- Villa sewa dengan lokasi strategis di Legian Villa dengan kolam renang pribadi bangunan yang terawat dan dekat pantai restoran dan pusat perbelanjaan Akses: 900 m ke Pantai Kuta 1.2 km ke IKEA Central Park 1.7 km ke Grand Lucky Supermarket Sunset Road 3.7 km ke Mall Bali Galeria 2.8 km ke RS Siloam 3.1 km ke La Plancha Seminyak Spesifikasi: Luas Tanah: 100 m² Luas Bangunan: 90 m² Menghadap Selatan Bangunan 1 Lantai Fasilitas: 2 Kamar Tidur 2 Kamar Mandi Dapur Kolam Renang Listrik 2.200 Watt Non Furnished Sumber air PDAM Harga: Rp 160 Juta/Tahun (minimal sewa 10 tahun) Hubungi saya untuk informasi lebih detail dan inspeksi.,,Agen Properti di Tangerang,,https:/picture.rumah123.com/r123-images/300x300-crop/customer/1682591/319f1b9e3ca77d6a370853f83671b213.jpg,https://www.rumah123.com/properti/badung-legian/for-lease-villa-with-private-pool-and-easy-access-to-the-beach-at-legian-vlr229125/
Rumah Cantik 4 Kamar dengan Kolam Renang Pribadi di Munggu Kapal,Rp 180.000.000,year,Badung,4,4,120 m²,120 m²,SHM,HUNIAN MEWAH DENGAN PRIVATE POOL DI LOKASI STRATEGIS MUNGGU! ‍♂️✨Nikmati kenyamanan tinggal di hunian bergaya villa yang terletak di Perumahan GSM Jl. Munggu Kapal. Rumah ini menawarkan privasi maksimal dengan fasilitas lengkap sangat cocok bagi Anda yang bekerja di area Canggu namun ingin suasana rumah yang lebih tenang dan asri.Kenapa Rumah Ini Sempurna Untuk Anda?Fasilitas Premium: Sudah dilengkapi dengan Swimming Pool pribadi untuk bersantai.Kapasitas Besar: Memiliki 4 Kamar Tidur di mana setiap kamar dilengkapi kamar mandi dalam (En-suite) memberikan privasi ekstra bagi setiap penghuni.Fully Furnished: Tinggal bawa koper! Semua furnitur sudah tersedia.Daya Listrik Besar: 5500 Watt sangat aman untuk penggunaan AC di setiap kamar dan pompa kolam.Lokasi Strategis: Berada di jalur Munggu Kapal akses cepat menuju Pantai Seseh Pererenan dan Canggu.Spesifikasi Detail:Luas Tanah/Bangunan: 120 $m^2$ / 120 $m^2$Kamar Tidur: 4Kamar Mandi: 4Hadap: Tenggara (Cahaya matahari pagi yang sehat!)Air: Sumur Bor (Jernih & Melimpah)Listrik: 5500 WattLegalitas: SHM & IMB LengkapKetentuan Sewa:Harga: Rp 180.000.xxx / TahunMasa Sewa: Minimal 2 TahunKondisi: Full FurnishedDapatkan hunian rasa villa dengan harga terbaik di kelasnya!,,Agen Properti di Tangerang,,https:/picture.rumah123.com/r123-images/300x300-crop/customer/2106249/3104730b565928e8823d2c00b5535ec9.jpg,https://www.rumah123.com/properti/badung-munggu/rumah-cantik-4-kamar-dengan-kolam-renang-pribadi-di-munggu-kapal-hor41045460/
Villa Mewah 4 Kamar di Renon LT 600M² Area Tukad Balian,Rp 308.000.000,year,Badung,4,7,,,,Disewakan Villa Eksklusif di Tukad Balian Renon - Denpasar Harga Sewa: Rp 308 Juta / Tahun Lokasi premium di kawasan Renon - lingkungan elite tenang dan strategis dekat pusat pemerintahan & bisnis Denpasar. Spesifikasi Properti: Luas Tanah: 600 m² Luas Bangunan: 200 m² 4 Kamar Tidur 7 Kamar Mandi Listrik: 7.000 Watt Air: PDAM Garasi: 1 Mobil Status: SHM Kondisi: Furnished ✅ Keunggulan Lokasi Tukad Balian - Renon: Area hunian prestisius & tenang Akses cepat ke pusat kota Denpasar Cocok untuk ekspatriat / keluarga besar Lingkungan rapi & nyaman Villa ini sangat cocok untuk: v Eksekutif v Keluarga besar v Kantor representatif v Rumah dinas,,Agen Properti di Tangerang,,https:/picture.rumah123.com/r123-images/300x300-crop/customer/2106249/90b38fcf742b013ee7a559394eed8423.jpg,https://www.rumah123.com/properti/denpasar-denpasar-selatan/villa-mewah-4-kamar-di-renon-lt-600m-area-tukad-balian-vlr231351/
Villa Minimalis 3Br Dekat Pantai Tanjung Benoa,Rp 200.000.000,day,Badung,3,3,,,,villa minimalis 3br kolam renang pribadi dekat pantai tanjung benoa - 1 menit ke beach - 240 jt nego Villa minimalis disewakan di Tanjung Benoa Nusa Dua. Lokasi sangat strategis hanya 1 menit ke Pantai Tanjung Benoa. Cocok untuk hunian keluarga maupun ekspatriat yang ingin tinggal dekat pantai dengan suasana tenang. Spesifikasi: luas tanah 150 m² luas bangunan 170 m² 2 lantai 3 kamar tidur 3 kamar mandi ruang tamu (close living room) ruang makan lengkap dengan dining table kitchen kolam renang pribadi full furnished listrik 10.000 watt air pdam Harga sewa Rp 200 juta per tahun (nego). Harga sudah termasuk fee agent pool maintenance sampah pdam dan iuran banjar. Penyewa hanya bayar token listrik dan wifi. Lokasi premium di kawasan wisata Tanjung Benoa dekat pantai restoran water sport dan akses mudah ke area nusa dua.,,Agen Properti di Tangerang,,https:/picture.rumah123.com/r123-images/300x300-crop/customer/2106249/54b97d894f2777b503733057fe344ae6.jpg,https://www.rumah123.com/properti/badung-nusa-dua/villa-minimalis-3br-dekat-pantai-tanjung-benoa-vlr232219/
BRAND NEW VILLA FOR RENT IN A QUIET AREA NOT FAR AWAY,Rp 250.000.000,year,Badung,2,3,125 m²,100 m²,Lainnya,FOR RENT - BRAND NEW VILLA IN TUMBAK BAYUH BADUNG A brand new villa with a modern tropical design located in the quiet area of ​​Tumbak Bayuh - just minutes from Canggu and Pererenan Beach. Location: Tumbak Bayuh Selingsing - Badung Bali Property Details: Land size: 125 m² Building size: 100 m² 2 Bedrooms 3 Bathrooms Living room + kitchen Laundry / linen room Private swimming pool Garage Electricity: 7700W Water: deep well Cleaning (house & pool) twice a month Price: IDR 250000000 / year,,Agen Properti di Tangerang,,https:/picture.rumah123.com/r123-images/300x300-crop/customer/2100759/df5174e984d8bc73d242bad10aa0b85d.jpg,https://www.rumah123.com/properti/badung-canggu/brand-new-villa-for-rent-in-a-quiet-area-not-far-away-hor40563869/
Disewakan Rumah Semi Villa Area Sanur,Rp 200.000.000,year,Disewakan Rumah Semi Villa Area Sanur | Rumah123,3,4,500 m²,200 m²,SHM,Disewakan Rumah semi Villa area Sanur Lokasi strategis : 5 Menit ke Plaza Renon 7 Menit ke Pantai Sanur 6 Menit Ke Gandhi School Detail Properti: Luas Tanah 500m2 Luas Bangunan 200m2 3 Kamar Tidur 4 Kamar Mandi Listrik 3500 watt Air Sumur SHM Minimal Sewa 3 tahun Harga Sewa IDR 200 Juta Per Tahun DF3 DK 06297,,Agen Properti di Tangerang,,https:/picture.rumah123.com/r123-images/300x300-crop/customer/1616144/1e8b439e68b5ad1838c8e2fdb79f70bf.jpg,https://www.rumah123.com/properti/denpasar-sanur/disewakan-rumah-semi-villa-area-sanur-hor41049707/
Villa Asri Sanur dengan Pemandangan Sawah yang Menyejukkan,Rp 200.000.000,day,Villa Asri Sanur dengan Pemandangan Sawah yang Menyejukkan | vlr188013,2,2,,,,Villa di Sanur Denpasar. For rent di wilayah yang tenang. Dengan rinciannya adalah sebagai berikut: - Kamar Tidur: 2 - Kamar Mandi: 2 - Sertifikat: - Dan properti ini juga terdepan karena: - Full Furnished. - Villa Mewah. - Desain minimalis. - Lokasi tenang & jauh dari keramaian. - Lokasi dipusat kota. - Sejuk. - Lokasi Strategis. - Lokasi Bebas Banjir. Lokasi villa berikut terjangkau hanya selangkah menuju berbagai fasilitas utama dan menarik. Hanya Rp. 200.000.xxx anda dapat langsung dapatkan villa strategis di daerah Sanur ini. Tersedia juga untuk rental period Daily.,,Agen Properti di Tangerang,,https:/picture.rumah123.com/r123-images/300x300-crop/customer/4407764/ba8b22354f85f5805793b3c958d6e252.jpg,https://www.rumah123.com/properti/denpasar-sanur/villa-asri-sanur-dengan-pemandangan-sawah-yang-menyejukkan-vlr188013/
New Brand Villa 2 Floor Tangep Mengwi,Rp 135.000.000,year,Badung,,3,,,,Brand new villa located at tangeb mengwi badung area is now ready to lease for long term. A quite and secluded area with ricefield view infront of it. Details 2 floors building 100 sqm for the land size 2 bed rooms upstairs at second floor 2 bathrooms for each bed room Pool ( jaccuzi style ) 1 guest toilet downstair Enclosed living room and kitchen Furnished include with Air cond Kitchen set Storage Sofa set Garage for car or bikes 5 m road access Rice field view Quiet and calm location Not so many building near of the villa. Price for lease hold : IDR 135 million per year for 10 year IDR 120 million per yesr for 20 year,,Agen Properti di Tangerang,,https:/picture.rumah123.com/r123-images/300x300-crop/customer/4369804/da9d8f8e2f887e4a9f04daf18c07bb24.jpg,https://www.rumah123.com/properti/badung-mengwi/new-brand-villa-2-floor-tangep-mengwi-vlr227740/
Disewakan Rumah 2 Lantai Fully Furnished di Renon,Rp 155.000.000,year,Badung,4,3,150 m²,230 m²,Lainnya,*For rent > Rumah semi Villa di Renon DPS* Lokasi dekat lapangan BajraSandi pusat kota dan pusat pemerintahan DPS. Luas tanah 1.5 are Bangunan lantai 2 LB 210m2 3 kamar 1 kmr staff. 3 kamar mandi Living dining kitchen garasi dan taman. Ada fasilitas pool dalam komplex. Private security gate. Full furnished. Bed+matrass lemari meja kursi juti AC kulkas dll. PLN Dan PDAM. For Rent 155jt/th nego.,,Agen Properti di Tangerang,,https:/picture.rumah123.com/r123-images/300x300-crop/customer/4369804/4ef9a7a64b89289d2fef3e159cadb447.jpg,https://www.rumah123.com/properti/denpasar-renon/disewakan-rumah-2-lantai-fully-furnished-di-renon-hor41087067/
town house baru di puri gading jimbaran ungasan furnishdkt gwk,Rp 9.000.000,month,town house baru di puri gading jimbaran ungasan furnishdkt gwk | Rumah123,1,1,130 m²,45 m²,SHM,town house baru jadi 2 lantai yang terletak di puri gading jalan paving 6 meterlingkungan sangat strategis kawasan villa dan perumahan. perumahan yg berkembang pesat ruangan besar sehingga membuat nyaman berada didalam kamar. setiap unit terdapat kamar tidur kamar mandi ruang santai dan dapur. parkiran untuk motor. lokasi dekat dengan Taman Rama internasional School GWK pantai Balangan Melasti padang padang labuan sait dll. kondisi fully furnish. 1 menit menuju Taman Rama School children house 5 menit menuju GWK 10 menit menuju pantai balangan pantai dream land 15 menit menuju pantai pandawa 15 menit menuju pantai Melasti 15 menit menuju pantai labuan sait 15 menit menuju pantai padang - padang 30 menit menuju bandara spesifikasi : Luas tanah keseluruhan 130 m2 luas bangunan 180 m2 masing - masing unit luas bangunan 45 m2 total ada 4 unit sudah fully furnish (ac bedsofakomporkulkas tv 50 inch lemari water heatermeja kerja meja makan kitchen set + peralatan memasak dan makan) harga promo 10 juta/ bulan termasuk wifi bersih-bersih 1 kali seminggu penggantian duvet + sprai 2 kali seminggu air belum termasuk listrik untuk informasi lebih lanjut bisa menghubungi : welly khusus penyewa langsung,,Agen Properti di Tangerang,,https:/picture.rumah123.com/r123-images/300x300-crop/customer/35883/a5ebe6c48ca4ca6d8b792787fbed6e7a.jpg,https://www.rumah123.com/properti/badung-puri-gading/town-house-baru-di-puri-gading-jimbaran-ungasan-furnishdkt-gwk-hor39330030/
Sewa/ Jual Villa 2 Lantai.+ Pool + Rooftop Tibubeneng -Canggu,Rp 225.000.000,year,Sewa/ Jual Villa 2 Lantai.+ Pool + Rooftop Tibubeneng -Canggu | vlr232255,3,3,,,,Disewakan / Dijual villa 2 lantai modern minimalis lengkap dengan pool & rooftop berlokasi di area villa yang tenang dan premium. Lokasi : Tibubeneng - Canggu Legalitas lengkap : SHM + IMB Luas tanah 221 m² Luas bangunan 480 m² (2 lantai) Spesifikasi : 3+1 Kamar Tidur 3+1 Kamar Mandi Full furnish Private pool Rooftop area Service area Harga sewa : 225 juta / tahun Harga jual : 79 M (nego) Security deposit : 10% Selling Point : 3 menit ke Finns Beach Club & Atlas Beach Fest 5 menit ke Pantai Berawa Cocok untuk investasi maupun hunian pribadi dengan potensi sewa tinggi di area favorit Canggu.,,RIA KUSUMA (XZFU)Agen KorporatNIB:912020578****,,https:/picture.rumah123.com/r123-images/300x300-crop/customer/1976159/438283ede7adb2cbff5603ef1b60cae1.jpg,https://www.rumah123.com/properti/badung-tibubeneng/sewa-jual-villa-2-lantai-pool-rooftop-tibubeneng-canggu-vlr232255/
Beautiful And Clean Villa In Centre Of Seminyak,Rp 600.000.000,year,Beautiful And Clean Villa In Centre Of Seminyak | vlr174967,2,2,,,,Located in centre of Seminyak Sitted on 200 sqm land This villa give spacious living area and pool Consist of 2 bedrooms with ensuite bathroom Villa comes wih good quality furniture and amenities Carport for 1 car Villa ready to occupy Surrounded by famous cafes and restaurant like Bhiku Mirror Shishi The Butcher Forge etc Only 10 minutes to the beach nearby Please contact Himwan for further details and survey,,Agen Properti di Tangerang,,https:/picture.rumah123.com/r123-images/300x300-crop/customer/555958/043747ca46b091f0c1e07e05f98681a9.jpg,https://www.rumah123.com/properti/badung-seminyak/beautiful-and-clean-villa-in-centre-of-seminyak-vlr174967/
Brand New House Close To Sidewalk Jimbaran,Rp 185.000.000,year,Brand New House Close To Sidewalk Jimbaran | vlr164201,3,3,,,,Brand New 3 bedrooms House Close to Jimbaran beach and Sidewalk Mall Jimbaran Fully furnished Spacious swimming pool at backyard. All rooms with bathroom AC and TV. Comfortable road access with 6 meter wide. One gate security Contact Himwan for more details and survey.,,Agen Properti di Tangerang,,https:/picture.rumah123.com/r123-images/300x300-crop/customer/555958/73b4a503d8aa002a96f24494aa1f30cc.jpg,https://www.rumah123.com/properti/badung-jimbaran/brand-new-house-close-to-sidewalk-jimbaran-vlr164201/
Brand New Modern Luxury Villa Near Seminyak,Rp 250.000.000,year,Brand New Modern Luxury Villa Near Seminyak | Rumah123,2,2,125 m²,175 m²,SHM,Leasehold for 24 years only Price IDR 3.480.000.xxx Land size 125 sqm Building size 175 sqm 2 bedrooms with ensuite bathrooms. Indoor swimming pool. Mezzanine level for work space or studio. Spacious living room and dining room. Spacious balcony terrace for relax barbeque etc High ceiling roof for better air circulation and lighting. Building permit complete 7 meter wide access road Nearby famous tourist area: 29 km to Kayu Aya street the most famous cullinary place and nightlife in Seminyak. 39 km to Seminyak beach 38 km to Petitenget beach 4 km to Batu Belig beach 45 km to Berawa Canggu area 10 km to AIrport Ngurah Rai Please contact Himwan for more detail and survey.,,Agen Properti di Tangerang,,https:/picture.rumah123.com/r123-images/300x300-crop/customer/555958/0d542cc33743da3aa8153c9c660d0643.jpg,https://www.rumah123.com/properti/badung-kerobokan-kelod/brand-new-modern-luxury-villa-near-seminyak-hor18569672/
Villa Office And Spacious Land At Sanur,Rp 250.000.000,year,Villa Office And Spacious Land At Sanur | Rumah123,3,3,1150 m²,250 m²,SHM,Located in a serenity side of Sanur With total Land size 1.150 sqm or 115 are Consist of: A 2 bedrooms villa A 2 floor office building Vacant land size 585 sqm with dimension 36 meter width and 15 meter depth. This vacant land is ideal to developed into 4 villas. Both Villa and Office are well maintained. Price for subleased until July 2040 is IDR 37 billion. Selling point: 25 km to Sindhu Beach. 27 km to Bali International Hoapital. 35 km to Sanur Harbour (cross to Nusa Penida) 15 km to Ngurah Rai International.airport. Please contact Himwan for more detail and site survey.,,Agen Properti di Tangerang,,https:/picture.rumah123.com/r123-images/300x300-crop/customer/555958/c58a62d2ac7a7f1cc210546bc3229a69.jpg,https://www.rumah123.com/properti/denpasar-sanur/villa-office-and-spacious-land-at-sanur-hor18096308/
6 Bedrooms Modern Villa Walking Distance To Sanur Beach,Rp 680.000.000,year,6 Bedrooms Modern Villa Walking Distance To Sanur Beach | Rumah123,6,7,270 m²,450 m²,SHM,Modern 6 Bedroom Villa for Rent Prime Location Near Sanur Beach Experience the best of Bali living in this stunning 6-bedroom villa ideally located just minutes from Sanur Beach. With its modern design and fully furnished interiors this property offers both comfort and style—perfect for families long-term residents or expats. Key Features: 6 spacious air-conditioned bedrooms Elegant modern design with high-quality finishes Fully furnished with contemporary furniture and appliances Open-plan living and dining areas Private garden and secure parking Prime Location Highlights: Walking distance to Sanur Beach – enjoy daily strolls or sunsets by the sea Close to Bali International Hospital – top-tier healthcare nearby Minutes from Bali Island School – ideal for families with children Near Icon Mall – for shopping dining and entertainment Surrounded by vibrant cafés boutique shops hotels and local amenities Whether you're looking for a serene retreat or a lively lifestyle hub this villa offers the perfect balance of convenience and tranquility in one of Bali’s most desirable neighborhoods. Contact Himwan to schedule a viewing and make this exceptional villa your next home in paradise.,,Agen Properti di Tangerang,,https:/picture.rumah123.com/r123-images/300x300-crop/customer/555958/c1ef06d47232c871d4e27652e6fa1ed9.jpg,https://www.rumah123.com/properti/denpasar-sanur/6-bedrooms-modern-villa-walking-distance-to-sanur-beach-hor39268421/
Villa Furnished 3BEDROOM Privat Pool Lokasi Best Sanur Skuta,Rp 350.000.000,year,Villa Furnished 3BEDROOM Privat Pool Lokasi Best Sanur Skuta | Rumah123,3,4,200 m²,175 m²,SHM,Spacious Brand New 3 Bed Villa in Sanur Jalan Sekuta Land size: 200m2 Building size: 175m2 3 Badrooms 3 Bathrooms Kitchen & Dinning area Livingroom Private pool Garden Fully furnished Near from Sindhu Beach Includes Pool Cleaning twice a wekk Garden Maintenance Special Rate for this month Price : 350/ yearly Min 3 yearly,,Yuliana cecilliaAgen KorporatNIB:812001416****,,https:/picture.rumah123.com/r123-images/300x300-crop/customer/1790887/98074048faa3b5ec7b48fe9b4a7139f2.jpg,https://www.rumah123.com/properti/denpasar-sanur/villa-furnished-3bedroom-privat-pool-lokasi-best-sanur-skuta-hor18222969/
Disewakan Villa 2 Bedroom + Pool Seminyak Bali,Rp 338.000.000,year,Disewakan Villa 2 Bedroom + Pool Seminyak Bali | vlr234882,2,2,,,,Disewakan segera Villa Tierandra 2 Bedroom dengan private pool di kawasan strategis Seminyak cocok untuk hunian atau liburan dengan suasana tenang dan nyaman. Bisa sewa tahunan / bulanan Lokasi: Seminyak - Badung Bali Spesifikasi: Luas tanah 250 m² Luas bangunan 245 m² 2 Kamar tidur 2 Kamar mandi Ruang santai Dapur Private swimming pool Listrik 7.700 watt Include: Perbaikan kerusakan kolam (tidak termasuk treatment kolam) Perbaikan kebocoran & kerusakan bangunan Exclude: Listrik Cleaning service Laundry Breakfast Harga sewa: Rp 338 juta / tahun Rp 32 juta / bulan Villa nyaman di area Seminyak dekat berbagai restoran dan pusat lifestyle. Cocok untuk tinggal jangka panjang di area premium Bali.,,Agen Properti di Tangerang,,https:/picture.rumah123.com/r123-images/300x300-crop/customer/1976159/43461231ece6a60b6a26b8720c50586a.jpg,https://www.rumah123.com/properti/badung-seminyak/villa-2-bedroom-pool-seminyak-bali-vlr234882/
Rumah Semi Villa 2 Lantai Lokasi Dekat Sekolah Dyatmika,Rp 87.000.000,year,Denpasar Timur Denpasar,2,2,300 m²,200 m²,Lainnya,Disewakan rumah semi Villa lokasi Denpasar timur dekat sekolah dyatmika.. Spesifikasi sebagai berikut : Berapa Lantai : 2 Luas Tanah : 300 Luas bangunan : 200 Kamar Tidur : 2 Kamar Mandi :2 Hadap Mana : timur Garasi : 1 Listrik : 7.500 Jalan meter : 6 meter Air : pdam tandon 2 Imb : ad Furnish / unfurnish : Furnish Harga 87/th Jika ambil 2 th jadinya 77/ thnya,,Ivan budimanAgen KorporatNIB:812001416****,,https:/picture.rumah123.com/r123-images/300x300-crop/customer/1860801/abcf2ea6521b8b18e6dbf3324203444a.jpg,https://www.rumah123.com/properti/denpasar-denpasar-timur/rumah-semi-villa-2-lantai-lokasi-dekat-sekolah-dyatmika-hor40883790/
For Rent Daily And Monthly Amazing Villa At Umalas Bali,Rp 168.000.000,day,Badung,5,6,,,,VILLA VII - THE TROPICAL LUXE SANCTUARY | UMALAS RENTAL OPTION DAILY RENTAL $1000 / night minimum stay 7 days Monthly rental $30.000 ( negotiable) Where tropical serenity meets exquisite European elegance. Hidden in one of Umalas' most peaceful pockets Villa VII rises like a private retreat carved out of paradise-surrounded by swaying palms sculpted gardens and open rice-paddy views that feel like a living painting. This is not just a villa. This is a world of its own. PROPERTY HIGHLIGHTS - 5 beautifully designed bedrooms - 6 luxurious bathrooms - Expansive tropical garden - perfect for events & family gatherings - Rice-paddy view - unobstructed peaceful and rare in Umalas - Private cinema room - your own movie sanctuary - Spa room - built for wellness & deep relaxation - Personal gym - stay fit in the comfort of your home - Car park - secure & spacious - Full luxury furnishing visit by appointment #ancaj,,Agen Properti di Tangerang,,https:/picture.rumah123.com/r123-images/300x300-crop/customer/1258884/c19979f0ef3d1620e56e7399daf2b590.jpg,https://www.rumah123.com/properti/badung-umalas/villa-cantik-di-umalas-rental-harianbulanan-vlr218968/
Modern 2 Bedrooms Villa At Jimbaran Area Fully Furnished,Rp 205.000.000,year,Modern 2 Bedrooms Villa At Jimbaran Area Fully Furnished | Rumah123,2,2,120 m²,80 m²,SHM,Yearly rental 2 Bedrooms Modern Villa located in Jimbaran Bali. Location : Jimbaran Badung This villa located in residential environment. Details : . Land Size : 120 M2 . Building Size : 80 M2 . 2 Bedrooms with ensuite bathrooms . Modern kitchen . Private swimming pool . Open living room . Fast wifi . Electricity 3300 kwh . Carport fit 2 cars . Ac each room . Water heater . Washing machine . Fully furnished Price 205 Mio/year,,Agen Properti di Tangerang,,https:/picture.rumah123.com/r123-images/300x300-crop/customer/999072/dc7c8b3311e356906c415c8fa67e57e8.jpg,https://www.rumah123.com/properti/badung-jimbaran/modern-2-bedrooms-villa-at-jimbaran-area-fully-furnished-hor18515944/
Brand New Villa For Rent In Ungasan,Rp 35.000.000,month,Badung,2,2,,,,DIJUAL/DISEWAKAN BRAND NEW VILLA ON PROGRES DI UNGASAN Jl. TOYANING I KUTA SELATAN BADUNG BALI Luas tanah 180 m L bangunan 145 m 2 kamar tidur 2 kamar mandi Ac Daikin 2 Water heater @ 100LT Ground tank 6000 lt Kitchen sets Full furnis Storage room Complex villa Carpot Little garden Acces 5 meter Dekat jalan utama Swimming pool 3 x 65 m - dekat resto nuris - dekat labuan sait - dekat supermarket Sewa 35jt / bulan Sewa 350jt / tahun Diluar : Security Deposit 5jt Listrik Token Air sesuai pemakaian Iuran Sampah,,Agen Properti di Tangerang,,https:/picture.rumah123.com/r123-images/300x300-crop/customer/1892420/c4a186ab133e74fe838aff6782c22cdc.jpg,https://www.rumah123.com/properti/badung-ungasan/brand-new-villa-for-rent-in-ungasan-vlr34662/
Disewakan villa di Bedugul area wisata view pegunungan,Rp 13.000.000,day,Badung,3,3,,,,Tera Bali Bedugul Luxury Villa for sale/rent daily weekly montly yearly Hotel facility Luas tanah 215m L bangunan 145 m 3 kamar tidur 3 kamar mandi 2 Water heater Listrik 2200w Television 65 inch Tower air 1000 lt Wifi Kitchen sets Full furnis Storage room Complex villa Carpot Little garden Lake view Acces 7 meter Harga : Daily 1.300.000 Weekly 7.000.000 Monthly 25.000.000 Yearly 250jt,,Agen Properti di Tangerang,,https:/picture.rumah123.com/r123-images/300x300-crop/customer/1892420/1168f9f06cbb7d7521db3ff98ff7a64b.jpg,https://www.rumah123.com/properti/tabanan-bedugul/disewakan-villa-di-bedugul-area-wisata-view-pegunungan-vlr156114/
Leasehold Brand New Villa - Kedungu,Rp 28.000.000,month,https://www.rumah123.com/properti/tabanan-kedungu/leasehold-brand-new-villa-kedungu-vlr220412/,2,2,,,,LEASEHOLD BRAND NEW 2 BR Villa - KEDUNGU Located just 5 minutes away from Kedungu Beach a renowned surfing spot and surrounded by rice field view with quiet neighborhoods. Details: Land Size: 109m2 Building Size: 136m2 2 Bedrooms 2 Bathrooms Full furnished Kitchen with Appliances Private Pool Tropical Garden Balcony Private Parking Area Monthly rent: IDR 28.000.000 Leasehold: IDR 2.950.000 ($175000 €150000) Leasehold Ownership: 285 years (until 2054) 5 minutes to kedungu beach -	3 minutes to jungle padel -	3 minutes to Grow International School -	10 minutes to Tanah Lot Temple,,JoeniAgen IndependenNIB:812001416****,,https:/picture.rumah123.com/r123-images/300x300-crop/customer/1892420/9be908ca522f267b252f38e24215c808.jpg,https://www.rumah123.com/properti/tabanan-kedungu/leasehold-brand-new-villa-kedungu-vlr220412/
Leasehold Villa At Kayu Tulang Canggu,Rp 525.000.000,year,Leasehold Villa At Kayu Tulang Canggu | vlr220425,3,4,,,,Leasehold Villa at Kayu Tulang Canggu Prime location surrounded with resorts villas and commercial areas such as restaurants cafes gyms kids club and groceries stores. - Land Size 190 m2 - Building size 250 m2 - 3 Bedrooms - 4 Bathrooms - Private pool - Fully Furnished - Indoor Carport (fit for 1 car and 2 scooters) - Palmsprings garden - Spacious Balcony - Laundry/Storage Room - CCTV and Wifi are installed - Yellow Zone Price: IDR 520000xxxx€310.000) for 20 years,,Agen Properti di Tangerang,,https:/picture.rumah123.com/r123-images/300x300-crop/customer/1892420/212ce345f6118f2e3b67ee85359876a9.jpg,https://www.rumah123.com/properti/badung-canggu/leasehold-villa-at-kayu-tulang-canggu-vlr220425/
Brand New 2 Bedroom Villa Sanur Pool And Rice Field View,Rp 270.000.000,year,Brand New 2 Bedroom Villa Sanur Pool And Rice Field View | vlr201152,2,2,,,,Brand New 2 Bedroom Villa Sanur Features: - 2 Bedroom - 2 Bathroom + 1 toilet guest - Land size : 123 Sqm Villa details: - 2 Bedroom - 3 Bathroom - Unfurnished - Living Room Area - Kitchen Area - Private Pool - Car Parking - Balcony - Laundry Area - Electric 2200 watt Price - Yearly Rent: IDR 270 million (negotiable),,Agen Properti di Tangerang,,https:/picture.rumah123.com/r123-images/300x300-crop/customer/2002720/cab69c4851bbd341317871724e72d0a3.jpg,https://www.rumah123.com/properti/denpasar-sanur/brand-new-2-bedroom-villa-sanur-pool-and-rice-field-view-vlr201152/
Stylish Minimalist 3Br Two-Storey Villa With Private Pool Bidadari Seminyak,Rp 300.000.000,year,Stylish Minimalist 3Br Two-Storey Villa With Private Pool Bidadari Seminyak | vlr230408,3,4,,,,A well designed modern minimalist villa in Bidadari Seminyak area offering privacy comfort and practical living space perfect for long term stay or expatriate living. Villa Details: Land size: 133 sqm Building size: 133 sqm 3 bedrooms ensuite 1 guest restroom North-facing orientation 7700 watt electricity Fully furnished Closed living room Kitchen Private swimming pool Balcony Well bore water Carport 2 storey Rental Price: Minimum 6 months: IDR 200 million 1 year: IDR 300 million / year Price Includes: Cleaning service 2-3 times per week Pool maintenance 2 times per week Prime location with easy access to Seminyak cafés restaurants and lifestyle hubs.,,Fani YauwAgen IndependenNIB:061223005****,,https:/picture.rumah123.com/r123-images/300x300-crop/customer/1176557/f515c35b122b946405d3606c2420628b.jpg,https://www.rumah123.com/properti/badung-kerobokan/stylish-minimalist-3br-twostorey-villa-with-private-pool-bidadari-seminyak-vlr230408/
Strategically Located Villa In Canggu Walking Distance To Beach,Rp 450.000.000,year,Strategically Located Villa In Canggu Walking Distance To Beach | Rumah123,3,3,295 m²,350 m²,Hak Sewa,Own a Premium Villa just 300 meters from Munduk Catu Beach. Super strategic location in the heart of Canggu near beach clubs cafes and favorite lifestyle areas. This villa is perfect for exclusive personal residence or rental investment with high income potential. Property Details - Land Area 295 m2 - Building Area 350 m2 - 3 En-suite Bedrooms - 1 Staff Room + Bathroom - Fully Furnished - South Facing - 13300 VA Electricity - SHM (Freehold) Facilities - Swimming Pool (5 x 4.5) - Indoor Garage - Carport - Storage Room Prime Location - 300 m to Munduk Catu Beach - 2 minutes to Batu Bolong Beach - 3 minutes to The Lawn Canggu - 20 minutes to Atlas Beach Club Price Sale Price: Rp 12 Billion (Negotiable) Lease Price: - 1 Year: Rp 600 Million - 2 Years: Rp 1 Billion (Negotiable) Villas in this area are rare especially with such close proximity to the beach,,Agen Properti di Tangerang,,https:/picture.rumah123.com/r123-images/300x300-crop/customer/1605825/5d558f26490519cf5d075b2d392e072b.jpg,https://www.rumah123.com/properti/badung-canggu/strategically-located-villa-in-canggu-walking-distance-to-beach-hor41198909/
Disewakan Jangka Panjang Vila di Umalas dengan Occupancy Tinggi 80-90%,Rp 195.000.000,year,Umalas Badung,3,3,,,,Vila yang sangat ideal untuk investasi dengan harga terbaik di Umalas Rp185 Miliar untuk 95 tahun Area sepi namun sangat dekat dengan jalan utama dan toko-toko serta restoran - Hak Guna Bangunan 95 Tahun - Lokasi: Umalas Kauh Bali - Luas tanah: 378 m2 - Luas bangunan: 200 m2 - 3 Kamar Tidur + 35 Kamar Mandi - 2 Lantai - Furnitur lengkap - Carport untuk 2 mobil + 2 sepeda motor - Listrik: 7700W + 2200W - Sumber air sumur pribadi - Ruang penyimpanan & mesin cuci tersedia - Pintu menghadap barat - Akses jalan 4 meter - Dekat dengan restoran supermarket & jalan utama - Ideal untuk investasi tingkat hunian 80-90% - Lingkungan tenang & privat,,JohnHokkyAgen KorporatNIB:121021004****,,https:/picture.rumah123.com/r123-images/300x300-crop/customer/1605825/7d2d3a327ea9073f67e770b346c7f616.jpg,https://www.rumah123.com/properti/badung-umalas/disewakan-jangka-panjang-vila-di-umalas-dengan-occupancy-tinggi-8090-vlr231692/
Villa Eksklusif View Sawah dan Gunung Dekat Pusat Ubud,Rp 569.000.000.000,year,Villa Eksklusif View Sawah dan Gunung Dekat Pusat Ubud | Rumah123,3,3,248 m²,200 m²,Lainnya,Terletak hanya 190 meter dari jalan utama. Villa yang sempurna bagi mereka yang mencari kehidupan damai dan lingkungan yang asri di dekat Ubud atau investasi dengan hasil tinggi dan pesona pemandangan yang terjamin. Pilihan ideal untuk hunian pribadi retreat maupun investasi villa sewa. Detail : - Luas tanah 248 m² - Luas bangunan 200 m² - 2 lantai - Villa menghadap utara - Akses jalan 3 meter - Kolam renang infinity dengan pemandangan sawah - Kamar tidur utama dengan kamar dalam + bak mandi jacuzzi - 2 kamar tidur tambahan dengan kamar mandi dalam - Ruang tamu tertutup dengan home theater untuk hiburan - Dapur lengkap + meja makan - Meja kerja di ruang kerja - Area olahraga dengan view - Sumur bor - Listrik 7.700 watt - Carport untuk 1 mobil + 10 motor - Fully furnished - Villa siap huni - Gratis SLF & PBG Dekat ke : 4 menit ke Taman Beji Griya Waterfall Temple dan RS Giri Asih 17 menit ke Green School Sibang Kaja 19 menit ke Coffee Shop Sacra Stuja Ubud 28 menit ke Campuhan Ridge Walk 30 menit ke Ulu Petanu Waterfall 35 menit ke Ubud Palace 50 menit ke Tegallalang Rice Terrace *Harga sewa :* Untuk masa sewa 75 tahun Dari Rp. 62 Miliar jadi Rp. 599 Miliar (nego) Jika di beli lalu disewakan kembali harga pasarannya : - Rp. 5 juta / malam ($300 Usd) - Rp. 60 juta / bulan - Rp. 600 juta / tahun,,Agen Properti di Tangerang,,https:/picture.rumah123.com/r123-images/300x300-crop/customer/1605825/402a223b43c674bdedfec542113bfafc.jpg,https://www.rumah123.com/properti/gianyar-ubud/villa-eksklusif-view-sawah-dan-gunung-dekat-pusat-ubud-hor41001625/
Villa For Rent In Pererenan Only 800 Meters From The Beach,Rp 450.000.000,year,Pererenan Badung,3,3,250 m²,300 m²,Hak Sewa,Located in a gated community this stunning villa is only 800 meters from the beach and within walking distance to many popular cafes and restaurants such as BAKED St. Ali Touche Brunch Club and more. Land Size: 250 m2 Swimpool size: 8m x 5m round No of storey: 2 floor IMB: housing Building Size: 300 m2 Semi Furnished Bedroom: 3 En-suit/ bathroom: 1 Bathroom/ guest toilet: 2 Service room: 1 Service toilet: 1 Dining & Living: 1 Carpot/ Garage: yes Monthly: 45mil Rent: Rp450million per year,,JohnHokkyAgen KorporatNIB:121021004****,,https:/picture.rumah123.com/r123-images/300x300-crop/customer/1605825/35bbd656471de8fc5c9625e0c6efb84a.jpg,https://www.rumah123.com/properti/badung-pererenan/villa-for-rent-in-pererenan-only-800-meters-from-the-beach-hor41120267/
Disewakan Villa Full Furnished With Private Pool di Badung Bali,Rp 300.000.000,year,Disewakan Villa Full Furnished With Private Pool di Badung Bali | vlr234818,3,4,,,,*Di Jual/Sewakan Villa / Freehold & Leasehold Badung Bali* Luas Tanah: 260 Are / 260m2 Luas Bangunan: 200m2 Sertifikat Hak Milik SLF / IMB Full Furnish Kamar Tidur: 3 Kamar Mandi: 4 Kolam Renang Kebun Rooftop Air Sumur Bor Listrik: 5500 Watt Akses Jalan: 5 Meter Harga Jual: 26 M Harga Sewa: 300 / Tahun Ivon Wiji BeTheBest property Wa.me/62821xxxxxxxxvilladijual#villadisewakan#badungbali,,Agen Properti di Tangerang,,https:/picture.rumah123.com/r123-images/300x300-crop/customer/2010535/1ba1c58ae7aae0f0655184479f667640.jpg,https://www.rumah123.com/properti/badung-jimbaran/disewakan-villa-full-furnished-with-private-pool-di-badung-bali-vlr234818/
Disewakan Rumah Ocean View di Paradiseloft Jimbaran Bali .With Private Pool,Rp 195.000.000,year,Disewakan Rumah Ocean View di Paradiseloft Jimbaran Bali .With Private Pool | Rumah123,2,2,120 m²,180 m²,Lainnya,Disewakan Rumah dengan Ocean View Tenang di Area Paradiseloft - Jimbaran Nikmati kenyamanan tinggal di villa dengan pemandangan laut penuh (full ocean view) yang berada di area perbukitan yang tenang. Berlokasi di kawasan Paradiseloft Villa dengan jalan buntu sehingga suasana sangat privat tidak bising dan udaranya masih sangat bersih. *Spesifikasi Properti* : Luas Tanah: 120 m² Luas Bangunan: 180 m² (termasuk rooftop untuk BBQ) Kamar Tidur: 2 Kamar Mandi: 2 Ruang Kantor / Wardrobe: 1 Toilet Tamu: 1 Kolam Renang Pribadi Rooftop area untuk BBQ & bersantai Garasi : 1 mobil Ruang Penyimpanan: 1 Ruang Cuci: 1 *Fasilitas* : Semi Furnished (bisa disesuaikan sesuai permintaan) Listrik 5.500 watt Air gratis dari sumur bawah tanah CCTV WiFi Biaya sampah Rp50.000 / bulan *Lokasi Strategis* : Dekat dengan berbagai fasilitas penting: Beberapa menit ke cafe restoran pasar tradisional sekolah & universitas 5 menit ke Gym (Club Jimbaran) dan Pantai Jimbaran 15 menit ke Pantai Nusa Dua Pantai Pandawa dan Pantai Melasti 10 km ke Bandara Internasional Ngurah Rai Harga sewa : * Rp 195 juta / tahun* * Leasehold 23 tahun: Rp 35 M Helena Wiji BeTheBest property Wa.me/62821xxxxxxxxdisewakanvilla#jimbaran,,Agen Properti di Tangerang,,https:/picture.rumah123.com/r123-images/300x300-crop/customer/2010535/25d14371e5aa6899c3f8f60dbb1d0072.jpg,https://www.rumah123.com/properti/badung-jimbaran/disewakan-rumah-ocean-view-di-paradiseloft-jimbaran-bali-with-private-pool-hor41220386/
2 Bed Room Villa For Rent Monthly And Yearly Nusa Dua Area,Rp 275.000.000,year,Badung,2,2,,,,Available on 16 February Fully renovated 2-Bedrooms Private Villa for rent in Nusa Dua - Bali AVAILABLE NOW and SMALL PETS ALLOWED Location : 3 minutes to Bali Mandara Toll 5 minutes to nearby Spa / Cafe / Restaurants 11 minutes to Jimbaran Beach 12 minutes to Tanjung Benoa / Nusa Dua Beach / ITDC / Bali Collection 15 minutes to Airport 25 minutes to Melasti Beach Specifications : Quiet Villa Complex Area Fully Furnished 2-Suite Bedrooms with AC 2-Bathrooms with Water Heater Smart TV Cable TV & Wifi Private Swimming Pool Open Dining / Kitchen / Living Room with Chiller / Water Dispenser / 3 Burner Gas Stove / Sofa / Ceiling Fan Laundry Area with Washing Machine Indoor Garage Storage room with Toilet Ocean View from Balcony One Gate System 24/7 Security & CCTV Electricity : 7700 kwh Land size : 101 sqm Building size : 180 sqm Monthly Rent Bills Included : Cleaning Service 1x per week Pool Maintenance 1x per week Linen Change 1x per week (Upon Request) Garbage Fee Banjar Fee Ground Water Supply Gardening Complex Security 24 hours Wifi & Cable TV Monthly Rent Bills Excluded : Electricity Bills (Token) Laundry (Linen & Personal) Personal Consumption (Drinking Water Tissues Soaps etc) Prices : IDR 25.000.000 per month (with Facilities) IDR 275.000.xxx per year (Villa Only) (Visit with Appointment) #wnydy,,Agen Properti di Tangerang,,https:/picture.rumah123.com/r123-images/300x300-crop/customer/1258884/e7ef0a05401ca27d09f9cb753b5021f4.jpg,https://www.rumah123.com/properti/badung-nusa-dua/2-bed-room-villa-for-rent-monthly-and-yearly-nusa-dua-area-vlr224993/
Dikontrakan Rumah Baru Semi Villa Area Dekat Pantai Sanur,Rp 200.000.000,year,Dikontrakan Rumah Baru Semi Villa Area Dekat Pantai Sanur | Rumah123,3,3,103 m²,110 m²,Lainnya,Disewakan villa baru siap huni akses mudah selangkah pantai Sanur Lokasi dalam Cluster one gate di Sanu dengan spesifikasi yg mumpuni : Tahun bangunan : 2025 Berapa Lantai : 2 Luas Tanah : 103 m² Luas bangunan : 110 Kamar Tidur : 3 Kamar Mandi : 2 + 1 powder room Hadap Mana : utara Garasi : 2 mobil Listrik : 3500 Jalan meter : 6 meter Air : pdam Imb : ada Furnish / unfurnish : full Furnish harga 200 jt/th Minat? Hubungi Whatsaap: 0822xxxxxxxx Ivn,,Agen Properti di Tangerang,,https:/picture.rumah123.com/r123-images/300x300-crop/customer/1377359/597bee2621fa0876383a93d80733a609.jpg,https://www.rumah123.com/properti/denpasar-sanur/dikontrakan-rumah-baru-semi-villa-area-dekat-pantai-sanur-hor41220218/
Disewakan Villa Jimbaran Good View,Rp 100.000.000,year,Disewakan Villa Jimbaran Good View | Rumah123,3,2,150 m²,120 m²,Lainnya,Di sewakan Villa di Taman Graha Kamar tidur: 3 Kamar mandi: 2 Listrik: 5500 Air : PDAM Fasilitas: 2 bed size 160 x 200 1 bed size 180 x 200 Water heater Microwave Big fridge Dispenser Tv Harga : 100 JT/ tahun Include: Change bedsheets 1 bulan 2x,,Agen Properti di Tangerang,,https:/picture.rumah123.com/r123-images/300x300-crop/customer/4355764/b3d2b8f79adad439d99bf5630a38e17d.jpg,https://www.rumah123.com/properti/badung-jimbaran/disewakan-villa-jimbaran-good-view-hor41094760/
Dikontrakkan Villa Luas Sanur,Rp 300.000.000,year,Dikontrakkan Villa Luas Sanur | Rumah123,3,3,550 m²,200 m²,Lainnya,Luas tanah 55 are Badroom 3 Bathroom 3 Living room besar Garden luas Kolam luas Garasi cukup 2 mobil Kamar pembantu +kamar mandi 1 Wantilan joglo Kitchen tertutup Lokasi kutat lestari Harga 300 nego Masih direnopasi Perkiraan 2 minggu jadi,,DPDunia PropertyAgen Independen,,https:/picture.rumah123.com/r123-images/300x300-crop/customer/4355764/71aa0ca595f690249fef0a6d18e4e8f6.jpg,https://www.rumah123.com/properti/denpasar-sanur/dikontrakkan-villa-luas-sanur-hor41071403/
Disewajan Villa Luas Sanur,Rp 350.000.000,year,Disewajan Villa Luas Sanur | Rumah123,4,4,500 m²,300 m²,Lainnya,Luas tanah 5 are Kutat lestari Room 4 kamar tidur 1kamar pembantu+ toilet 1 ruangan laundry Open kitchen besar Living room open besar Garden Pool Tempat santai 1 diatas Listrik 8800 Listrik 5500 Open garasi bebas 15 are Furnish semi Harga 350 million peryear Kamar besar 'dan semua conecting,,Agen Properti di Tangerang,,https:/picture.rumah123.com/r123-images/300x300-crop/customer/4355764/b32bdbccc74e5fde8281551d3d661e48.jpg,https://www.rumah123.com/properti/denpasar-sanur/disewajan-villa-luas-sanur-hor41185053/
Leasehold Opportunity Available - Stunning Brand-New Luxury Living Space In Ungasan Close To Karma Beach And Uluwatu,Rp 150.000.000,month,Badung,4,5,,,,Leasehold Options Available Yearly rental Available A tropical luxury villa with an ocean view is situated in Ungasan a lovely neighborhood encircled by the ocean that runs the length of southern Bali the magnificent Garuda Wisnu Kencana statue and natural surroundings is seemingly blessed with limitless vistas of ocean and sky. Each room is tastefully furnished and decorated with modern styled details. The villa features four bedrooms that are all intended as master suites a fitted wardrobe a bathtub and a workspace in the corner. Our master bedrooms are all constructed with high-quality materials to maximize your Bali vacation experience. The comfort of your sleep and rest are our top priorities at our villa. We offer complete latex mattresses and premium latex beds in Super King size. A huge sunken living room a dining area that can accommodate up to eight people a luxury multipurpose kitchen with solid surface island table and an open living room design and a large swimming pool are all features that will make your life more comfortable. Villa features: 3 storey building Land size: 330m2 Building size: 400m2++ 4 Master Bedrooms 4 Master Bathrooms 1 Sharing Bathrooms (visitor toilet) Sunken living room with 55' Smart TV 4K UHD Dolby Atmos Up to 8 pax dining table Wood dinning set Kitchen equipped with a gas stove cooker hood (exhaust stove) oven + microwave and refrigerator. Solid surface island table Swimming pool: 4m x 10m Garden equipped with automatic watering system. Carport: 2 cars and 2 motorcycle Rooftop: 360deg view multifunction area Laundry area or service room. (An empty space that can be used to construct an additional room or rooms for staff/butler) Private road entrance Please contact me today to arrange your inspection for this property and to obtain additional information.,,Agen Properti di Tangerang,,https:/picture.rumah123.com/r123-images/300x300-crop/customer/779036/d5475024f601077bb7548fd9f02d7668.jpg,https://www.rumah123.com/properti/badung-ungasan/stunning-brandnew-luxury-living-space-in-ungasan-offers-a-modern-and-comfortable-living-experience-vlr112190/
Villa Mewah Siap Huni / Kerobokan Full Furnished,Rp 300.000.000,year,Villa Mewah Siap Huni / Kerobokan Full Furnished | vlr212840,3,2,,,,Siap huni villa mewah lokasi kerobokan Luas tanah 3 are Luas bangunan -+200m² Listrik 5500 Watt Air sumur bor Full furnished Kamar tidur 3 Kamar mandi 2 Kerobokan kuta utaraBadung 300000xxxx tahun .,,Agen Properti di Tangerang,,https:/picture.rumah123.com/r123-images/300x300-crop/customer/4425782/c9eefdb47e27203a9aa44875ceac7717.jpg,https://www.rumah123.com/properti/badung-kerobokan-kelod/villa-mewah-siap-huni-kerobokan-full-furnished-vlr212840/
Villa Nyaman 250 Meter 2 Bedroom Dengan Private Pool Di Padonan Tibubeneng - Badung,Rp 235.000.000,year,Villa Nyaman 250 Meter 2 Bedroom Dengan Private Pool Di Padonan Tibubeneng - Badung | Rumah123,2,3,250 m²,200 m²,Lainnya,VILLA NYAMAN DENGAN PRIVATE POOL DI PADONAN TIBUBENENG - BADUNG Harga Sewa: 235 Juta/Tahun (Min. sewa 2 tahun) Lokasi: Jl. Raya Padonan Tibubeneng - Badung Hadap: Utara Status: SHM Luas Tanah: 250 m² Luas Bangunan: 200 m² Spesifikasi: 2 Kamar Tidur 2+1 Kamar Mandi Listrik 5.500 Watt Air Sumur Non-Furnished Fasilitas: deg Kitchen Set deg AC Water Heater & Ceiling Fan deg Private Pool ukuran 3×6 m deg Storage Room deg Garden deg Garage,,ARLINA (SOHE)Agen KorporatNIB:912020578****,,https:/picture.rumah123.com/r123-images/300x300-crop/customer/1140658/4e966230500dad08c672983ba702424a.jpg,https://www.rumah123.com/properti/badung-canggu/villa-nyaman-250-meter-2-bedroom-dengan-private-pool-di-padonan-tibubeneng-badung-hor40558666/
Elegant Tropical Villa.4 Bedroom In 11 Are Of Land With Large Garden & Ample Parking In Sanur Denpasar Bali,Rp 480.000.000,year,Elegant Tropical Villa.4 Bedroom In 11 Are Of Land With Large Garden & Ample Parking In Sanur Denpasar Bali | vlr220064,4,5,,,,SPACIOUS VILLA WITH LARGE GARDEN & PARKING FOR 5 CARS - Land size: 11 are - 4 Bedrooms - 5 Bathrooms + 1 Bathtub - Private swimming pool - Large garden - Kitchen - Electricity: 7800 watt - Deep well water - WiFi - 6 Air conditioners - 2 Ceiling fans - Parking space for up to 5 cars Rental Price: - 1 year: IDR 480 million / year - 2-3 years: Negotiable (special rate) Ideal for family residence private villa living or long-term rental investment,,Agen Properti di Tangerang,,https:/picture.rumah123.com/r123-images/300x300-crop/customer/1140658/8c98191edf88eb4ff30a7f065d1a69e6.jpg,https://www.rumah123.com/properti/denpasar-sanur/elegant-tropical-villa4-bedroom-in-11-are-of-land-with-large-garden-ample-parking-in-sanur-denpasar-bali-vlr220064/
Villa Cantik Disewakan di Daerah Tumbak Bayuh dengan Pemandangan Pandan Tree,Rp 400.000.000,year,Badung,3,3,,,,Stunning Villa For Rent @ Tumbak Bayuh - Pererenan ✅ Unblock view (Greenview Pandan Tree) ✅ 10 menit drive to Pererenan Beach ✅ 14 menit drive to Batu Bolong ✅ Min. Rent 2 Years =================== Price Idr. 400 Mio. / Year Details - Land size 525 sqM - Building size ± 300 sqM - 2 Storey building - 3 Bedroom - 2 Bathroom - Janitor room - Storage room - Garage - Pantry Room - Swimming Pool - Garden - Balcony - Fully Furnish Owner request ✅ No Pet - on going building structure next to this property.,,Agen Properti di Tangerang,,https:/picture.rumah123.com/r123-images/300x300-crop/customer/4360705/72a2c994e2ac7e1c15d2064bf3146f24.jpg,https://www.rumah123.com/properti/badung-tumbak-bayuh/villa-cantik-disewakan-di-daerah-tumbak-bayuh-dengan-pemandangan-pandan-tree-vlr212637/
'Cozy 2-Bedroom Villa Near Jimbaran Beach & Samasta Lifestyle Village - Perfect For Living Or Rental' Jimbaran Bali,Rp 25.000.000.000,year,Badung,2,2,,,,Cozy Private Villa Near Jimbaran Beach - Great Investment Opportunity in Jimbaran A charming private villa located in a strategic area along Jalan Uluwatu offering comfort privacy and excellent accessibility to Bali's popular destinations. Perfect for a holiday home long-term living or rental investment. Property Details ●2 Bedrooms ●2 Bathrooms ●Storage Room ●Private Swimming Pool ●Private Car Parking ●High-Speed WiFi ●Borehole Water Supply ●Pets Friendly ●Electricity 5500 Watt ●Land Size: 1.88 Are (188 m²) ●Prime Location Selling Points : #Minutes to the famous Jimbaran Beach #Close to the iconic Jimbaran grilled seafood restaurants along the beach #Easy access to Samasta Lifestyle Village (shopping dining & entertainment) #Surrounded by villas resorts and restaurants #Convenient access to the airport and popular South Bali areas Price: IDR 2.5 Billion Leasehold: 20 Years A perfect opportunity to own a private villa in one of Bali's most desirable coastal areas ideal for both living and investment.,,Agen Properti di Tangerang,,https:/picture.rumah123.com/r123-images/300x300-crop/customer/1140658/c8bee4aa9c794725fdf073b115a41db1.jpg,https://www.rumah123.com/properti/badung-jimbaran/cozy-2bedroom-villa-near-jimbaran-beach-samasta-lifestyle-village-perfect-for-living-or-rental-jimbaran-bali-vlr234793/
Pet Friendly Villa With Massive Garden 1500Sqm Land Size,Rp 210.000.000,year,https://www.rumah123.com/properti/badung-kerobokan/pet-friendly-villa-with-massive-garden-1500sqm-land-size-vlr234298/,2,2,,,,Pet friendly | Garden | Kerobokan Kuta Utara Bali Rp21000000/month (min 3 months paid in advance) Rp210000000/year 1500 m² 2 Bedrooms 2 Bathrooms Immediately Freshly renovated Secure garden (pet-friendly) Closed living & dining area Fully equipped kitchen Fully furnished Private parking for 2 cars Weekly cleaning (1x/week) Pool maintenance (2x/week) + garden maintenance included,,RianaAgen Independen,,https:/picture.rumah123.com/r123-images/300x300-crop/customer/1353153/79aac6cf7b86b9c7811a71783daea0a1.jpg,https://www.rumah123.com/properti/badung-kerobokan/pet-friendly-villa-with-massive-garden-1500sqm-land-size-vlr234298/
FOR RENT VILLA BARU 2BR KAWASAN ELITE VILLA DI SEMINYAK BALI,Rp 300.000.000,year,FOR RENT VILLA BARU 2BR KAWASAN ELITE VILLA DI SEMINYAK BALI | vlr142514,2,2,,,,Luas Tanah 120m2 Luas Bangunan 150 m2 ama garden dalam Listrik 3.500 watt IPL 800.000 AC 3 Daikin TV 75 inch LG Refrigerator big 2 door Samsung Washing machine LG front door Bed room 2 - Master queen bed - Second room 2 single bed (twin bed) Bathroom - Master - Sec room - First floor ( incl laundry room),,Agen Properti di Tangerang,,https:/picture.rumah123.com/r123-images/300x300-crop/customer/1790887/dd2cba17c9eeaa8e093366bd60e0ce0f.jpg,https://www.rumah123.com/properti/badung-seminyak/for-rent-villa-baru-2br-kawasan-elite-villa-di-seminyak-bali-vlr142514/
For Rent Villa Umalas Bumbak Bali Full Furnis,Rp 42.000.000,month,Badung,3,4,,,,3-Bedroom Villa in Umalas / Bumbak Umalas/Bumbak ️ Fully Furnished ️ 3 Bedroom 4Bathroom Large Kitchen Private parking for car or motorbike Linen Storage Land size 200 Building size 180 Include: - Cleaning 2x week - Linen 1x week - Garbage - Garden & Pool Maintenance - Strong WiFi Surroundings ️: - The Meat Emporium (1min) - Satoshi Restaurant (1min) - Bulls Gym Canggu (5min) - Soma Fight Club (5min) kodeendah MONTHLY ONLY: IDR 42 million/month - min 3 months staying Security deposit: 5mill wenwen.property 0812xxxxxxxxfbpro #villaumalas,,Agen Properti di Tangerang,,https:/picture.rumah123.com/r123-images/300x300-crop/customer/4348172/26f11f4cef4712ea32fdc6fbeae6ecac.jpg,https://www.rumah123.com/properti/badung-umalas/for-rent-villa-umalas-bumbak-bali-full-furnis-vlr234766/
For Rent Brand New Villa Ungasan Jimbaran Rooftop 3 Lantai,Rp 500.000.000,year,For Rent Brand New Villa Ungasan Jimbaran Rooftop 3 Lantai | vlr234750,3,4,,,,FOR RENT NEW BRAND VILLA UNGASAN 3 LANTAI ROOFTOP DEKAT GWK FULL FURNISH Luas Tanah 265m² Luas Bangunan 350m² 3 Kamar Tidur 4 Kamar Mandi PDAM Listrik 7700 IMB Hadap Selatan Full Furnish ➡️Seling Point : 1 menit ke GWK 15 menit ke Pantai Pandawa 15 menit ke Pantai Melasti 20 menit ke Bandara Ngurah Rai ➡️ Carport 2 Mobil ➡️500jt/tahun Wen Wen 0812xxxxxxxx,,WEN WENAgen KorporatNIB:912020578****,,https:/picture.rumah123.com/r123-images/300x300-crop/customer/4348172/3ef1f26d3446449f6ac33158ddba89ca.jpg,https://www.rumah123.com/properti/badung-ungasan/for-rent-brand-new-villa-ungasan-jimbaran-rooftop-3-lantai-vlr234750/
Rumah Modern Minimalis With Swimming Pool di Jimbaran,Rp 180.000.000,year,Rumah Modern Minimalis With Swimming Pool di Jimbaran | Rumah123,3,3,100 m²,80 m²,Lainnya,Disewakan Rumah semi Villa with Swimming pool di jimbaran. Rumahnya type 2 lantai dan one gate system Spesifikasi Tahun bangunan : 2024xxxx Luas Tanah : 100 M2 Luas bangunan : 80M Kamar Tidur : 3 Kamar Mandi : 3 Hadap Mana : Selatan Kitchen Livingroom. Garasi : 1 mobil + Kanopi Listrik : 5500 Jalan meter : 5 Meter Air : PDAM Furnish / unfurnish : Furnish Kolam Renang : 6× 3 M Sudah ad Wifi Harga sewa per tahun : 180 Juta Minat? Hubungi: Wa: Ivn Dekat dari berbagai fasilitas : 10 menit ke garuda wisnu kencana 10 menit ke pantai melasti 7 menit ke univ. Udayana 15 menit ke sidewalk 15 menit ke rs udayana.,,Agen Properti di Tangerang,,https:/picture.rumah123.com/r123-images/300x300-crop/customer/1860801/5a3254c87c400ed2cb83648e6a86d640.jpg,https://www.rumah123.com/properti/badung-jimbaran/rumah-modern-minimalis-with-swimming-pool-di-jimbaran-hor40717021/
For Rent Villa Seminyak Bali Full Furnish,Rp 225.000.000,year,For Rent Villa Seminyak Bali Full Furnish | vlr229418,2,2,,,,For Rent Villa Seminyak Luas Tanah 200m² Luas Bangunan 100m² 3 bedroom 2 bathroom kodenit 225jt/tahun wenwen.property 0812xxxxxxxxvillaseminyak,,Agen Properti di Tangerang,,https:/picture.rumah123.com/r123-images/300x300-crop/customer/4348172/78d566fd0cd8be94ed8da0424f227767.webp,https://www.rumah123.com/properti/badung-seminyak/for-rent-villa-seminyak-bali-full-furnish-vlr229418/
Brand New Villa Lod Tunduh Ubud For Rent.,Rp 250.000.000,year,Brand New Villa Lod Tunduh Ubud For Rent. | Rumah123,2,2,117 m²,60 m²,SHM,Land size : 117 m2 Building size : 60 m2 1 Storey Face : West Road access : 3 m ( 1 car ) Bed Room : 2 Bathroom : 2 Electricity : 5.500 Watt Well Water with filter Swimming Pool Carport : 1 car Fully Furnished Facilities • Air Conditioner • Water Heater • Smart TV • Hair Dryer • High-Speed Internet (200 mbps) • Equiped Kitchen Microwave Refrigerator Air Fryer Ketlle Toaster Water Dispenser Rice Cooker Blender. Price : 1 year : IDR 250 million year 1 month : IDR 25 million/ month ( minimum 4 month ) 25 years : IDR 25 billion Excluded Gas Water Electricity Personal Expenses Internet Fee Garbage Collection Fee. Security Deposit : (Refundable ) Monthly Rent : Rp. 5000000- Yearly Rent : Rp. 10000000-,,Agen Properti di Tangerang,,https:/picture.rumah123.com/r123-images/300x300-crop/customer/1782274/2024-01-03-10-43-27-b2251304-f78d-448a-b419-6238c9e2e878.jpg,https://www.rumah123.com/properti/gianyar-ubud/brand-new-villa-lod-tunduh-ubud-for-rent-hor15941503/
Modern Tropical Villa Umalas,Rp 285.000.000,year,Badung,,3,,,,For Rent Modern Tropical Villa for Long Stay - Umalas Private pool | Quiet neighborhood | Minutes to Canggu & Seminyak. @ Umalas - Kerobokan Bali +/- 5 minutes drive to canggu area (canggu club) +/- 5 minutes drive to seminyak Details: - LT/LB: +/- 150/210 - Electricity 5500 watt - Sumur Bor - Faced: East -Freehold -PBG - 3bedrooms + 3ensuite - 1 powder room - livingroom & dinning - full furnished - 4 airconditioner - water heater - swimmingpool - servis area - 1staff bedroom - 1staff bathroom - parking area Very strategic Location Yearly rental: 285 jt/year min 2years,,Agen Properti di Tangerang,,https:/picture.rumah123.com/r123-images/300x300-crop/customer/72779/16bcdeb97f84bc1b24c4dcc8f7de7f6b.jpg,https://www.rumah123.com/properti/badung-umalas/modern-tropical-villa-umalas-vlr232493/
Minimalist Aesthetic Villa 3 Kamar Tidur di Prime Seminyak Area,Rp 300.000.000,year,Minimalist Aesthetic Villa 3 Kamar Tidur di Prime Seminyak Area | Rumah123,,3,200 m²,150 m²,Lainnya,Bangun di Surga Tersembunyi Tengah Seminyak! ✨ ​Bayangkan memulai pagi Anda di hunian yang setenang ini. Dengan desain modern-minimalis yang hangat dan cahaya matahari yang masuk sempurna villa ini bukan sekadar tempat tinggal tapi sebuah sanctuary. ​Terletak di area eksklusif (gated community) Seminyak Anda mendapatkan privasi total sekaligus akses mudah ke pusat gaya hidup paling hits di Bali. Perfect for family or professionals! ​Highlight Fasilitas: ​3 Kamar Tidur (Aesthetic & Cozy) ​Private Swimming Pool untuk bersantai sore ​Living area luas dengan desain Japandi yang elegan ​Keamanan 24 jam di lingkungan perumahan satu gerbang ​Akses jalan lebar & Carport luas ​ Lokasi: Seminyak Bali Harga: IDR 300 Juta / Tahun ​Ready to move in! Jangan sampai keduluan villa secantik ini biasanya tidak lama di pasaran. DM kami atau klik link di bio untuk survey lokasi sekarang!,,Gusti ArikAgen Independen,,https:/picture.rumah123.com/r123-images/300x300-crop/customer/999072/15c1f78084185870079cd940f75c9986.jpg,https://www.rumah123.com/properti/badung-seminyak/minimalist-aesthetic-villa-3-kamar-tidur-di-prime-seminyak-area-hor40953150/
Villa 3Br Estetik di Jantung Canggu dengan Private Pool,Rp 350.000.000,year,Villa 3Br Estetik di Jantung Canggu dengan Private Pool | Rumah123,3,2,200 m²,150 m²,Lainnya,Experience the Ultimate Canggu Life in This Modern Sanctuary! ✨ ​Leave the hustle behind and step into your dream home. Located just 10 minutes from the iconic waves of Batu Bolong Beach this 3-bedroom villa perfectly blends smart minimalist design with total comfort. ​Whether you're a digital nomad needing super-fast internet (200 Mbps!) or a family looking for peace in the heart of Canggu this villa is the answer. Imagine relaxing by your private pool after a day exploring the trendy cafes and spots around you. ​Why You'll Love It: ​ 3 Spacious Bedrooms with beautiful natural light. ​❄️ Enclosed Living Room with AC (Stay cool on hot Bali days!). ​ Chef-Ready Kitchen fully equipped with quality appliances. ​:rocket: Hyper-Fast WiFi (200 Mbps) - Perfect for WFB (Work From Bali). ​ Total Privacy with a private pool and stylish lounge area. ​ Strategic Location: Canggu (Close to top restaurants & 10 mins to the Beach). Price: IDR 350 Million / Year. ​This unit rarely stays on the market for long! Contact us now via WhatsApp: +62818xxxxxxxx to schedule a viewing.,,Agen Properti di Tangerang,,https:/picture.rumah123.com/r123-images/300x300-crop/customer/999072/59a474110e7149feaa2c75cb07ca35e0.jpg,https://www.rumah123.com/properti/badung-canggu/villa-3br-estetik-di-jantung-canggu-dengan-private-pool-hor40972673/
1Br Villa For Rent In Serene Location Of Uluwatu,Rp 210.000.000,year,Badung,1,1,,,,Villa in Uluwatu. Seek this modern villa for rent offering a fully equipped environment perfect for those seeking a secure and secure home. Property Key Specifications: - Bedrooms: 1 - Bathrooms: 1 - Certificate: - Features: - Fully Furnished. - Accessible road for 2 cars. Located in Uluwatu this villa offers easy access to a variety of exciting amenities. For just Rp. 210000000 you can own an exclusive move-in-ready residence. Don't miss this opportunity to experience living in this comfortable Uluwatu area! Contact us now for more information! Villa di Uluwatu. Dapatkan villa yang modern ini disewakan menghadirkan lingkungan fasilitas yang lengkap cocok untuk Anda yang menginginkan hunian aman. Spesifikasi Utama Properti: - Kamar Tidur: 1 - Kamar Mandi: 1 - Sertifikat: - Fitur unggulan: - Full Furnished. - Akses Jalan Muat 2 Mobil. Terletak di Uluwatu villa ini memberikan kemudahan akses ke berbagai fasilitas menarik. Dengan harga Rp. 210 juta anda bisa memiliki hunian eksklusif yang sudah siap huni. Jangan lewatkan kesempatan untuk menikmati pengalaman tinggal di kawasan Uluwatu yang nyaman ini! Hubungi segera untuk informasi lebih lanjut!,,Agen Properti di Tangerang,,https:/picture.rumah123.com/r123-images/300x300-crop/customer/984516/8dd0c9bb96c2b136871c578f1f805dc0.jpg,https://www.rumah123.com/properti/badung-uluwatu/1br-villa-for-rent-in-serene-location-of-uluwatu-vlr211840/
Vila 2 Lantai Hanya 1 Menit Kepantai Tanjung Benoa Nusa Dua Bali,Rp 200.000.000,year,Tanjung Benoa Badung,3,3,155 m²,170 m²,Lainnya,VILLA 1 MENIT KE PANTAI TANJUNG BENOA NUSA DUA Luas Tanah 155m² Luas Bangunan 170m² Electricity 10000 SHM Hadap Barat PDAM Fasilitas 	-	3 Bedroom 	-	3 Bathroom 	-	Private Swimming Pool 	-	Close Living Room 	-	Kitchen 	-	Dining Room + Dining Table 	-	Full Furnished 	-	Pool maintenance included 	-	Iuran banjar & sampah included Seling Point : 	-	1 menit ke beachfront 	-	Dekat area resort water sport restoran dan hotel bintang 5 Rp 200 juta / tahun,,GUSTUT (GKP)Agen KorporatNIB:912020578****,,https:/picture.rumah123.com/r123-images/300x300-crop/customer/1876131/da43df9d2f05d5d5fee6263ec5720185.jpg,https://www.rumah123.com/properti/badung-tanjung-benoa/vila-2-lantai-hanya-1-menit-kepantai-tanjung-benoa-nusa-dua-bali-hor41038955/
Vila Modern Minimalis Super Nyaman Dekat Sanur Renon Bali,Rp 300.000.000,year,Vila Modern Minimalis Super Nyaman Dekat Sanur Renon Bali | Rumah123,2,2,270 m²,110 m²,Lainnya,Villas for Rent - Annual Lease Villa 2 - IDR 300 Million / Year - Building Area: 110 m² - Land Area: 270 m² - 2 Bedrooms (1 Master Bedroom + 1 Bedroom) - En-suite bathroom in each bedroom - Private swimming pool & pool garden - Bathtub & hot water in master bedroom - Kitchen island - Fully furnished - Air conditioner in every bedroom - Electricity: 4400 kWh - Water supply: PAM Electricity and water are not included 6 minutes to Pengembak beach 6 minutes to Bali Mandara General Hospital 12 menit ke Icon Bali Mall 24 minutes to Airport Ngurah Rai,,Agen Properti di Tangerang,,https:/picture.rumah123.com/r123-images/300x300-crop/customer/1876131/f8ce5f3c49c056abd8b89b4db2c4de26.jpg,https://www.rumah123.com/properti/denpasar-renon/vila-modern-minimalis-super-nyaman-dekat-sanur-renon-bali-hor41125344/
Vila Modern Minimalis 1 Lantai Renon Dekat Sanur Denpasar Bali,Rp 350.000.000,year,Vila Modern Minimalis 1 Lantai Renon Dekat Sanur Denpasar Bali | Rumah123,3,3,270 m²,140 m²,Lainnya,Villas for Rent - Annual Lease ✨ Villa 1 - IDR 350 Million / Year - Building Area: 140 m² - Land Area: 270 m² - 3 Bedrooms (1 Master Bedroom + 2 Bedrooms) - En-suite bathroom in each bedroom - Private swimming pool & pool garden - Bathtub & hot water in master bedroom - Fully furnished - Air conditioner in every bedroom - Electricity: 5500 kWh - Water supply: PAM 6 minutes to Pengembak beach 6 minutes to Bali Mandara General Hospital 12 menit ke Icon Bali Mall 24 minutes to Airport Ngurah Rai,,Agen Properti di Tangerang,,https:/picture.rumah123.com/r123-images/300x300-crop/customer/1876131/d46920880217caeade33705935b9224a.jpg,https://www.rumah123.com/properti/denpasar-renon/vila-modern-minimalis-1-lantai-renon-dekat-sanur-denpasar-bali-hor41125298/
Vila 1 Lantai Furnished Super Nyaman Kerobokan Bali,Rp 500.000.000,year,Vila 1 Lantai Furnished Super Nyaman Kerobokan Bali | Rumah123,3,4,375 m²,250 m²,Lainnya,DISEWAKAN VILLA UMALAS KEROBOKAN Luas Tanah 375m² Luas Bangunan 250m² Kamar Tidur 3 Kamar Mandi 4 5500 watt Air Sumur Bor Security Deposit 10% Seling Point : - 4 menit ke Amara Padel Club House - 17 menit ke Pantai Petitenget - 22 menit ke Pantai Berawa idr 500jt/th,,Agen Properti di Tangerang,,https:/picture.rumah123.com/r123-images/300x300-crop/customer/1876131/1746f0a343b9d5f61b045e260bb4edc1.jpg,https://www.rumah123.com/properti/badung-kerobokan/vila-1-lantai-furnished-super-nyaman-kerobokan-bali-hor41130689/
Rumah Bagus 2 Kamar Tidur Di Batu Bolong Canggu Unfurnished,Rp 200.000.000,year,Rumah Bagus 2 Kamar Tidur Di Batu Bolong Canggu Unfurnished | Rumah123,,2,150 m²,100 m²,SHM,BATU BOLONG 2 BEDROOMS BRAND NEW VILLA FOR YEARLY RENTAL Price IDR : 200 Million per year Specification :,,Agen Properti di Tangerang,,https:/picture.rumah123.com/r123-images/300x300-crop/customer/999072/094aa58169f3fff8f9f8603beee62b04.jpg,https://www.rumah123.com/properti/badung-canggu/rumah-bagus-2-kamar-tidur-di-batu-bolong-canggu-unfurnished-hor39917823/
Prime Location: Beraban - Villa Sedang Dibangun,Rp 780.000.000,year,Kerobokan Badung,4,4,,,,Premium Location Villa - sedang dibangun Villa 4 kamar Modern tropical villa Berlokasi di jalan beraban Banjar taman - seminyak Luas Tanah 204 m2 Luas Bangunan 350m2 4 kamar tidur 4 kamar mandi Ruang keluarga/tamu dan ruang makan yang cukup besar (sunken living room) Kitchen set Kulkas Smart TV Aircons King Koil Mattress 10 menit jalan kaki ke La Favela Dekat Pepito happy chappy 6 menit pakai motor ke pantai Petitenget Harga tahunan 814 juta rupiah min. 2 tahun Harga leasehold sampai Januari 2050 (25 tahun) 82 miliar Sedang dalam proses dibangun. Target selesai Maret 2026,,Friska SiahaanAgen Independen,,https:/picture.rumah123.com/r123-images/300x300-crop/customer/868932/7d9131b1a378e6d67b718d56c8008e28.jpg,https://www.rumah123.com/properti/badung-kerobokan/prime-location-beraban-villa-sedang-dibangun-vlr134634/
2 Bedroom Villa For Rent In Canggu - Berawa Area (398V),Rp 175.000.000.000,year,2 Bedroom Villa For Rent In Canggu - Berawa Area (398V) | Rumah123,2,2,180 m²,150 m²,SHM,2-Bedroom Villa for Rent in Canggu - Berawa Area | Quiet Location Property Details: Location: Jalan Abasan Berawa - Canggu Land Size: 180 m² Bedrooms: 2 Comfortable living area Kitchen Parking area The property is well located with easy access to Berawa Beach restaurants supermarkets and other amenities in the Canggu area. Rental Price: IDR 175000000 per year (Negotiable),,Agen Properti di Tangerang,,https:/picture.rumah123.com/r123-images/300x300-crop/customer/2161494/39dc35a96742590be41f601c84ffbb26.jpg,https://www.rumah123.com/properti/badung-canggu/2-bedroom-villa-for-rent-in-canggu-berawa-area-398v-hor41203409/
LEASEHOLD 30 TH VILLA BARU PRIVATE DI SEDAP MALAM SANUR DENPASAR,Rp 23.000.000.000,year,LEASEHOLD 30 TH VILLA BARU PRIVATE DI SEDAP MALAM SANUR DENPASAR | vlr186790,2,2,,,,Villa Baru Modern Style - Leasehold 31 Tahun di Sanur Lokasi area Sedap Malam - Sanur (hanya 10 menit ke Pantai) Spesifikasi: Luas Tanah : 122 m ² Luas Bangunan : 109 m ² Dimensi : -/+ 7 m x 174 m 2 Kamar tidur 2 Kamar mandi Fully Furnished Listrik : 5500 Kwh Air : PDAM Hadap : Timur Bangunan 2025 # Villa baru jadi dan full furnish Cocok untuk bisnis AirBnB tinggal running. Berlokasi sangat strategis: - - 10 menit ke Rs Internasional Bali - 10 menit ke pantai Sanur - 13 menit ke Icon Mall - 35 menit ke Airport Harga : 2.3 M (Nego) Leasehold 30 tahun.,,Agen Properti di Tangerang,,https:/picture.rumah123.com/r123-images/300x300-crop/customer/2175080/3ded2c24b8f7028f299f52ffc48b8c2c.jpg,https://www.rumah123.com/properti/denpasar-sanur/leasehold-30-th-villa-baru-private-di-sedap-malam-sanur-denpasar-vlr186790/
DISEWAKAN RUMAH LUXURY SEMI VILLA MODERN DI RENON DENPASAR,Rp 340.000.000,year,DISEWAKAN RUMAH LUXURY SEMI VILLA MODERN DI RENON DENPASAR | Rumah123,2,2,100 m²,150 m²,SHM,Disewakan Rumah Luxury Semi Villa Modern di Tukad Balian Renon Bali ✅ Interior Modern dan Cozy ✅ Full Furnished ✅ Kawasan Premium dekat Lap Renon dan Sanur ✅ Komplek One Gate ✅ Bebas Banjir ✅ Bangunan Baru Spesifikasi: Bangunan dua lantai Luas Tanah 100 m² Luas Bangunan 150 m² Kamar tidur 2 Kamar mandi 2 Ruang tamu Dapur Ruang makan Carport Full Furnished Row jalan komplek lebar bs mobil papasan Akses jalan paving Hadap Selatan Lokasi Strategis: * 7 menit ke Sekolah Internasional (Gandhi) * 10 menit ke Pantai Mertasari Sanur * 10 menit ke Lap Renon * 10 menit ke Icon Mall dan RS Internasional * 25 menit ke Airport Harga 340 juta/thn nego Minim sewa 2 tahun,,Agen Properti di Tangerang,,https:/picture.rumah123.com/r123-images/300x300-crop/customer/2175080/d7a763db4197362617d59300b0cbe3a5.jpg,https://www.rumah123.com/properti/denpasar-renon/disewakan-rumah-luxury-semi-villa-modern-di-renon-denpasar-hor40508773/
For Rent Villa Privat Lantai 1 di Kutat Sari Sanur Denpasar,Rp 180.000.000,year,For Rent Villa Privat Lantai 1 di Kutat Sari Sanur Denpasar | vlr209147,2,2,,,,Villa For Rent Kutat Lestari - Sanur Speciifications: Building area 200 sqm Land area 250 sqm | 2 Masterbedroom + Bathroom equipped Bathub | | Iconnect WIFI - instalation| | Listrik 5500 - Water instalation | | Large livingroom + small indoor backyard | | 1 assistent room + toilet | | Equipment room | | Garage for 1 car + 3 motorcycle | | Privat Pool 35 m x 7 m | | Terace with beautifull garden | Additional cost Cleaning pool 2x in a week Garbage fees Internet fees Yearly rent IDR 180.000.xxx Minimum stay in contract 2 years - Advance payment Longstay/longterm 10 years IDR 1.6 billion 160000xxxx - Notary agreement Prefer to longterm 5 10 20 years,,Agen Properti di Tangerang,,https:/picture.rumah123.com/r123-images/300x300-crop/customer/2175080/6f5b718f724afebdbe885aae2bf4712d.jpg,https://www.rumah123.com/properti/denpasar-sanur/for-rent-villa-privat-lantai-1-di-kutat-sari-sanur-denpasar-vlr209147/
Disewakan Rumah Baru Semi Villa 2 Lantai di Renon Denpasar,Rp 250.000.000,year,Disewakan Rumah Baru Semi Villa 2 Lantai di Renon Denpasar | Rumah123,3,3,150 m²,200 m²,SHM,Brand-New Family-Friendly Semi Villa with Modern Homey Design 2 units available - identical layout & size Location: Jl. Tukad Balian Renon (Prime Area) Experience comfortable living in the heart of Renon with this brand-new semi villa designed with a modern aesthetic while still maintaining warm homey vibes. Perfect for families who want both style and practicality in a premium central location. Nearby Highlights: * 5 minutes to the traditional market * 6 minutes to Gandhi School * 7 minutes to supermarkets * 10 minutes to Renon Field * 10 minutes to BROS Hospital * 12 minutes to Mertasari Beach Sanur ⸻ Property Features Modern - Homey - Family-Friendly 	-	Land size: 150 m² 	-	Building size: 200 m² 	-	3 Bedrooms (all with ensuite bathrooms) 	-	1 Functional Room (ideal for office kids' room or storage) 	-	1 Guest Toilet 	-	Fully furnished 	-	Enclosed living area with TV 	-	Dining area 	-	Modern kitchen set 	-	Sunken lounge with open-air concept 	-	Laundry area 	-	Carport 	-	Electricity: 4400 watts 	-	Water source: PAM 	-	Property facing North ⸻ Rental Price: IDR 250000000 per year ⸻ This villa is perfect for families seeking a brand-new home that blends modern living with a warm and inviting atmosphere - all in one of Renon's most strategic and premium locations.,,Agen Properti di Tangerang,,https:/picture.rumah123.com/r123-images/300x300-crop/customer/2175080/188b38888f287dbd017a3d36c6ecccb1.jpg,https://www.rumah123.com/properti/denpasar-renon/disewakan-rumah-baru-semi-villa-2-lantai-di-renon-denpasar-hor40855431/
Disewakan Rumah Semi Villa Baru di Sanur Kauh Denpasar,Rp 140.000.000,year,Disewakan Rumah Semi Villa Baru di Sanur Kauh Denpasar | Rumah123,3,3,120 m²,200 m²,SHM,F O R R E N T Brand New House Mediterranean Style in Prime Location in Sanur Kauh Located in Tukad Bilok * 4 Mins to Sanur Independent School * 5 Mins to Grand Lucky Supermarket * 7 Mins to Sanur Beach * 8 Mins to Icon Mall * 8 Mins to Bali International Hospital * 30 Mins to Airport House Details: * 3 Bedroom * 3 Bathroom * AC in all bedroom * Water heater in all bathroom * Close living and kitchen * Motorbike parking * Garden * Land size: 120 sqm * Building size: 200 sqm * Water : drilled well water and PDAM * Electricity : 5500w Price Options: * 140.000.xxx/year for 2 years * 130.000.xxx/year for 3 years * 120.000.xxx/year for 5 years * 100.000.xxx/year for 10 years (priority),,Agen Properti di Tangerang,,https:/picture.rumah123.com/r123-images/300x300-crop/customer/2175080/899192b0750d47735bf09871828798ea.jpg,https://www.rumah123.com/properti/denpasar-sanur-kauh/disewakan-rumah-semi-villa-baru-di-sanur-kauh-denpasar-hor41049680/
Disewakan Rumah Terawat Furnished di Muding Kerobokan Badung,Rp 150.000.000,year,Disewakan Rumah Terawat Furnished di Muding Kerobokan Badung | Rumah123,4,2,250 m²,150 m²,SHM,F O R R E N T Rumah Style Villa Modern dan Furnish di Muding Kerobokan Bali ✅ siap huni ✅ bebas banjir ✅ lokasi premium dekat fasum ✅ posisi hook dan jalan akses lebar 7 meter Spesifikasi: * Luas Tanah 250 m2 * Luas Bangunan 150 m2 * 4 kamar tidur * 2 kamar mandi * Ruang Tamu * Dapur * Ruang Makan * Carport * Listrik 4.400 kVA * Air PDAM * Hadap Utara Lokasi Strategis : * 2 menit ke Sekolah High Scope dan Kalam Kudus * 2 menit ke Tiara Gatzu * 5 menit ke Dalung * 5 menit ke Kerobokan Raya * 15 menit ke Umalas - Petitenget * 20 menit ke Canggu Harga sewa 150 juta/tahun,,Agen Properti di Tangerang,,https:/picture.rumah123.com/r123-images/300x300-crop/customer/2175080/7ea3d93e6b8c535f22493781630ce0a5.jpg,https://www.rumah123.com/properti/badung-kerobokan/disewakan-rumah-terawat-furnished-di-muding-kerobokan-badung-hor41170030/
Disewaan Villa 3Br Full Furnished di Sekuta Sanur Denpasar,Rp 275.000.000,day,Disewaan Villa 3Br Full Furnished di Sekuta Sanur Denpasar | vlr233653,3,3,,,,FOR RENT Spacious Modern Balinese Villa in Central Sanur - Sekuta ✅ flood free ✅ quiet and strategic area ✅ fully furnish ✅ available for long term Details: * One storey * Land area 250 sqm * Building area 200 sqm * 3 bedrooms ensuites bathroom * 3 bathroom (2 with bath tub) * Guest toilet * Kitchen * Living room * Private pool * Garden * Storage * Electricity 7.700 w * Deep well water with filter Prime Location with expart neighbourhood: * 2 mins to Pande Putri Supermarket * 5 mins to Simply Padel Sanur * 7 mins to Bali Island School & Grand Lucky Sanur * 8 mins to Sindhu Beach * 8 mins to Bali International Hospital * 10 mins to Icon Mall * 25 mins to Airport Price 275.000.xxx/year,,NNayokAgen Independen,,https:/picture.rumah123.com/r123-images/300x300-crop/customer/2175080/c2bc741c580b11be30ad340b6baf62b2.jpg,https://www.rumah123.com/properti/denpasar-sanur/disewaan-villa-3br-full-furnished-di-sekuta-sanur-denpasar-vlr233653/
Yearly Rental Villa Berawa Canggu 3 Bedrooms,Rp 375.000.000,year,Yearly Rental Villa Berawa Canggu 3 Bedrooms | Rumah123,3,3,170 m²,195 m²,Hak Sewa,Yearly Rental - Brand New Villa BERAWA CANGGU Prime location -Mediteranean Style Available 2 and 3 Bedrooms Land size 143m² - 170m² Building size 164m² - 195m² Private pool Furnished Carpot Price IDR 375 mio / years,,Agen Properti di Tangerang,,https:/picture.rumah123.com/r123-images/300x300-crop/customer/45741/b703e895f1f98389e87b103cf262dbd2.jpg,https://www.rumah123.com/properti/badung-canggu/yearly-rental-villa-berawa-canggu-3-bedrooms-hor40999071/
Villa Baru Tanpa Furnish Padonancanggu Bali,Rp 70.000.000,year,Villa Baru Tanpa Furnish Padonancanggu Bali | vlr234636,1,1,,,,Dijual Villa / Freehold di sewakan villa baru padonan Canggu bali,,Agen Properti di Tangerang,,https:/picture.rumah123.com/r123-images/300x300-crop/customer/2115992/ff2f95c68765d31c0337f99d66599b9f.jpg,https://www.rumah123.com/properti/badung-canggu/villa-baru-tanpa-furnish-padonancanggu-bali-vlr234636/
Villa Kayu Baru 3 Kamar di Lokasi Premium Padonan Canggu,Rp 495.000.000,year,Villa Kayu Baru 3 Kamar di Lokasi Premium Padonan Canggu | vlr203362,3,4,,,,Villa Kayu Baru 3 Kamar di Lokasi Premium Padonan Canggu Villa kayu brand new dengan desain elegan dan suasana hangat berlokasi di area Padonan - Canggu yang sedang berkembang pesat. Walking distance ke café dan restoran favorit serta hanya 10 menit berkendara ke Atlas Beach Club Finns Beach Club dan Pantai Berawa. Spesifikasi Properti: Luas Tanah: 275 m² Luas Bangunan: 326 m² 3 Kamar Tidur 4 Kamar Mandi Sunken living room Dapur Ruang makan Listrik 12.000 watt Air sumur bor dalam Fasilitas: Fully furnished Kolam renang privat 74 m x 32 m + pool deck Taman Gudang / storage Carport Akses jalan aspal lebar 5 meter Harga Sewa: Rp 495.000.xxx / tahun Minimum sewa 3 tahun Opsi Kepemilikan: Leasehold tersedia 20 - 30 tahun Cocok untuk hunian premium atau investasi di kawasan favorit Canggu.,,Agen Properti di Tangerang,,https:/picture.rumah123.com/r123-images/300x300-crop/customer/4425520/4130539dab9dcb71b7f5846c60fac5d2.jpg,https://www.rumah123.com/properti/badung-canggu/villa-kayu-baru-3-kamar-di-lokasi-premium-padonan-canggu-vlr203362/
Stunning Modern Villa 4 Bedrooms At Central Berawa Fully Furnish,Rp 700.000.000,year,Canggu Badung,4,4,350 m²,500 m²,SHM,Stunning Modern Villa Located at Central Berawa Canggu 4 Bedrooms Fully Furnished Rice paddy field View. 10mins to beach & beach club 5mins to Canggu School 5mins to Montessory School 10mins to PRo Ed School Umalas 15mins to French School Umalas Close to every gym place & supermarket - Land Size : 350m2 - Building Size : 500m2 - 2 Stroreys Modern building - 4 Bedrooms Ensuite - Powder Room - Enclosed living area & Kitchen - Secure Parking Space - AC Each Room - Water Heater - Fully Furnished - Private Pool & backyard - Electric Capacity 13500watts Include: -cleaning 3x a week -banjar -Trash -pool maintain Exclude: -Internet -Electric cost Price IDR 700mio/ year Further Details Please Contact : +62818xxxxxxxx Whatsapp ),,Gusti ArikAgen Independen,,https:/picture.rumah123.com/r123-images/300x300-crop/customer/999072/f37011a19db7a7fe318b9586ad352a00.jpg,https://www.rumah123.com/properti/badung-canggu/stunning-modern-villa-4-bedrooms-at-central-berawa-fully-furnish-hor18404819/
Villa Baru Minimalist di Umalas 2 Kamar Tidur dengan Private Pool,Rp 225.000.000,year,Badung,,2,200 m²,100 m²,Lainnya,EXPERIENCE MODERN TROPICAL LIVING IN UMALAS ​Be the first to call this brand-new villa home! Nestled in the highly sought-after area of Umalas this stunning 2-bedroom property offers a seamless blend of minimalist design and ultimate comfort. ​Featuring a fully enclosed living area and kitchen you can enjoy a cool climate-controlled environment throughout the day. Whether you're working from home or relaxing by your private pool this villa is your perfect sanctuary. ​The Details: - ​ 200 m2 Land Area - ​ 2 Spacious Bedrooms - ​ 2 Modern Bathrooms - ​❄️ Full AC in every room - ​‍♀️ Private Swimming Pool & Garden - ​ Dedicated Parking Area - ​ Price: IDR 225 Million / Year ​Don't miss out on this rare yearly rental opportunity. Contact us today to schedule a viewing! https://,,Agen Properti di Tangerang,,https:/picture.rumah123.com/r123-images/300x300-crop/customer/999072/4a0d49eacc3f42561a82eeabfd8031e8.jpg,https://www.rumah123.com/properti/badung-umalas/villa-baru-minimalist-di-umalas-2-kamar-tidur-dengan-private-pool-hor41094495/
Villa Komplek Dekat Pantai Uluwatu Pecatu,Rp 28.000.000,month,Badung,3,3,250 m²,200 m²,SHM,HOT DEAL available Maret 2026 Komplex villa at pecatu area 3 bedroom 28 mill monthly Security deposit villa 10 % Not pet friendly Details: - 3 Bedroom completed with Airconditioner & LCD Television - Semi Outdoor Bathroom Features a Bath tub & Split Shower with wardrobe - Open Living Area with LCD Television - Open Kitchen Set Up with Refrigerator Dinning Table Kitchen Equipment & Tools - Private Pool & Garden with Gazebo - Parking Area - 24 Hours Security & CCTV in public area Inclusive: - Cleaning service twice a week - Pool & garden maintenance - WI-FI up to 75mbps - Cable TV International Channel Exclude : Electricity & Linen Laundry Gas reffil water reffil For more information please Call or WhatsApp,,Agen Properti di Tangerang,,https:/picture.rumah123.com/r123-images/300x300-crop/customer/55353/58767925eb57a9aaf84070412ac04c6b.jpg,https://www.rumah123.com/properti/badung-uluwatu/villa-komplek-dekat-pantai-uluwatu-pecatu-hor18299406/
Villa Baru 3 Kamar di Batu Bolong Hanya Beberapa Menit ke Pantai,Rp 225.000.000,year,Canggu Badung,3,3,350 m²,200 m²,Lainnya,Spacious 3-Bedroom Villa with Garden & Pool - Batu Bolong (Long Term) ​This well-maintained property in the heart of Batu Bolong offers an expansive 350 m^2 of living space making it a rare find in the current market. The villa features a unique semi-outdoor bathroom design with natural stone accents and a large open-concept living area that flows directly into the pool and garden zone. ​Specifications: - ​Land Size: 350 m^2 - ​Bedrooms: 3 (All with AC) - ​Bathrooms: 3 - ​Amenities: Large Swimming Pool Tropical Garden Storage Room and Dedicated Parking. - ​Price: IDR 225000000 / Year - ​Requirement: Minimum 3-year commitment. ​The location provides easy access to world-class surfing dining and fitness centers while maintaining a beautiful view of the nearby rice fields.,,Gusti ArikAgen Independen,,https:/picture.rumah123.com/r123-images/300x300-crop/customer/999072/d8ba05bea5bc9be3086e5931ebe1e16f.jpg,https://www.rumah123.com/properti/badung-canggu/villa-baru-3-kamar-di-batu-bolong-hanya-beberapa-menit-ke-pantai-hor41099003/
Villa Baru Gress 2 Kamar di Dekat Canggu Minimum.2 Tahun Sewa,Rp 150.000.000,year,Villa Baru Gress 2 Kamar di Dekat Canggu Minimum.2 Tahun Sewa | Rumah123,2,2,200 m²,100 m²,Lainnya,BRAND NEW 2BR VILLA FOR YEARLY RENTAL - CANGGU ​Secure your long-term stay in one of Bali's most sought-after neighborhoods. This newly completed villa offers a clean contemporary design with high-quality finishes and an unbeatable price point for the area. ​Property Specifications: - ​Land Size: 200 m² - ​Bedrooms: 2 Spacious rooms with A/C - ​Bathrooms: 2 Modern en-suites - ​Pool: Private swimming pool with rice field views - ​Features: Lush garden private parking area - ​Status: Brand New / First-hand rental ​Terms: ​IDR 150000000 per year ​Minimum 2-year lease ​Payment terms negotiable directly with owner ​,,Agen Properti di Tangerang,,https:/picture.rumah123.com/r123-images/300x300-crop/customer/999072/51e4d674ae1cc880d35b241a06033ace.jpg,https://www.rumah123.com/properti/badung-canggu/villa-baru-gress-2-kamar-di-dekat-canggu-minimum2-tahun-sewa-hor41102014/
Villa Cantik Perpaduan Tradisional Modern 2 Kamar di Canggu,Rp 190.000.000,year,Villa Cantik Perpaduan Tradisional Modern 2 Kamar di Canggu | Rumah123,2,2,200 m²,100 m²,Lainnya,Your Private Oasis in the Heart of Canggu! ✨ ​Experience the perfect blend of traditional Balinese charm and modern comfort. This stunning 2-bedroom villa is now available for yearly rental offering a serene escape just minutes away from Canggu's best cafes and beaches. Wake up to pool views enjoy breakfast in your open-air dining area and live the ultimate island life. ​Price: IDR 190 Million / Year ​Key Features: ​‍♂️ Sparkling Private Pool ​ 2 Spacious AC Bedrooms ​ 2 Modern Bathrooms ​ Open-plan Kitchen & Dining ​ Lush Garden & Private Parking ​ Extra Storage Space ​Don't miss out on this incredible value in Bali's most sought-after neighborhood! ​,,Agen Properti di Tangerang,,https:/picture.rumah123.com/r123-images/300x300-crop/customer/999072/e74a86496cd977c52eca29a618e61844.jpg,https://www.rumah123.com/properti/badung-canggu/villa-cantik-perpaduan-tradisional-modern-2-kamar-di-canggu-hor41103417/
Villa Cantik 2 Kamar di Canggu dengan Pemandangan Sawah,Rp 230.000.000,year,Villa Cantik 2 Kamar di Canggu dengan Pemandangan Sawah | Rumah123,2,2,300 m²,150 m²,Lainnya,Exclusive Yearly Rental: Modern 2-Bedroom Villa in Canggu ​We are pleased to offer this beautifully maintained 300 m² property for long-term lease. Designed for privacy and comfort this villa features an open living concept with direct views of the surrounding greenery. ​Specifications: - ​Land Size: 300 m² - ​Bedrooms: 2 (All with A/C) - ​Bathrooms: 2 En-suites + Guest Toilet - ​Facilities: Swimming Pool Lush GardenPrivate Parking. ​Price: IDR 230000000 per year (Negotiable) ​For inquiries and private inspections please contact: Direct Call/WhatsApp: +62818xxxxxxxx,,Gusti ArikAgen Independen,,https:/picture.rumah123.com/r123-images/300x300-crop/customer/999072/6d594fb62d0a990ca31f227e378189d5.jpg,https://www.rumah123.com/properti/badung-canggu/villa-cantik-2-kamar-di-canggu-dengan-pemandangan-sawah-hor41107575/
Villa 2Br Pererenan Canggu,Rp 265.000.000,year,Villa 2Br Pererenan Canggu | vlr217134,,2,,,,For Rent Modern Luxury Villa Pererenan - Canggu ( Bali ) Land size 120 m2 Building size 132 m2 Facing south Electricity 5500 watt Deep well water 2 Bedrooms 2 Bathroom Fully furnished IDR 265000000/year Negotiable Includes: Housekeeping 2x/Week Water Supply WiFi Excludes electricity * IPL 500K / Month,,Agen Properti di Tangerang,,https:/picture.rumah123.com/r123-images/300x300-crop/customer/72779/d2171c92392d1923ce5f24cf96e688be.jpg,https://www.rumah123.com/properti/badung-pererenan/villa-2br-pererenan-canggu-vlr217134/
Villa 3 Kamar di Padang Linjong dengan Taman Luas 4 Mnt ke Pantai,Rp 350.000.000,year,Badung,3,3,350 m²,200 m²,Lainnya,Prime 3BR Villa in Padang Linjong - Perfect for Long-Term Living ​Rare opportunity to secure a spacious fully furnished villa in one of Canggu's most sought-after streets. This 250m² building sits on a generous 350m² plot offering the perfect balance of indoor comfort and outdoor relaxation. ​Property Highlights: - ​3 Spacious Bedrooms | 3 Modern Bathrooms - ​Enclosed Living Area (Stay cool with AC!) - ​Lush Garden & Sparkling Private Pool - ​High-Speed Internet (400mbps) - Ideal for Digital Nomads - ​Complete Amenities: Washing machine fully equipped kitchen and fun extras. Pricing: ​IDR 40M / Month (All-inclusive!) ​IDR 350M / Year ​IDR 600M / 2 Years - ​Monthly Inclusions: Cleaning 2x weekly high-speed WiFi Banjar/trash fees plus drinking water and cooking gas!,,Agen Properti di Tangerang,,https:/picture.rumah123.com/r123-images/300x300-crop/customer/999072/efcc96028c7bc846ccdeb1c488fddc30.png,https://www.rumah123.com/properti/badung-canggu/villa-3-kamar-di-padang-linjong-dengan-taman-luas-4-mnt-ke-pantai-hor41113564/
Villa Dekat Pantai Pecatu Uluwatu,Rp 25.000.000,month,Badung,2,2,200 m²,100 m²,SHM,HOT DEAL Will available 10 March 2025 Komplex villa at pecatu area 2 bedroom 25 mill monthly Security deposit villa 10 % Not pet friendly Details: - 2 Bedroom completed with Airconditioner & LCD Television - Semi Outdoor Bathroom Features a Bath tub & Split Shower with wardrobe - Open Living Area with LCD Television - Open Kitchen Set Up with Refrigerator Dinning Table Kitchen Equipment & Tools - Private Pool & Garden with Gazebo - Parking Area - 24 Hours Security & CCTV in public area Inclusive: - Cleaning service twice a week - Pool & garden maintenance - WI-FI up to 75mbps - Cable TV International Channel Exclude : Electricity & Linen Laundry Gas reffil water reffil For more information please Call or WhatsApp,,Agen Properti di Tangerang,,https:/picture.rumah123.com/r123-images/300x300-crop/customer/55353/2023-11-21-07-29-40-3fa7f8eb-1fb5-40b2-9ba4-1aad56ec9a55.jpg,https://www.rumah123.com/properti/badung-uluwatu/villa-dekat-pantai-pecatu-uluwatu-hor15541545/
Villa Sewa Jangka Panjang Jalan Kaki ke Pantai Sindhu Sanur Bali,Rp 375.000.000.000,year,Villa Sewa Jangka Panjang Jalan Kaki ke Pantai Sindhu Sanur Bali | vlr232477,2,3,,,,Our Bali Dream Beach House is for sale! 24 Year Leasehold price 3.75m Prime Position in Jalan Pasar Sindhu. Easy Walking to Sanur's best Dining and Entertainment Precints. Less than 5 minutes walk to the beach Icon Mall and the best beachside attractions Sanur has to offer. 2 Bedrooms 3 Bathrooms Private Swimming Pool and Garage. Wide Frontage Car Access. Recently Renovated we can repaint it to suit any colour scheme or theme you like. Architecturally the villa's versatile design lends itself well to many styles using minimal building works and variable colour schemes. The timeless design is easily modified into a Morrocan or Mediterranean themed villa or a mid century modern masterpiece. #ps#,,Agen Properti di Tangerang,,https:/picture.rumah123.com/r123-images/300x300-crop/customer/2115992/5d34d6751002f4a4aa71d01fe8d63e4b.jpg,https://www.rumah123.com/properti/denpasar-sanur/villa-sewa-jangka-panjang-jalan-kaki-ke-pantai-sindhu-sanur-bali-vlr232477/
Villa Jalan Kaki ke Pantai Pasar Sindhu Bali,Rp 4.000.000.000,year,Badung,3,3,,,,Villa for lease hold Land 15 are 3 bed room 3 bath room Living room Kitchen Rest area Swimming pool Terase Garage Small garden Furnished Location at jalan pasar Sindu Sanur Beach side area Price IDR 4 billion for 27 years still negotiable Direct owner,,Agen Properti di Tangerang,,https:/picture.rumah123.com/r123-images/300x300-crop/customer/2115992/379784e917572a234ca5f249a86b496c.jpg,https://www.rumah123.com/properti/denpasar-sanur/villa-jalan-kaki-ke-pantai-pasar-sindhu-bali-vlr232479/
Villa Penyaringan Sanur Bali,Rp 175.000.000,year,Villa Penyaringan Sanur Bali | vlr232588,2,2,,,,Villa for rent Land 125 are 2 bed room 3 bath room Kitchen Loundry area Dining room Swimming pool Garage Full furnish Location at jl penyaringan Sanur Price IDR 175 million/year,,Agen Properti di Tangerang,,https:/picture.rumah123.com/r123-images/300x300-crop/customer/2115992/d8abb313ebf521632ca70c0e32d96f8d.jpg,https://www.rumah123.com/properti/denpasar-sanur/villa-penyaringan-sanur-bali-vlr232588/
Villa Pengiasan Sanur Bali,Rp 265.000.000,year,Villa Pengiasan Sanur Bali | vlr232590,3,3,,,,For Rent Villa Lantai 2 Lokasi JL.Pengiasan III no.10 denpasar selatan Luas tanah 1.5 are Jalur kuning 3 Kamar tidur + kamar mandi di setiap kamar 1 Ruang Tamu 1 Dapur Garase Harga 265/tahun,,Agen Properti di Tangerang,,https:/picture.rumah123.com/r123-images/300x300-crop/customer/2115992/34e3be4bfe7d4cec941427f1171f8342.jpg,https://www.rumah123.com/properti/denpasar-sanur/villa-pengiasan-sanur-bali-vlr232590/
Disewakan Villa 2 Lantai Fully Furnished Include Maintenance di Jimbaran.,Rp 300.000.000,year,Disewakan Villa 2 Lantai Fully Furnished Include Maintenance di Jimbaran. | Rumah123,3,3,250 m²,180 m²,SHM,Disewakan Villa 2 Lantai Fully Furnished di Jimbaran. Bangunan Terawat dengan Baik Akses Bagus. Dekat dengan Fasilitas Publik Kawasan Wisata Jalan Bypass Ngurah Rai dan Beberapa Pantai. Detail : Luas Tanah 250 m2 Luas Bangunan 180 m2 2 Lantai Kamar Tidur 3 Kamar Mandi 3 Listrik 5.500W Air PAM Flly furnished Kolam Renang Orientasi hadap Timur Harga 300 JUta/tahun dan 35 Juta/bulan Harga sudah termasuk perawatan kolam renang 2 x seminggu perawatan taman 1 x seminggu dan housekeeping 1 x seminggu,,Agen Properti di Tangerang,,https:/picture.rumah123.com/r123-images/300x300-crop/customer/569284/2024-07-25-13-45-35-dcc49372-7d7f-41d6-9f44-9fc38c00f7ba.jpg,https://www.rumah123.com/properti/badung-jimbaran/disewakan-villa-2-lantai-fully-furnished-include-maintenance-di-jimbaran-hor17693139/
Villa Premium Teratai Grand Village Canggu Bali,Rp 500.000.000,year,Villa Premium Teratai Grand Village Canggu Bali | vlr145345,3,3,,,,Villa Premium Teratai Grand Village House Canggu Bali 2-Storey Villa Limited Unit with Luxury concept in the Center of Canggu Area Bali. Close to many public access tourist destinations and beautiful beaches in Canggu Bali. This Exclusive Villa is also equipped with premium facilities in each unit. Located in the Center of Canggu Area 6 minutes to Surya Gym Bali Fitness Center 8 minutes to Batu Bolong Beach 9 minutes to Canggu Beach 9 minutes to Victory Fitness Club 15 minutes to Finns Beach Club 25 minutes to Tanah Lot 33 minutes to CitraLand Waterpark SELLING PRICE 5.5 Billion,,Agen Properti di Tangerang,,https:/picture.rumah123.com/r123-images/300x300-crop/customer/1655037/80bdca6081c1d4361dbf663298ff80e8.jpg,https://www.rumah123.com/properti/badung-canggu/villa-premium-teratai-grand-village-canggu-bali-vlr145345/
Villa Mewah 4kt View Gunung Sawah Dan Laut Di Tanah Lot Beraban,Rp 600.000.000,year,Badung,4,5,,,,Disewakan Villa Mewah dengan Panorama Gunung Sawah dan Laut di Kedungu – Tanah Lot Temukan ketenangan dan kemewahan hidup di villa eksklusif bergaya tradisional-modern yang berlokasi di kawasan Kedungu tepat di jalan raya menuju Tanah Lot. Villa ini menawarkan pemandangan spektakuler 3 elemen alam sekaligus – gunung hamparan sawah hijau yang luas dan laut biru yang memesona. Terletak di tengah kawasan yang tenang dan alami villa ini dikelilingi oleh persawahan yang asri namun tetap memiliki akses mudah ke berbagai fasilitas modern seperti kafe trendi restoran pilihan spa supermarket serta hanya beberapa menit ke pantai. Sangat cocok untuk Anda yang mencari tempat tinggal berkelas tempat retret pribadi atau investasi properti di Bali dengan suasana alam yang memikat dan tetap dekat dengan kenyamanan gaya hidup modern.,,Agen Properti di Tangerang,,https:/picture.rumah123.com/r123-images/300x300-crop/customer/1655037/cb7fddb11cf6ae913d667a5d8f48cc3b.jpg,https://www.rumah123.com/properti/tabanan-beraban/villa-mewah-4km-view-gunung-sawah-dan-laut-di-tanah-lot-beraban-vlr150263/
Villa Dekat Pantai Sanur tersedia Kolam Renang Pribadi,Rp 28.000.000,month,Villa Dekat Pantai Sanur tersedia Kolam Renang Pribadi | vlr233766,2,2,,,,Villa di Sanur. Dapatkan villa yang asri ini disewakan menghadirkan lingkungan fasilitas yang lengkap cocok untuk Anda yang menginginkan hunian aman. Spesifikasi Utama Properti: - Kamar Tidur: 2 - Kamar Mandi: 2 Fitur unggulan: - Full Furnished. - Siap Huni. - Dekat Akses MRT. - Dekat Akses Bandara. - Dekat Pusat Perbelanjaan. - Dekat Sekolah Internasional. - Dekat Sekolah Negeri. - Dekat Universitas. - Dekat Fasilitas Kesehatan. - Dekat Tempat Wisata. - Dekat Tempat Ibadah. - Dekat Taman Kota. - Kolam renang pribadi. - Private & tidak terganggu. - Cocok untuk keluarga. - Desain minimalis. - Lokasi di pusat kota. - Lokasi Strategis. Berlokasi di Sanur villa ini memberikan kemudahan akses ke berbagai fasilitas menarik. Dengan harga Rp. 28.000.000 anda bisa memiliki hunian istimewa yang sudah siap huni. Segera ambil kesempatan untuk menikmati pengalaman tinggal di kawasan Sanur yang nyaman ini! Kontak segera untuk informasi lebih lanjut!,,Agen Properti di Tangerang,,https:/picture.rumah123.com/r123-images/300x300-crop/customer/1463279/4c6e70f3467d44300549e35b79c89579.jpg,https://www.rumah123.com/properti/denpasar-sanur/villa-dekat-pantai-sanur-tersedia-kolam-renang-pribadi-vlr233766/
Disewakan Rumah Di Tirta Tawar Shm Sudah Renovasi Hadap Barat,Rp 500.000.000,year,Badung,2,2,200 m²,200 m²,SHM,AVAILABLE OUR PRIVATE VILLA FOR RENT (Start 31 January 2024) Location: Jalan Tirta Tawar Ubud (only 5 mins drive to main road Ubud) This villa is one of 3 private villas in one complex area Details Villa: 2 bedrooms (1 double bed 2 single beds) 2 ensuite-bathrooms Full equipped kitchen Spacious living room Each bedroom has balcony with views of the green indigenous forest,,Agen Properti di Tangerang,,https:/picture.rumah123.com/r123-images/300x300-crop/customer/1361915/2024-02-06-10-25-04-25746438-2903-4310-ace1-7396b01ff026.jpg,https://www.rumah123.com/properti/gianyar-ubud/disewakan-rumah-di-tirta-tawar-shm-sudah-renovasi-hadap-barat-hor16179637/
Villa Mewah Sanur Full Furnised With Pool,Rp 400.000.000,year,Villa Mewah Sanur Full Furnised With Pool | vlr217188,,3,,,,FOR LEASE Fully furnished two storeys house Quiete and breezy villa Land size 300 metersq. 3 bedrooms with ensuites master room with balcony at 2nd floor 1 Staff room with bath room Living area with terrace Storage room 2 toilet ( 1st floor and 2nd floor) Closed kitchen with Stove Oven and Microwave Fridge Dining area Car port Laundry area with washing machine Garden Big balcony terrace at 2nd floor Air Conditioner x 4 Fans Electricity 7.700kWh Well water Great and convenient area in Sanur walking distance to the beach 10 minutes Close to dining warungs or restos and shops. Minimum rent 2 years Price IDR 400million / years Leasehold 14 years 4.5billion Include pool maintenance,,Agen Properti di Tangerang,,https:/picture.rumah123.com/r123-images/300x300-crop/customer/4425782/762640629aacc9fc2f367e27c3a2fc56.jpg,https://www.rumah123.com/properti/denpasar-sanur/villa-mewah-sanur-full-furnised-with-pool-vlr217188/
Leasehold 24 Years Villa At Umalas Best Achitect Designed,Rp 456.000.000,year,Umalas Badung,4,4,,,,Architect-Designed Villa for Sale - Indonesian Heritage Style. Location UMALAS LEASEHOLD 24 YEARS euro 550.000 A rare opportunity to own a fully renovated villa designed by a French architect blending refined European design with authentic Indonesian heritage architecture. Tucked away inside a quiet gang this home offers privacy space and timeless character. Property Details: 4 Bedrooms Land Size: 9 Are (900 sqm) Private Swimming Pool Large Tropical Garden Fully Renovated Design & Concept: Designed by a French architect Strong Indonesian heritage & tropical aesthetics Elegant proportions natural materials and thoughtful spatial flow Ideal as a private residence or lifestyle investment contact for private viewing #ancaj,,JamesAgen IndependenNIB:240822001****,,https:/picture.rumah123.com/r123-images/300x300-crop/customer/1258884/b2865706d65bdce5e7cc778e6722d592.jpg,https://www.rumah123.com/properti/badung-umalas/leasehold-24-years-villa-at-umalas-best-achitect-designed-vlr227230/
Villa Jimbaran 2 Br View Laut,Rp 200.000.000,year,Villa Jimbaran 2 Br View Laut | vlr224285,,2,,,,Land size 120m² Building size 180m² (incl. Rooftop for BBQ) Bedrooms: 2 Office room : 1 Bathrooms: 2 Guest Toilet : 1 Schwimmingpool Full ocean view Garage for 1 car Cctv Wifi Semi furnished ( or by request) Electricity 5500 drilled well water Location just minutes away from charming cafes exquisite restaurants Traditional Market School University. 5 minute to Gym (Klub Jimbaran) and jimbaran Beach Nusa dua Beach pandawa Beach accessible with just a quick 15 minute motorbike ride. 10km to Airport. Price 200 Millionen/years Or leasehold 20years 36B Luas tanah 120m² Luas bangunan 180m² (termasuk atap untuk BBQ) Kamar tidur: 2 Ruang kantor: 1 Kamar mandi: 2 Toilet tamu: 1 Kolam renang Pemandangan laut penuh Garasi untuk 1 mobil CCTV Wifi Semi furnished (atau berdasarkan permintaan) Listrik 5500 Air sumur bor Lokasi hanya beberapa menit dari kafe-kafe menawan restoran-restoran mewah Pasar Tradisional Sekolah Universitas. 5 menit ke Gym (Klub Jimbaran) dan Pantai Jimbaran Pantai Nusa Dua Pantai Pandawa dapat diakses hanya dengan naik sepeda motor selama 15 menit. 10km ke Bandara. Harga 200 Juta/tahun leasehold 20 tahun 36 milyar,,monicAgen KorporatNIB:912020578****,,https:/picture.rumah123.com/r123-images/300x300-crop/customer/4425782/b085e6f81f87a624cc7660edef3df485.jpg,https://www.rumah123.com/properti/badung-jimbaran/villa-jimbaran-2-br-view-laut-vlr224285/
Villa Sanur 3Br Siap Huni Lokasi Strategis,Rp 200.000.000,year,Villa Sanur 3Br Siap Huni Lokasi Strategis | vlr227706,3,3,,,,Dikontrakan villa jalan kutat lestari sanur. Luas tanah 3are. Luas bangunan -+150m² - 3 kamar tidur - 3 toilet (masing2 ada di setiap kamar) - 1 kamar asisten rumah tangga + toilet - Swimming pool - Ruang tamu - Dapur - Full funiture - Wifi - Air PDAM - Garasi - listrik 5500 200jt / tahun Minimal sewa 2 tahun,,monicAgen KorporatNIB:912020578****,,https:/picture.rumah123.com/r123-images/300x300-crop/customer/4425782/f3110bde21c196317a2a3ccf38caded1.jpg,https://www.rumah123.com/properti/denpasar-sanur/villa-sanur-3br-siap-huni-lokasi-strategis-vlr227706/
Villa Mewah Full Furnished Sanur 2 Br Siap Huni,Rp 200.000.000,year,Villa Mewah Full Furnished Sanur 2 Br Siap Huni | vlr228021,2,2,,,,Luas Tanah 120m2 Luas Bangunan 100m2 2 Kamar Tidur dengan Kamar Mandi Dalam Dapur Tertutup + Ruang Tamu Perabot Lengkap 5500 watt Sumur bor Garasi hadap Selatan Kolam Renang Atap *200.000.xxx per tahun* minimal 2 tahun Land Size 120m2 Building Size 100m2 2 Ensuite bedrooms Enclosed Kitchen+Living Room Fully furnished 5500watt Well Deep Water Garage South Swimming Pool Rooftop *200.000.xxxyr*min 2 years Location : Sanur 5 minutes to Sanur Independet School 10 minutes to Sanur Beach 10 minutes to Renon 20 minutes to Toll Bali Mandara 30 minutes to Airport I Gusti Ngurah Rai,,monicAgen KorporatNIB:912020578****,,https:/picture.rumah123.com/r123-images/300x300-crop/customer/4425782/ce5229a1d42977dac7822445606c8a88.jpg,https://www.rumah123.com/properti/denpasar-sanur-kauh/villa-mewah-full-furnished-sanur-2-br-siap-huni-vlr228021/
This Modern Townhouse Is Located Just 400 Meters From Bali Cliff Main Road,Rp 150.000.000,year,Pecatu Badung,3,3,,,,This modern townhouse is located just 400 meters from Bali Cliff Main Road. Situated within a secured complex with a one-gate system. Legal status: Freehold (SHM) with complete building permit (IMB). Property Details: Land size: 111 sqm Building size: ±200 sqm 2-storey building + rooftop 3 bedrooms 2 + 1 bathrooms Family room Kitchen and dining area Plunge pool Carport East-facing orientation Electricity: 3500 W Water supply: PDAM Rental Price: IDR 150 million per year (DS),,I NENGAH HANDIKA PUTRAAgen KorporatNIB:912000476****,,https:/picture.rumah123.com/r123-images/300x300-crop/customer/998671/a63469ef3fb647412b5f58d98aea57c6.jpg,https://www.rumah123.com/properti/badung-pecatu/this-modern-townhouse-is-located-just-400-meters-from-bali-cliff-main-road-vlr207126/
Available 1 2 & 4 Bedroom Villa For Monthly Rental And Long Term Rental Located On Bukit Overlooking Jimbaran,Rp 22.000.000,month,Jimbaran Badung,1,1,,,,Available 1 2 & 4 Bedroom Villa For monthly rental and long term rental Located on Bukit overlooking Jimbaran Beautiful villas all with private pools Set in resort style property amongst lush gardens Including a main pool and off street parking There are 6 villas to choose from : 4 two bedroom 1 one bedroom and a large 4 bedroom family villa : - 4 Villas with 2 bedrooms each with land size 300 m2 building size +- 250 m2 price start from IDR 28000000\month - 1 Villa with 1 bedroom land size 250 m2 building size +- 150 m2 starting from IDR 22000000\month - 1 Villa with 4 bedrooms land size 350 m2 building size +- 300m2 starting from IDR 36000000\month All villas are private and come with full amenities Each Villa consists of: - Bedroom - AC - TV - Hot water - Kitchen - Opened & closed Living room - Private pool Included: - Pool Garden maintenance and weekly clean - WIFI and Electricity,,I NENGAH HANDIKA PUTRAAgen KorporatNIB:912000476****,,https:/picture.rumah123.com/r123-images/300x300-crop/customer/998671/3b75ef982cbcc4924f3da1ee249b3b68.jpg,https://www.rumah123.com/properti/badung-jimbaran/available-1-2-4-bedroom-villa-for-monthly-rental-and-long-term-rental-located-on-bukit-overlooking-jimbaran-vlr177777/
Disewakan Bulanan dan Tahunan Villa Tropis Suasana Ubud Fully Furnished di Jimbaran.,Rp 25.000.000,month,Disewakan Bulanan dan Tahunan Villa Tropis Suasana Ubud Fully Furnished di Jimbaran. | vlr230702,3,3,,,,Disewakan Bulanan Dan Tahunan Villa Tropis Suasana Ubud Fully Furnished di Jimbaran. Land size 360 m2 Building size 180 m2 Facilities: *️ 3 Bedrooms *️ 3 Bathrooms *️ Dining area *️ Living Area *️ Private Pool *️ Satellite TV *️ WIFI *️ Garden *️ Top Floor Open Pavilion *️ Hot Water in Each Bathroom & Kitchen *️ Air Conditioning in Each Bedroom *️ Full equipped Kitchen & utensils Electric (PLN) - 7.700 KWH Water Tank - 4.700 Lt-support by PDAM Storage Open Basement with bathroom Open Carport Monthly Inclusion: * Cleaning every 2 days a week pool maintenance. * Changing Bed sheet and make up bed every Monday. * Wifi Rates: Monthly: 25 million Yearly: 250million,,I NENGAH HANDIKA PUTRAAgen KorporatNIB:912000476****,,https:/picture.rumah123.com/r123-images/300x300-crop/customer/998671/02bb06d5bb6bb3958f30e6e2c99ced6b.jpg,https://www.rumah123.com/properti/gianyar-ubud/disewakan-bulanan-dan-tahunan-villa-tropis-suasana-ubud-fully-furnished-di-jimbaran-vlr230702/
Vila 3 Kmr Nusa Dua Harga Murah Siap Huni,Rp 240.000.000,year,Nusa Dua Badung,,3,,,,VILLA MINIMALIS DISEWAKAN.3BR 3BATHROOM.CLOSE LIVINGROOM.DININGROOM.DININGTABLE.KITCHEN.POOL.LT 150M2.LB 170M2.2LT.FULL FURNISHED.PRICE 240JT NEGO.SDH INC FEE AGENT.INC POOL MAN.SAMPAH.PDAM.IURAN BANJAR.TAMU BYR TOKEN DAN WIFI.1MENIT DPN KE BEACH TANJUNG BENOA NUSADUA.PDAM.PLN 10.000WATT Owner nusa dua,,KILA HAMDAAgen IndependenNIB:310124006****,,https:/picture.rumah123.com/r123-images/300x300-crop/customer/869574/54b97d894f2777b503733057fe344ae6.jpg,https://www.rumah123.com/properti/badung-nusa-dua/vila-3-kmr-nusa-dua-harga-murah-siap-huni-vlr228561/
Beachside Luxury Villa Fully Furnished SHM Canggu Kuta Utara,Rp 600.000.000,year,Beachside Luxury Villa Fully Furnished SHM Canggu Kuta Utara | vlr197432,4,4,,,,Beachside Luxury Villa SHM Prime Location in Canggu Luxury Fully-Furnished Villa - Only 200m from Canggu Beach For Sale and Lease Property Details: Land Size: 295 m² Building Size: 350 m² Bedrooms: 3 (All En-suite) Staff Room + Bathroom Orientation: South-facing Electricity: 13000 VA Certificate: Freehold (SHM) Fully Furnished Lease Price : 1 Year Lease : IDR 600 Million 2 Years Lease : IDR 1 Billion (Negotiable) Facilities: 1 Storage Room 1 Indoor Garage 1 Carport Private Swimming Pool (approx. 4 × 5 m) Location Access: 200 m to Munduk Catu Beach 3 minutes to Batu Bolong Beach 2 minutes to The Lawn Canggu 20 minutes to Atlas Super Beach Club Ideal For: Private Residence Commercial Villa / Rental Investment Premium Property in Central Canggu,,YANTI CHOUAgen KorporatNIB:912020578****,,https:/picture.rumah123.com/r123-images/300x300-crop/customer/4377323/300a4a3274a934deaf41297313697daa.jpg,https://www.rumah123.com/properti/badung-canggu/beachside-luxury-villa-fully-furnished-shm-canggu-kuta-utara-vlr197432/
Villa Cantik 3 Kamar Di Berawa Lokasi Premium & Siap Huni Vila Di Canggu,Rp 330.000.000,year,Villa Cantik 3 Kamar Di Berawa Lokasi Premium & Siap Huni Vila Di Canggu | vlr182211,3,4,,,,Disewakan Villa Cantik Fully Furnished di Berawa  Villa di lokasi sangat strategis ditengah area favorit Expat & Wisatawan  Spesifikasi Villa : Luas Tanah: 250m² Luas Bangunan : 192m² ( 2 Lantai ) 3 kamar tidur  4 kamar mandi SHM  Facilities  2 Fully Equipped Kitchen  Laundry room  + Washing machine  Area BBQ TV 70' Swimming Pool with Sunbeds  Small Gardens  Enclosed Garage  HARGA SEWA Rp. 330juta/ Tahun Nikmati gaya hidup mewah dan tenang di lingkungan strategis dekat café pantai dan fasilitas publik.,,YANTI CHOUAgen KorporatNIB:912020578****,,https:/picture.rumah123.com/r123-images/300x300-crop/customer/4377323/f21d9e9f4cbbaba566fd789db4f41db4.jpg,https://www.rumah123.com/properti/badung-canggu/villa-cantik-3-kamar-di-berawa-lokasi-premium-siap-huni-vila-di-canggu-vlr182211/
FOR RENT VILLA FURNISHED 1 BR NYAMAN LOCATION TAMAN JIMBARAN BALI,Rp 125.000.000,day,FOR RENT VILLA FURNISHED 1 BR NYAMAN LOCATION TAMAN JIMBARAN BALI | vlr135618,2,1,,,,Ready For Sale Villa Leasehold 19 Years at Taman Jimbaran Bali * Private Villa * 1 Floor * Land Size 60 sqm * Building Size 50 sqm * 1 Bedroom * 1 Bathroom * Kitchen Set * Dining Room * Swimming Pool * ⁠Electric 3500Va * Road Access 5 meter * Comfortable Environment PRICELIST IDR : * 800 Million /19 Years * ⁠125 Million /Year,,Agen Properti di Tangerang,,https:/picture.rumah123.com/r123-images/300x300-crop/customer/4366229/033f1ddd52585b803425db52f8bb898e.jpg,https://www.rumah123.com/properti/badung-jimbaran/for-rent-villa-furnished-1-br-nyaman-location-taman-jimbaran-bali-vlr135618/
Di Sewakan Villa Murah Nyaman dan Strategis di Bali,Rp 285.000.000,day,Seminyak Badung,3,1,,,,*** Murah Nyaman dan Strategis *** Bangunan Bagus dan Terawat Lokasi Strategis dekat Seminyak dan Canggu Dekat tempat Wisata dan Perbelanjaan,,Go Siek WhaAgen Independen,,https:/picture.rumah123.com/r123-images/300x300-crop/customer/545654/85883095eafb86fc9caa1ac2c2866237.jpg,https://www.rumah123.com/properti/badung-seminyak/di-sewakan-villa-murah-nyaman-dan-strategis-di-bali-vlr230604/
Dikontrakkan Rumah Lantai 2 Semi Villa,Rp 195.000.000,year,Renon Denpasar,3,3,130 m²,125 m²,Lainnya,Dikontrakan Rumahlantai 2 full furnished Spesifikasi semi villa ➡️3 kamar tidur ➡️3kamar mandi ➡️Living area ➡️Kitchen ➡️Carport mobil ➡️Akses nyaman jln 6 meter paving ➡️Listrik 3500 ➡️Air sumur bor,,Hertini LindaAgen KorporatNIB:812001416****,,https:/picture.rumah123.com/r123-images/300x300-crop/customer/4435783/e2b8420de404babc34270989b47c3fc8.jpg,https://www.rumah123.com/properti/denpasar-renon/dikontrakkan-rumah-labtai-2-semi-villa-hor41157583/
Leasehold Villa 3 Lantai Lokasi Jl Induk Pura Masuka Ungasan Badung Bali,Rp 275.000.000,year,Leasehold Villa 3 Lantai Lokasi Jl Induk Pura Masuka Ungasan Badung Bali | vlr228108,8,8,800 m²,450 m²,SHM,Leasehold Villa 3 Lantai Lokasi Jl Induk Pura Masuka Ungasan Badung Bali Luas Tanah 8 Are/ 800 M² Luas Bangunan 450 M² 8 Kamar Tidur 8 Kamar Mandi Dalam 4 AC Pool 45 X 7 Meter Bangunan Tahun 2019 IMB Listrik 1300 Wtt x 7 Kamar Masing² 1 Kamar Dibawah Listrik 3500 Wtt Air PDAM Garase 8 Mobil Dapat 2 Jalan Induk Masuka Dan Jl LC 7 Meter Paving Hadap Timur Dan Utara Garden Sangat Luas Harga Sewa 275 Juta / Thn Nego Minimal 5 Tahun Maksimal 10-30 Tahun Nb : Tinggal Di Renovasi / Dilanjutkan Dko ********,,Land Hunter PropertyAgen Independen,,https:/picture.rumah123.com/r123-images/300x300-crop/customer/1898021/ffea5479564667f2ad63cc1d9a44e9e7.jpg,https://www.rumah123.com/properti/badung-ungasan/leasehold-villa-3-lantai-lokasi-jl-induk-pura-masuka-ungasan-badung-bali-vlr228108/
Luxury Villa Located In The Elite And Quiet Area Of ​​Umalas-Badung With One Gate Security.,Rp 600.000.000,year,Luxury Villa Located In The Elite And Quiet Area Of ​​Umalas-Badung With One Gate Security. | vlr228117,3,3,250 m²,270 m²,SHM,Ume Rahayu Luxury villa located in the elite and quiet area of ​​Umalas-Badung with One Gate Security. 10min to Berawa 15 min to Canggu Centre 15 min to Seminyak 1 min to Pepito 1 min to Amare Padel - Details: -2 floor villa -Land 250m2 -Building 270m2 -3 Bedroom ensuite bathroom with balcony -Air Conditioner 6 unit -Office room -Laundry room (washing&drying machine) -Pool -Service area -Kitchen set (food and kitchen utensils) -Oven -Water dispenser -Toaster -Cutleries -Microwave -Refrigerator -Coffee maker -Living room -Dining room -Bbq area at swimming pool -Carport (2 cars) Open for : Monthly IDR 55000000 Weekly: Idr 20000000 Inclusions : - General Cleaning 2x a week - ⁠Pool Maintanance 2x a week - ⁠Towel Change 2x a week - ⁠Linen Change 1x a week - ⁠Wifi 400mbps - ⁠Garbage fee - ⁠security Exclude : Personal Consume & Electricity & PDAM fee Yearly: 600000000 Not include anything Direct Owner ********,,Land Hunter PropertyAgen Independen,,https:/picture.rumah123.com/r123-images/300x300-crop/customer/1898021/4496c01fdced0bc8a31aa6c73470c29e.jpg,https://www.rumah123.com/properti/badung-umalas/luxury-villa-located-in-the-elite-and-quiet-area-of-umalasbadung-with-one-gate-security-vlr228117/
Villa Rumah Tyang Ubud 3 BR,Rp 495.000.000,year,Villa Rumah Tyang Ubud 3 BR | vlr202286,3,4,400 m²,200 m²,SHM,Villa Rumah Tyang Ubud 3 BR Total Land is 400 m2 Total building is 200 m2 Total Bed rooms 3 : 1. King Room ' 4 x 4 m King bed size 200x200 cm 2.Queen Room 4x 4 m King bed size 200 x 180 cm 3 .Twin Room 5 x 3 m 4 bed each size 160 x 200 cm All room is air conditioned King room with BathTub and toilet and all bedroom with shower and Toilet water - heater Total 4 toilet include the Public one The living room size and pantry is 8x6 meter Mini bar Kitchen size is 3 x 5 m included islands Swimming Pool size 9 x 3 m Electricity 6000 watt Stove with oven 4 burners Big refrigirator (4 doors) 1 sundeck 1 umbrella and 3 sun chairs Car Parking available Price per month is Rp 55 mio and per year Rp 495 mio,,JJulianaPemilik Properti,,https:/picture.rumah123.com/r123-images/300x300-crop/customer/4418100/e1204a6dc4670e86ef2f4c9c3a1bbb35.jpg,https://www.rumah123.com/properti/gianyar-ubud/villa-rumah-tyang-ubud-3-br-vlr202286/
Tanah Sewa Bonus Bangunan Deket Pantai di Seminyak Kuta Bali,Rp 60.000.000,year,Tanah Sewa Bonus Bangunan Deket Pantai di Seminyak Kuta Bali | Rumah123,21,21,2000 m²,17500 m²,Lainnya,_LAND FOR LEASE_ DOUBLE SIX SEMINYAK KUTA BALI BONUS GOOD VILLA READY FOR AIRBNB BUSINESS LOCATION :JL ARJUNA LEGIAN SEMINYAK DETAILS: - Land Size 19.63 are (1963 m2) - ⁠Zone Tourism Pink - ⁠Slf/pbg - Quite Place - ⁠Big Parking area - ⁠Access Road 5 meters - ⁠Lease 30 years + 20 extension - ⁠ Just continue the daily rental business and have a fairly high ROI *BONUS* - 2 Private Villas's Full Furnished - 2 bungalow's Furnished - 6 superior guest house type standar - 5 room family's - Running well and Good Ucupancy PRICE 60 million / are / year (PIN LOCATION) ********,,Consultant Property BaliAgen Independen,,https:/picture.rumah123.com/r123-images/300x300-crop/customer/2151941/f0cd71ff78b42cb2f5957151c6edde1b.jpg,https://www.rumah123.com/properti/badung-seminyak/land-for-lease-bonus-good-villa-guest-house-di-seminyak-kuta-bali-hor40682969/
Villa Cantik dan Aesthetic di Darmawangsa Ungasan,Rp 250.000.000,year,Ungasan Badung,3,3,,,,La Umari Villa Kavling B7 Jl Dharmawangsa Kel. Ungasan Kec. KutaSelatan Kab. Badung Luas tanah 166M2 Lantai 1 : 90m2 3 Bedrooms 3 Bathrooms 1 Powder room Open living room Open kitchen Rooftop : 25m2 Pool : 25 x 5 = 12.5m2 Carpark 1 car 2 bikes Electricity 4400w Furnished PDAM Water Bulanan : 30jt Tahunan : 250 jt,,Efa RistaAgen KorporatNIB:121021004****,,https:/picture.rumah123.com/r123-images/300x300-crop/customer/807564/a290081f01513227d65dade4d317c732.jpg,https://www.rumah123.com/properti/badung-ungasan/villa-cantik-dan-aesthetic-di-darmawangsa-ungasan-vlr170162/
For Rent 2 Bdr - Beautiful Villa In Kutat Lestari Sanur - Prime Expat Area,Rp 240.000.000,year,For Rent 2 Bdr - Beautiful Villa In Kutat Lestari Sanur - Prime Expat Area | vlr228238,2,2,,,,Located in Sanur this villa sits in the highly demanded expat residential zone of Kutat Lestari - well known as a long-term rental favorite among European and Australian tenants due to its quiet safe and residential atmosphere. Villa Highlights Building size: 200 m² Land size: 250 m² 2 Master Bedrooms with en-suite bathrooms + bathtub Large living room + small indoor backyard Private pool 3.5 m x 7 m Terrace with beautiful garden 1 Assistant room + toilet Equipment / storage room Garage: 1 car + 3 motorbikes Installed WiFi (installation ready) Electricity: 5500 Watt Water installation ready Why This Location Is Highly Attractive v Popular among long-stay expats v Quiet residential street not touristy-noisy v Easy access to beach lifestyle + daily needs Close to key destinations: 5-7 min to Sanur Beach - calm water jogging path cafés 5 min to Mertasari Beach - sunset spot & beach clubs 10 min to RSUD Bali Mandara - modern international-standard hospital ±25 min to Ngurah Rai International Airport Area is surrounded by restaurants gyms supermarkets international clinics and international schools within short driving distance. Additional Costs (Excluded) Pool cleaning (2x per week) Garbage collection fee Internet subscription Electricity usage Price IDR 240000000 / Year (Negotiable),,NYOMAN (WNX)Agen KorporatNIB:912020578****,,https:/picture.rumah123.com/r123-images/300x300-crop/customer/4407681/f7930e68742d95e15c38eb3b829f9bf4.jpg,https://www.rumah123.com/properti/denpasar-sanur/for-rent-2-bdr-beautiful-villa-in-kutat-lestari-sanur-prime-expat-area-vlr228238/
5 Bedroom Ensuite Brand New Renovated Spacious Garden Semi Villa 4 KM From Pepito Canggu,Rp 250.000.000,year,5 Bedroom Ensuite Brand New Renovated Spacious Garden Semi Villa 4 KM From Pepito Canggu | vlr123066,5,7,,,,Modern Brand New Renovated 5-Bedroom Ensuite Semi Villa House for Rent in Gatot Subroto Barat Near Canggu Bali Facing East IDR 250 Million/Year 400 m² Land Size 578 m² Built Size | 5 Spacious Bed Rooms and 7 Bathrooms Semi Furnished Live in elegance at this stunning semi villa house in the heart of Gatsu Barat Denpasar Designed for comfort living this spacious property offers: 5 Spacious Bed Room ensuite (2 BR at first floor and 3 BR at second floor) 400 m2 Land Size 578 m2 Building Size 2 stories Back and Front Balcony Enclosed Living Room Modern Kitchen Set with Brand New Electrolux Oven Stove and Hood Brand New Ariston Water Heather Brand New 2 PK Gree AC Brand New 60 inch TV Fast internet up to 200 Mbps Spacious living areas Big garage and carport (can be use for 5 cars and a few bikes) High Ceiling Building (more than 3.5 meters) Beautifull Lighting Back and Front Spacious Garden Pet Friendly East Facing Deep Well Submersible Water Pump 7700 Watt Electricity Perfect for long-term expats digital nomads or families with pets seeking a comfort and convenient long term life in Bali quiet neighborhood Walking distance to Djangkrik Resto Gosha Resto Il Podomoro and Goemerot Resto Distance from International School: 2.6 km from Highscope School (8 minutes by car) 3.2 km from Taman Rama Intercultural School (10 minutes by car) 8.8 km from Umalas French School (26 minutes by car) 9.1 km from Australian Independent School (32 minutes by car) 4.1 km to Pepito Canggu (21 minutes by car) 4.5 km to Living World Mall (20 minutes by car) 9.5 km to Trans Studio Bali (24 minutes by car) Min 2 years rent paid in advance,,Bayu DharmaAgen Independen,,https:/picture.rumah123.com/r123-images/300x300-crop/customer/2109090/61fbea8166ac6d8b210b4c678a80ff8b.jpg,https://www.rumah123.com/properti/denpasar-denpasar-utara/5-bedroom-ensuite-brand-new-renovated-spacious-semi-villa-4-km-from-pepito-canggu-vlr123066/
Rumah Villa Besar 2 Lantailokasi Strategis di Sunsetroad Seminyak,Rp 300.000.000,year,Rumah Villa Besar 2 Lantailokasi Strategis di Sunsetroad Seminyak | vlr234338,4,4,,,,For Rent Villa in Sunsetroad Seminyak Land 300 Build 300 2 Floor Bedroom 4+1 Bathroom 4+1 Pool Garden Furnished Carport 3 car Price 300 million / year,,Sielly LiliantiAgen KorporatNIB:812011713****,,https:/picture.rumah123.com/r123-images/300x300-crop/customer/2033046/acec53fa7a0445e186a61ecc60dd194d.jpg,https://www.rumah123.com/properti/badung-sunset-road/rumah-villa-besar-2-lantailokasi-strategis-di-sunsetroad-seminyak-vlr234338/
Disewakan Rumah 3 Kamar Tidur di Daerah Umalas,Rp 110.000.000,year,Umalas Badung,,4,150 m²,160 m²,SHM,DISewakan Rumah di daerah Umalas .. Rumah semi Villa -2 lantai yg sangat terawat dilokasi yg sangat strategis  dgn akses jln 5 meter  paving block serta sangat dekat dgn Sekola internasional Super market Pepito Rumah Sakit Resto Café Pasar tradisional dll. Ke Canggu 10 menit Ke Seminyak 12 menit Detail Rumah 2 lt Luas Tanah  150 m2 Luas Bangunan  160 M2 Fasilitas Kamar tidur 3 unit Kamar mandi 4 unit Ruang keluarga Ruang tamu Dapur Balkon Meja bar AC 3 unit Water heater 3 unit Garasi mobil 1 unit PLN 5000 Sumur bor / PDAM Non Furnished Harga Rp 110 JT /thn Min 2 thn bayar di muka,,Esther LiemAgen KorporatNIB:812001614****,,https:/picture.rumah123.com/r123-images/300x300-crop/customer/2128100/d51fc2cd5a29448f2222538198f899c6.jpg,https://www.rumah123.com/properti/badung-umalas/disewakan-rumah-3-kamar-tidur-di-daerah-umalas-hor40956768/
Villa Minimalis di Munggu Cocok Utk .Keluarga Kecil,Rp 235.000.000,year,Munggu Badung,2,2,,,,Disewakan Villa Minimalis Furnished di Jln Raya Munggu Badung Bali Luas tanah 200 m2 Luas bangunan 150 m2 Hadap selatan Specifikasi : 1 Lantai 2 kamar tidur 2 kamar mandi Dapur Ruang tamu Carport 1 mobil Kolam renang Listrik 5.500 watt Air sumur bor Water heater AC Furnished Harga sewa : 235 Juta/tahun (Negotiable) Contact me : Ida Bagus Putra LJH Realty Kuta,,Ida Bagus Putra WigrahaAgen KorporatNIB:912000470****,,https:/picture.rumah123.com/r123-images/300x300-crop/customer/1938587/9bb82d46b05fce5b8e2925d417672eeb.jpg,https://www.rumah123.com/properti/badung-munggu/villa-minimalis-di-mungg-cocok-utk-keluarga-kecil-vlr228014/
Long Lease Luxury Villa Fully FurnishedIn Tibubeneng Kuta Utara,Rp 174.000.000,year,Tibubeneng Badung,2,3,,,,Brand New Luxury Mediterranean Villa Near Canggu with Rice Field View Located in a quiet and peaceful environment near Canggu this property offers both comfort and strong investment potential. Specifications : Land Size: 150 sqm Building Size: 200 sqm 2 Floors 2 Bedrooms 3 Bathrooms SHM Private Swimming Pool Garden & Balcony with Paddy Field View Fully Equipped Kitchen with Island Outdoor Bench Area Carport & Motorcycle Parking Electricity 5500 Watt Water Filter System Road Access 4.5 meters Fully Furnished Price : IDR 4.850.000.xxx for 28 years Lease Leeasehold period: 28 years can be extended another 30 Years An excellent opportunity for residence or long-term investment in a prime Bali location. Contact Brighton Property for further information and private viewing.,,YANTI CHOUAgen KorporatNIB:912020578****,,https:/picture.rumah123.com/r123-images/300x300-crop/customer/4377323/44252f2a4a59ddabf70ab6920b9a41e0.jpg,https://www.rumah123.com/properti/badung-tibubeneng/long-lease-luxury-villa-fully-furnishedin-tibu-beneng-kuta-utara-vlr230103/
Modern Luxury Home Fully Furnished Siap Sewa Taman Mumbul,Rp 200.000.000,year,Mumbul Badung,2,3,100 m²,100 m²,Lainnya,Disewakan Brand New Villa Style Home SHM Private Pool di Taman Mumbul Nusa Dua Brand New Villa Style Home Taman Mumbul Nusa Dua Hunian modern bergaya villa di kawasan cluster yang tenang dan aman cocok untuk tempat tinggal maupun investasi sewa. Spesifikasi: Luas Tanah: 100 m² Luas Bangunan: ±100 m² 2 Kamar Tidur 3 Kamar Mandi 2 Lantai Living Room Kitchen Area Private Pool Fully Furnished SHM Akses jalan depan ±6 meter Fasilitas Cluster: One Gate Security System CCTV Area Basket Harga: Harga Jual: Rp 2475 M Harga Sewa: Rp 200 juta / tahun Akses Lokasi Strategis: - 5 menit ke Tol Bali Mandara 10 menit ke fasilitas umum 15 menit ke Kawasan Elite ITDC Nusa Dua 15 menit ke Pantai Jimbaran 20 menit ke Bandara Internasional Ngurah Rai Hunian siap huni dengan lokasi strategis di kawasan favorit Bali Selatan.,,YANTI CHOUAgen KorporatNIB:912020578****,,https:/picture.rumah123.com/r123-images/300x300-crop/customer/4377323/889dc8642e32547f0580d1c28cf2fa73.jpg,https://www.rumah123.com/properti/badung-mumbul/modern-luxury-home-fully-furnished-siap-sewa-taman-mumbul-hor40720555/
Disewakan Rumah Semi Villa Lokasi Gwang Sukawati Gianyar,Rp 250.000.000,year,Disewakan Rumah Semi Villa Lokasi Gwang Sukawati Gianyar | Rumah123,2,2,400 m²,130 m²,Lainnya,Disewakan rumah semi villa ada 2 unit masing masing 1 bedroom berlokasi di guwang ketewel Sukawati Bisa bulanan dan tahunan Luas tanah 400 Luas bangunan masing' 65 2 bedroom 2 kamar mandi Dapur Ruang makan Air sumur bor Listrik 7700 Garasi Halaman luas Ada pool private Harga per bulan 22 juta Harga per th 250 juta furnished,,Dewi SulasmikaAgen KorporatNIB:812001416****,,https:/picture.rumah123.com/r123-images/300x300-crop/customer/1714710/21afb42dde4b12121ee7977ba643275f.jpg,https://www.rumah123.com/properti/gianyar-guwang/disewakan-rumah-semi-villa-lokasi-gwang-sukawati-gianyar-hor40405256/
Disewakan Rumah Semi Villa Dekat ke Pantai Sanur Lokasi di Sanur Bali,Rp 160.000.000,year,Disewakan Rumah Semi Villa Dekat ke Pantai Sanur Lokasi di Sanur Bali | Rumah123,2,2,150 m²,100 m²,Lainnya,Disewakan rumah semi villa lantai 1 lokasi Sanur Dekat ke pantai Luas tanah 150 Luas bangunan 100 2 kamar tidur 2 kamar mandi Garden Garasi Dapur Listrik 3500 Air sumur bor Harga 160 juta per th nego,,Dewi SulasmikaAgen KorporatNIB:812001416****,,https:/picture.rumah123.com/r123-images/300x300-crop/customer/1714710/a9cd6fcb88e84bd9258281b34a8b0152.jpg,https://www.rumah123.com/properti/denpasar-sanur-kauh/disewakan-rumah-semi-villa-dekat-ke-pantai-sanur-lokasi-di-sanur-bali-hor41048449/
Disewakan Villa Rumah Baru Modern dengan Kolam & View Sawah | 2 KT di Pering-Blahbatuh Gianyar,Rp 175.000.000,year,Disewakan Villa Rumah Baru Modern dengan Kolam & View Sawah | 2 KT di Pering-Blahbatuh Gianyar | Rumah123,2,2,173 m²,108 m²,SHM,,,Agung AsmaraAgen IndependenNIB:230224001****,,https:/picture.rumah123.com/r123-images/300x300-crop/customer/75018/881e0d37c1453654d32a8f0d232735a0.png,https://www.rumah123.com/properti/gianyar-saba/disewakan-villa-rumah-baru-modern-dengan-kolam-view-sawah-2-kt-di-peringblahbatuh-gianyar-hor40439930/
Disewakan Rumah Villa Semi-Furnished Modern dengan Private Pool | 2 KT di Batubulan Bali LT 100 m2,Rp 160.000.000,year,Batubulan Gianyar,2,2,100 m²,112 m²,SHM,,,Agung AsmaraAgen IndependenNIB:230224001****,,https:/picture.rumah123.com/r123-images/300x300-crop/customer/75018/2f91b5a717a77d27db0b436ee338fe38.png,https://www.rumah123.com/properti/gianyar-batubulan/disewakan-rumah-villa-semifurnished-modern-dengan-private-pool-2-kt-di-batubulan-bali-lt-100-m2-hor40473827/
For Rent Yearly 4br Luxury Villa At Berawa Canggu Bali,Rp 800.000.000,year,For Rent Yearly 4br Luxury Villa At Berawa Canggu Bali | Rumah123,4,5,350 m²,500 m²,SHM,FOR RENT YEARLY 4BR LUXURY VILLA AT BERAWA CANGGU BALI Harga Penawaran : Rp 800 juta per tahun Jenis Properti : Villa Alamat : Berawa Canggu Luas Tanah : 350 m2 Luas Bangunan : 500 m2 Jumlah Lantai : 2 Jumlah Kamar Tidur : 4 Jumlah Kamar Mandi : 5 Daya Listrik : 7700 watt lantai atas + 7700 watt lantai bawah Lain-lain : harga sewa termasuk : cleaner 3x a week banjar garbage tidak termasuk : pool wifi listrik Silakan menghubungi kami untuk survey lokasi kami siap bantu jual beli sewa properti. #178,,LIA Agen PropertiAgen IndependenNIB:912040885****,,https:/picture.rumah123.com/r123-images/300x300-crop/customer/1327613/3abbcfd96f9bd925d5f573329a2df581.jpg,https://www.rumah123.com/properti/badung-kuta-utara/for-rent-yearly-4br-luxury-villa-at-berawa-canggu-bali-hor19019967/
Leasehold 24 Years Luxury Large Riverside Villa Semer Kerobokan Bali,Rp 12.000.000.000,year,Leasehold 24 Years Luxury Large Riverside Villa Semer Kerobokan Bali | Rumah123,4,4,800 m²,1275 m²,Hak Sewa,Leasehold 24 Years Luxury Large Riverside Villa Semer Kerobokan Bali Jenis Properti : Villa Alamat : Jl Munduk Sari Banjar Semer Kerobokan Badung Bali Luas Tanah : 8 are Luas Bangunan : 1275 sqm Jumlah Lantai : 2 Jumlah Kamar Tidur : 4 Jumlah Kamar Mandi : 4 Sertipikat atas nama : Leasehold 24 years + 15 years ITR (IMB) : ada Daya Listrik : 16000 watt Lain-lain : 24 years + 15 years 5 min from Seminyak 10 min Canggu Beach 15 min from Denpasar 25 min from airport building finished March 2021 Everything New Level 1 : * 3 pantry rooms * Big covered parking lot (cars and scooters) * Apartment for staff (2 bedrooms kitchen living wardrobe bathroom) * Laundry room * Pumproom Level 2 : * 4 bedrooms * 3 bathrooms * 1 guest bathroom (toilet dan shower) * outside shower * Big swimming pool 22 x 9 and kids pool with table * separate apartment with bar and tv area * outside kitchen with all included (fridge with ice electric stove) * biljart Xtra: *solar panels for electricity * drinkable water everywhere * view of jungle and waterfall * River Silakan menghubungi kami untuk survey lokasi kami siap bantu jual beli sewa properti. #77,,LIA Agen PropertiAgen IndependenNIB:912040885****,,https:/picture.rumah123.com/r123-images/300x300-crop/customer/1327613/2024-02-23-07-43-34-2aa74f41-1562-4b85-a322-bb25220e7737.jpg,https://www.rumah123.com/properti/badung-semer/leasehold-24-years-luxury-large-riverside-villa-semer-kerobokan-bali-hor16472395/
Sewa Villa Nusa Penida 2Br Fully Furnished + Private Jacuzzi | Free Wifi & Weekly Cleaning,Rp 18.000.000,month,Nusa Penida,2,2,,,,SEWA VILLA 2BR PRIVATE DI NUSA PENIDA - FULLY FURNISHED + JACUZZI Nikmati pengalaman tinggal di villa private dengan suasana tenang khas pulau lengkap dengan jacuzzi pribadi untuk relaksasi setiap hari. Cocok untuk digital nomad pasangan maupun long-stay traveler yang menginginkan hunian nyaman tenang dan siap huni di Nusa Penida. ✨ Spesifikasi Villa: - 2 Bedroom - 2 Bathroom - Ruang Tamu Nyaman - Ruang Makan - Dapur Lengkap - Private Jacuzzi - Fully Furnished - Free WiFi - Weekly Cleaning Service Villa dirancang untuk kenyamanan jangka pendek maupun panjang dengan fasilitas lengkap tanpa perlu repot menyiapkan apa pun. Harga Sewa: Rp 18.000.000 / bulan Rp 180.000.xxx / tahun (FREE 2 bulan - hemat Rp 3600xxxx Unit siap ditempati segera. Lokasi strategis di Nusa Penida dengan suasana tenang dan privat. Hubungi sekarang untuk informasi lebih lanjut dan jadwalkan survey sebelum unit terambil.,,Prodema IndonesiaAgen IndependenNIB:122900050****,,https:/picture.rumah123.com/r123-images/300x300-crop/customer/4361393/c7b6e3e5abd9573cdc7be3f6a7d768f9.png,https://www.rumah123.com/properti/klungkung-nusa-penida/sewa-villa-nusa-penida-2br-fully-furnished-private-jacuzzi-free-wifi-weekly-cleaning-vlr228403/
Villa For Rent Daily Weekly Montly In Canggu,Rp 15.000.000,day,Villa For Rent Daily Weekly Montly In Canggu | Rumah123,2,3,600 m²,300 m²,SHM,2 lumbung room Villa For rent in canggu large garden .fully furnishedswiming pool.2 kilometer from eco beach .Near Pererenan and Tumbak bayuh village.Location stategic in midle of Canggu North Kuta. Has good rice view from rooptop. 2 bedroom 3 bathroom.complete with kitchen furniture. Ready for dailyweeklymonthly rent.please visit and showing .price for a night is 1.5 million ( IDR 1.500.000) without breakfast.carport can fix for 3 car.,,Made SinardanaAgen IndependenNIB:912000178****,,https:/picture.rumah123.com/r123-images/300x300-crop/customer/1333967/2024-05-13-22-31-38-9ce49c36-45ec-4d58-b722-601a4f21dd71.jpg,https://www.rumah123.com/properti/badung-canggu/villa-for-rent-daily-weekly-montly-in-canggu-hor17095057/
Brand New House For Rent Yearly In Sanur,Rp 275.000.000,year,Brand New House For Rent Yearly In Sanur | vlr231047,3,3,,,,Brand New House for rent yearly in sanur near Sanur Harbour and Bali International Hospital AVAILABLE IN APRIL 2026 Land: 200sqm Building: 350sqm 3 Bedrooms 2 Bathrooms + 1 Pool + Deck ( Pool maintenance included ) Maid's room / Storage room Garden Carport Kitchen 5.500 VA Wi-Fi Fully furnished >>East Rp. 275.000.xxx/year Minimum rent - 2 years,,NENENG (AQML)Agen KorporatNIB:912020578****,,https:/picture.rumah123.com/r123-images/300x300-crop/customer/1970760/e5984c43e351ed7df3d51ac75402c118.jpg,https://www.rumah123.com/properti/denpasar-sanur-kaja/brand-new-house-for-rent-yearly-in-sanur-vlr231047/
Leashold For 31 Years - Sanur Luxury Villa 5 BR Near To Sanur Beach,Rp 18.000.000.000,year,Leashold For 31 Years - Sanur Luxury Villa 5 BR Near To Sanur Beach | Rumah123,5,6,1200 m²,503 m²,HGB,Rumah Disewa Denpasar LEASHOLD FOR 31 YEARS CAN EXTANT 50 YEARS LUXURY VILLA 5 BR NEAR TO SANUR BEACH. Experience ultimate luxury at our villa in the heart of sanur just 3 minutes from sanur beach. This exqquisite villa offers comfort elegence and tranquilityin aneighborhood of opulent residence. With 5 ensuite bedrooms a spacious living room and dining area and a vast lush swimming pool and garden it''s perfect for hosting your family or friends. Create unforgettable memories in this idyllic retreat.,,FITRI G (PXIX)Agen KorporatNIB:912020578****,,https:/picture.rumah123.com/r123-images/300x300-crop/customer/2075846/2024-09-03-08-46-48-6da234f4-ba28-492f-a317-6f9c7479162c-1725328008.jpg,https://www.rumah123.com/properti/denpasar-sanur-kauh/leashold-for-31-years-sanur-luxury-villa-5-br-near-to-sanur-beach-hor18036134/
Beautiful New Brand Vila 3 Bedroom With Rooftop View Jungle Ubud,Rp 325.000.000,year,Beautiful New Brand Vila 3 Bedroom With Rooftop View Jungle Ubud | vlr218796,3,2,,,,Vila cantik baru 3 bedroom + rooftop dengan view pedesaan di dekat Ubud one gate system security 24 jam Luas tanah 230M2 luas bangunan 200M2 3 kamar tidur 2 kamar mandi 1 guest toilet Ruang tamu Living room Kitchen kolam renang Mini garden Rooftop lokasi strategis hanya 15 menit ke Ubud center 5 menit ke water fall,,Cok DamajaniAgen KorporatNIB:812001416****,,https:/picture.rumah123.com/r123-images/300x300-crop/customer/1463280/e11bd310aa98a9bcf36203d6c8575483.jpg,https://www.rumah123.com/properti/gianyar-kemenuh/beautiful-new-brand-vila-3-bedroom-with-rooftop-view-jungle-ubud-vlr218796/
Stunning 2Br Villa With Office Space Availabile,Rp 23.000.000,month,Kerobokan Badung,2,2,,,,2bedroom villa in Seminyak-Kerobokan area without any construction noise. Quiet and safe villa complex Beach 10minutes Canggu 20minutes. -2 bedroom with AC -2 bathroom (bathub also) -Closed living room with AC Smart TV and with skylight view -private swimming pool -fully equipped kitchen -Working desk -private carpark -Fast and stable internet (200 Mbps) -Quiet place: no construction no crossing traffic -Modern design with stunning wall paint -Garden area available for relaxed morning Yoga -Bakery small shops walking distance -Restaurants and supermarket 5 minutes -Price: 23 million IDR/ month -Get special price for long term rental! -Include: Cleaning 2x/week linen and towels change 1x Pool maintenance 2x/week Internet 200Mbs,,BNA PropertyAgen Korporat,,https:/picture.rumah123.com/r123-images/300x300-crop/customer/2098696/c36f9bf82f83f30555ce529c77157b5d.jpg,https://www.rumah123.com/properti/badung-kerobokan/stunning-2br-villa-with-office-space-availabile-vlr163832/
Brand New Cozy Villa 2 Bedroom.ubud Bali- Fully Furnished,Rp 250.000.000,year,Brand New Cozy Villa 2 Bedroom.ubud Bali- Fully Furnished | Rumah123,2,2,125 m²,77 m²,Lainnya,Brand New Modern Tropical Villa - Ubud Best Deal! ✨ 2 Bedroom | 2 Bathroom + Guest Toilet Location: Banjar Lodtunduh Singakerta - Ubud Gianyar Modern Tropical Cosy Villa - Fully Furnished Villa Highlights Land Size: 125 m² Building Size: 77 m² 2 Bedrooms + 2 Bathrooms Guest Toilet Private Swimming Pool Living & Dining Area Fully Equipped Kitchen Electricity 5500 Watt Parking for 1 Car & 1 Motorcycle ✅️High-speed WiFi ✅️Cleaning Service 2×/week ✅️Garbage Pickup ✅️Pool Maintenance 2×/week ❌ Excluded: Electricity Personal Expenses --- Special Promo Price Monthly: 25 juta Security Deposit: 5 juta Yearly: 250 juta Security Deposit: 10 juta --- Location: Banjar Lodtunduh Singakerta Ubud - Gianyar Contact for viewing: Arlina - 081865xxxx,,ARLINA (SOHE)Agen KorporatNIB:912020578****,,https:/picture.rumah123.com/r123-images/300x300-crop/customer/1140658/6e23413d4ecb327e146d4ab4136a7510.jpg,https://www.rumah123.com/properti/gianyar-lodtunduh/brand-new-cozy-villa-2-bedroomubud-bali-fully-furnished-hor40651104/
For Rent Villa Sibang Bali Dekat Sekolah Green School,Rp 175.000.000,year,Sibang Gede Badung,2,2,,,,FOR RENT VILLA SIBANG BALI DEKAT SEKOLAH GREEN SCHOOL - luas tanah 100m² - ⁠luas bangunan 100m² - ⁠2 kamar tidur - ⁠2 kamar mandi - ⁠guest toilet - ⁠private pool - ⁠living room - ⁠kitchen - ⁠fully furnished - ⁠Ac 3 unit - ⁠water heater - ⁠garase - ⁠listrik 3500 - ⁠cctv / wifi - ⁠air sumur bor include tandon 1200 liter idr 175jt/tahun wenwen.property 0812xxxxxxxx,,WEN WENAgen KorporatNIB:912020578****,,https:/picture.rumah123.com/r123-images/300x300-crop/customer/4348172/12bfc213fa73cfeb1923a30ddbeaec47.jpg,https://www.rumah123.com/properti/badung-sibang-gede/for-rent-villa-sibang-bali-dekat-sekolah-green-school-vlr206101/
Brand New Modern Villa Near Padanggalak Beach,Rp 265.000.000,year,Padanggalak Denpasar,3,3,,,,Brand New Modern Villa at Padang Galak Sanur Only 750 meter from Padang Galak Beach Land size 150sqm Building size 155sqm 3 Bedrooms and 3 bathrooms Living room and kitchen Swimming pool 2.5x5.5meter Carport Terrace/patio at 1st and 2nd floor Fully furnished No pet allowed Price IDR 265.000.xxx nett per year Price IDR 30.000.000 nett per month #002,,GUNG CANDRA (XLEB)Agen KorporatNIB:912020578****,,https:/picture.rumah123.com/r123-images/300x300-crop/customer/1796467/c7eb857b81f8e0c6458c75110178a0dd.jpg,https://www.rumah123.com/properti/denpasar-padanggalak/brand-new-modern-villa-near-padanggalak-beach-vlr208140/
Yearly Rental | 3-Bedroom Villa In Private Complex - 5 Minutes To The Beach,Rp 298.000.000,year,Jimbaran Badung,3,3,,,,Prime Location | Private Pool | Ideal Long-Term Residence Located just 920 meters from Jimbaran Beach this charming villa offers a perfect balance of privacy and coastal convenience in one of Bali's most desirable residential areas. Ideal for families or long-term residents the property provides easy access to the beach while maintaining a peaceful living environment. Set on 500 square meters of land the villa features three bedrooms and three bathrooms designed for comfortable everyday living. The layout includes a spacious living area that opens directly to a private swimming pool creating a relaxed indoor-outdoor lifestyle well suited to Bali's tropical climate. With its generous land size and prime beachside location this villa is an excellent opportunity for those seeking a comfortable long-term home in Jimbaran. Price IDR 298000000 per year.,,APAD PROPERTIESAgen Korporat,,https:/picture.rumah123.com/r123-images/300x300-crop/customer/635133/1053ad18b4781d1200ecf5144253fcf8.jpg,https://www.rumah123.com/properti/badung-jimbaran/yearly-rental-3bedroom-villa-in-private-complex-5-minutes-to-the-beach-vlr235841/
The Bricks Villa di Bidadari Kerobokan,Rp 290.000.000,year,The Bricks Villa di Bidadari Kerobokan | vlr235838,3,2,200 m²,100 m²,SHM,DISEWAKAN VILLA THE BRICKS BIDADARI KEROBOKAN BADUNG DISEWAKAN Rp. 290 JT perTAHUN MIN SEWA 1 TAHUN LT : 200 M2 LB : 100 M2 SHM IMB HADAP UTARA VILLA 1 LANTAI FULL FURNISHED SWIMMING POOL R. TAMU DAPUR KAMAR TIDUR KAMAR MANDI LISTRIK 5.500 WATT AIR SUMUR BOR PARKIR AREA AKSES JALAN 6 METER,,Efa RistaAgen KorporatNIB:121021004****,,https:/picture.rumah123.com/r123-images/300x300-crop/customer/807564/8a4d8ed856409b3132f8eb06223b323e.jpg,https://www.rumah123.com/properti/badung-kuta-utara/the-brick-villa-di-bidadari-kerobokan-badung-bali-vlr235838/
Disewakan Villa Unfurnished di Uluwatu,Rp 250.000.000,year,Pecatu Badung,3,4,,,,Luas tanah : 250 m2 (SHM) Luas Bangunan : 250 m2 K. Tidur 3 | K. Mandi 4 | 1 Lantai | Carport | ⁠Kolam Renang Pribadi | Garden | Gudang | 5.500 WATT Lingkungan villa dan hunian eksklusif Area favorit wisatawan dan expat Akses mudah ke Ungasan dan Jimbaran BC85 Harga Sewa : Rp250.000.xxx/Tahun Lokasi : Pecatu Kabupaten Badung Bali,,SUJAD mikoAgen IndependenNIB:190324000****,,https:/picture.rumah123.com/r123-images/300x300-crop/customer/1114540/038b362782e854655b494a767b74ec1b.jpg,https://www.rumah123.com/properti/badung-pecatu/disewakan-villa-unfurnished-di-uluwatu-vlr235830/
Modern Luxury Newly Built Villa In Prime Ungasan Area,Rp 500.000.000,year,Ungasan Badung,3,3,,,,FOR RENT BRAND NEW VILLA IN UNGASAN WITH ROOFTOP WITH GREAT VIEW - CLOSE TO GWK Details : - Luas Tanah 265m² - Luas Bangunan 350m² - 3 Kamar Tidur - 4 Kamar Mandi - PDAM - Listrik 7700 - IMB - Hadap Selatan - Full Furnished Seling Point : - 1 menit ke GWK - 10 menit ke Pecatu - 15 menit ke Pantai Pandawa - 15 menit ke Pantai Melasti - 20 menit ke Bandara Ngurah Rai Harga : 500jt/tahun Code : WEN-02,,Ivan (IVM)Agen KorporatNIB:912020578****,,https:/picture.rumah123.com/r123-images/300x300-crop/customer/2011876/8365e87f83331507ef6f2150948c60b0.jpg,https://www.rumah123.com/properti/badung-ungasan/modern-luxury-newly-built-villa-in-prime-ungasan-area-vlr235801/
3 Bedroom Private Pool Villa For Rent Fully Furnished,Rp 495.000.000,year,Umalas Badung,3,3,,,,3 Bedroom Private Pool Villa for Rent - Fully Furnished Enjoy comfortable tropical living in this beautiful 3-bedroom 3-bathroom villa featuring a private swimming pool modern furnishings and a fully equipped interior-perfect for long-term living in Bali. Property Features * 3 Spacious Bedrooms * 3 Bathrooms * Private Swimming Pool * Fully Furnished * Fully Equipped Kitchen & Living Area * Comfortable indoor and outdoor spaces Monthly Costs * WiFi: IDR 550000 * Pool Maintenance: IDR 700000 * Electricity: Based on usage * Banjar Fee: IDR 100000 / month * Garbage Collection: IDR 100000 / month Additional Services * Cleaner / Housekeeping available upon request (extra charge). Inspection * Property inspections will be conducted quarterly on the 1st of the month counted from the contract start date. Rental Price * IDR 495000000 per year (negotiable) Terms * Minimum 1-year contract A great choice for those seeking a comfortable and well-maintained villa for long-term living in Bali.,,Miwa Bombora GroupAgen KorporatNIB:912031824****,,https:/picture.rumah123.com/r123-images/300x300-crop/customer/773307/3ccf62a78b19daaf74faddbffc1db9b9.jpg,https://www.rumah123.com/properti/badung-umalas/3-bedroom-private-pool-villa-for-rent-fully-furnished-vlr235799/
For Rent Villa Baru 2 BR Furnihsed Lokasi Startegis Kedampang,Rp 325.000.000,year,Kerobokan Badung,2,2,,,,FOR RENT VILLA MINIMALIS MODERN LOKASI KEDAMPANG KEROBOKAN Luas tanah 100 m2 Luas bangunan 85m2 2 bed rooms 1 laundry room 1 powder room 1 closed living room 1 kitchen n dining room Swiming pool 1 car park Listrik 7700 Lebar jln 6 meter Carport : 1 car 1 motor - 3 menit ke internasional school - 30 menit ke Bandara internasional Ngurah Rai - 10 menit Canggu area Sudah banyak Tempat makan dan mini mart Yearly Rp 225.000.xxx Cleaning twice a week Gardener n pool,,Yuliana cecilliaAgen KorporatNIB:812001416****,,https:/picture.rumah123.com/r123-images/300x300-crop/customer/1790887/715f1fd536b719cffd467c1ce9e618ba.jpg,https://www.rumah123.com/properti/badung-kerobokan/for-rent-villa-baru-2-br-furnihsed-lokasi-startegis-kedampang-vlr158223/
Disewakan Villa Tenang 2 BR Dekat Pantai Yeh Gangga,Rp 190.000.000,year,Tabanan Tabanan,2,3,,,,Hunian Private dengan Nuansa Alam & Pantai Terletak di kawasan Pantai Yeh Gangga Sudimara Tabanan villa ini menawarkan suasana tinggal yang tenang dengan lingkungan alami khas pesisir Bali. Area ini dikenal lebih private dibanding kawasan wisata utama menjadikannya pilihan ideal bagi Anda yang menginginkan hunian nyaman jauh dari hiruk-pikuk kota. Lokasinya tetap mudah diakses dan semakin diminati sebagai kawasan hunian maupun villa rental karena kedekatannya dengan pantai serta perkembangan area Tabanan yang pesat. Spesifikasi Properti Luas Tanah: 150 m² Luas Bangunan: 73 m² 2 Kamar Tidur 2 + 1 Kamar Mandi Kolam renang pribadi 2 x 5 meter Listrik 3.500 watt Air sumur Hadap Barat Legalitas SHM Semi furnished Villa ini memiliki desain sederhana modern dengan tata ruang yang efisien menciptakan suasana tinggal yang nyaman dan fungsional. Keunggulan Properti v Lingkungan tenang dan private v Dekat kawasan Pantai Yeh Gangga v Cocok untuk hunian pribadi atau villa rental v Area berkembang dengan potensi investasi baik v Orientasi barat untuk menikmati suasana sunset yang hangat Kombinasi lokasi pesisir dan suasana alam menjadikan properti ini menarik bagi pencari hunian santai maupun investor yang melihat potensi rental di kawasan Tabanan. Pilihan Harga Sewa 1 Tahun: Rp 190 jt / tahun 2 Tahun: Rp 165 jt / tahun 5 Tahun: Rp 135 jt / tahun Semakin panjang masa sewa semakin menarik nilai investasinya. Villa dengan suasana private dekat pantai seperti ini semakin diminati di Bali Barat. Hubungi sekarang untuk detail lengkap dan jadwal survei lokasi.,,VAVAAgen KorporatNIB:912020578****,,https:/picture.rumah123.com/r123-images/300x300-crop/customer/4409617/3cadae3354d43d065792484cb84cce30.jpg,https://www.rumah123.com/properti/tabanan-tabanan/disewakan-villa-tenang-2-br-dekat-pantai-yeh-gangga-vlr233447/
Ready For Rent 4 B R Beautyfull Villa In Bumbak Umalas Bali,Rp 85.000.000,month,Umalas Badung,4,4,,,,BUMBAK - 4 BEDROOM VILLA FOR RENT VILLA DETAILS: - 4 Bedrooms - 4 Bathrooms - Fully Furnished - Enclosed Living Area - Car Park Available ✅ EVERYTHING INCLUDED: - WiFi - Housekeeping (6x per week) - Gardening Services - Pool Cleaning ❌ NOT INCLUDED: - Electricity - Laundry for Linen & Towels - Personal Amenities PRICING & DEPOSIT: - Monthly: IDR 85000000- - Yearly: IDR 858000000- - Security Deposit: IDR 25000000- Interested to view or have more questions? Send us a message now! :pray: #BumbakVilla #RentVillaBali #4BedroomVilla #BaliRental #VillaForRent #BumbakBali ADMIN : WA/CALL : ☎ 0813xxxxxxxx ☎ 0813xxxxxxxx *FOR MORE DETAILS PLEASE CHECK MY LISTING ON IT* ✅ ⁠*CHECK IT OUT*: ******** ✅ *CHECK IT OUT* : ******** ✅ *CHECK IT OUT* : ******** ✅ *CHECK IT OUT* : ******** ✅ *CHECK IT OUT* : ******** ✅ ********,,Marisa Dewi KamilaAgen IndependenNIB:031022005****,,https:/picture.rumah123.com/r123-images/300x300-crop/customer/1624134/2928eb36f43fbf9b523280ddea1954c6.jpg,https://www.rumah123.com/properti/badung-umalas/ready-for-rent-4-b-r-beautyfull-villa-in-bumbak-umalas-bali-vlr233439/
Villa Baru Siap Huni Dekat Pantai Double Six,Rp 190.000.000,year,Seminyak Badung,2,3,200 m²,100 m²,Lainnya,Terletak di Seminyak kawasan favorit yang menawarkan akses mudah ke pusat wisata hiburan dan fasilitas lainnya. Villa ini berada di lingkungan tenang aman dan tertata cocok untuk hunian pribadi pasangan keluarga kecil maupun ekspatriat yang menginginkan kenyamanan tinggal di area strategis Kuta. Lokasinya sangat ideal karena dekat dengan berbagai destinasi populer namun tetap memberikan suasana privat. Detail : Luas bangunan : 100m2 Luas tanah : 200m2 2 unit kamar tidur 2 unit kamar mandi dalam 1 kamar mandi luar 1 Ruang gudang/laundry 1 Kitchen/open living Kelengkapan : AC untuk di kamar Air panas/water heater Kompor Listrik 5.500 VA Dekat ke : 7 menit ke Bali Medical Seminyak 8 menit ke Pantai Double Six 10 menit ke La Favela Bali 11 menit ke RS Siloam 12 menit ke Seminyak Square 19 menit ke Bandara I Gusti Ngurah Rai 22 menit ke Finns Beach Club dan Atlas Beach Club Harga sewa : Rp. 190 juta / tahun *Minimal sewa 2 tahun,,JohnHokkyAgen KorporatNIB:121021004****,,https:/picture.rumah123.com/r123-images/300x300-crop/customer/1605825/819eb6ad5908847c09c504b2a9acf3db.jpg,https://www.rumah123.com/properti/badung-seminyak/villa-baru-siap-huni-dekat-pantai-double-six-hor40827185/
Villa Brand New Villa With Bay View In Jimbaran Bali,Rp 275.000.000,year,Villa Brand New Villa With Bay View In Jimbaran Bali | vlr233430,2,2,,,,Located in a quiet location and far from the crowds. Providing a serene tropical atmosphere with ocean views and comfortable interior design. Close to International Schools Jimbaran Beach Restaurants Four Seasons Resort 20 minutes to Ngurah Rai Airport. This one will catch your heart! Land Size	: 200 Sqm Building Size	: 180 Sqm Title		: Freehold (SHM) Facing		: North Year build	: 2025 Bedroom		: 2 Bathroom	: 2 Feature: AC Swimming pool Carport Garden Roof top Balcony Semi furnished Storage Kitchen Mini Bar Water heater Water tank Government water 7.700 watts electricity Detail: Paving Access Lease Price: IDR 275.000.xxx / year IDR 35.000.000 / Month (TANPA PERANTARA / NO BROKER),,Thara LoyalAgen KorporatNIB:150324025****,,https:/picture.rumah123.com/r123-images/300x300-crop/customer/47681/c2a616ba1ed3e09f469d76d7f5642460.jpg,https://www.rumah123.com/properti/badung-jimbaran/villa-brand-new-villa-with-bay-view-in-jimbaran-bali-vlr233430/
Leasehold - Yearly Villa For Rent In Kerobokan,Rp 200.000.000,year,Leasehold - Yearly Villa For Rent In Kerobokan | vlr233415,2,2,,,,LEASEHOLD - YEARLY VILLA FOR RENT IN KEROBOKAN Kelud Sunset Road Area Kerobokan * Enjoy comfortable tropical living in a prime location of Kerobokan - Kelud Sunset Road area close to Seminyak Sunset Road * Close to the shops restaurants and easy access to everywhere. Property Details: *Land Size: 200 m² *2 Bedrooms *2 Bathrooms *Cozy Living Room *Kitchen Area *Private Swimming Pool *Garage car *Electricity: 3500 Watt *Perfect for a couple or small family looking for a peaceful home in a strategic location. Price: IDR 200.000.xxx / a Year Strategic location in Kerobokan Kelud quiet neighborhood yet close to main road and lifestyle spots. for more information please contact us #jr#3#26#rmh-krb#rnt,,yuliaworklineAgen Independen,,https:/picture.rumah123.com/r123-images/300x300-crop/customer/608894/f4c72059bc995fbe5a8f333f3de5de96.jpg,https://www.rumah123.com/properti/badung-kerobokan/leasehold-yearly-villa-for-rent-in-kerobokan-vlr233415/
Sewa Villa Mewah,Rp 150.000.000,year,Jimbaran Badung,,2,,,,VILLA MODERN DENGAN KOLAM RENANG DI JIMBARAN JualSewa Rumah JL TAMAN GRIYA JIMBARAN KUTA - Badung LT 137 LB 127 KT 3 KM 2 Dimensi 6 x 10 Listrik 2200 Rp 2.300.000.xxx Rp 150.000.xxx SHM Hadap Timur Villa moderen 2 Lt Jimbaran 3 KT 2 Km Full Furnished Car port and Motor bike Living room TV Full equipment kitchen Working room Pool Price: 15 Million IDR/Month 85 million IDR/6 Month 150 Million IDR/Year 250 Million IDR/2 year Leasehold: 5 Year 500 Million IDR 15 Year 1.2 Billion IDR 25 Year 2 Billion IDR Freehold: 2.3 Billion IDR Include in the rent: Weekly cleaning & linen chani PDAM water Trash collection Pool Maintenance Not included: Electric water refill Gas ******** Untuk foto dan keterangan properti bisa klik link yang ada di bawahnya. Hubungi: YANUAR (NEJY0852xxxxxxxx Brighton Golden Denpasar - Bali ********,,YYANUARAgen KorporatNIB:912020578****,,https:/picture.rumah123.com/r123-images/300x300-crop/customer/4448926/d96659de3e28bdbe8ab10588686adb8e.jpg,https://www.rumah123.com/properti/badung-jimbaran/sewa-villa-mewah-vlr233407/
Villa Baru Nyaman Keren di Unggasan Bali,Rp 33.000.000,month,https://www.rumah123.com/properti/badung-ungasan/villa-baru-nyaman-keren-di-unggasan-bali-vlr233399/,2,2,,,,Kesempatan terbatas buat Anda dapatkan villa nyaman dengan return investasi tinggi di Ungasan Badung. Villa ini menawarkan kelengkapan fasilitas serta memiliki nilai tepat yang siap untuk segera Anda miliki utamanya bagi Anda yang mencari hunian di lokasi yang dekat dengan fasilitas umum. Detail Properti ini adalah: - Kamar Tidur: 2 - Kamar Mandi: 2 - Sertifikat: - - Air : PDAM Include : - Wifi - Sampah - Maintenance - ⁠fully furnished 2 bedroom - ⁠kitchen electronic equipment - ⁠kitchen set dining - ⁠towels and cotton bed sheets Tidak hanya itu namun properti ini juga memiliki keunggulan sebagai berikut: - Kolam renang pribadi. - Lokasi Strategis. Lokasi Strategis terletak di Ungasan properti ini memudahkan akses Anda ke fasilitas-fasilitas utama dan unggulan Harga yang sangat kompetitif yaitu Rp. 33.000.000 villa ini siap menjadi milik Anda! Nikmati segala kemudahan dan berbagai keunggulan menarik saat properti berkualitas ini milik Anda. Hubungi segera dan dapatkan informasinya ataupun cek unit!,,Michael NathanaelAgen KorporatNIB:812011713****,,https:/picture.rumah123.com/r123-images/300x300-crop/customer/4419628/f5180efc4d202492cad07c99f6851e43.jpg,https://www.rumah123.com/properti/badung-ungasan/villa-baru-nyaman-keren-di-unggasan-bali-vlr233399/
Disewakan Bulanan dan Tahunan Villa Tropis Suasana Ubud Fully Furnished di Jimbaran.,Rp 25.000.000,month,Disewakan Bulanan dan Tahunan Villa Tropis Suasana Ubud Fully Furnished di Jimbaran. | vlr233383,3,3,,,,Disewakan Bulanan Dan Tahunan Villa Tropis Suasana Ubud Fully Furnished di Jimbaran. Land size 360 m2 Building size 180 m2 Facilities: *️ 3 Bedrooms *️ 3 Bathrooms *️ Dining area *️ Living Area *️ Private Pool *️ Satellite TV *️ WIFI *️ Garden *️ Top Floor Open Pavilion *️ Hot Water in Each Bathroom & Kitchen *️ Air Conditioning in Each Bedroom *️ Full equipped Kitchen & utensils Electric (PLN) - 7.700 KWH Water Tank - 4.700 Lt-support by PDAM Storage Open Basement with bathroom Open Carport Monthly Inclusion: * Cleaning every 2 days a week pool maintenance. * Changing Bed sheet and make up bed every Monday. * Wifi Rates: Monthly: 25 million Yearly: 250million,,I Nengah Handika PutraAgen KorporatNIB:912000476****,,https:/picture.rumah123.com/r123-images/300x300-crop/customer/569284/dc6effda6fc61685564101d8ccedee3f.jpg,https://www.rumah123.com/properti/badung-jimbaran/disewakan-bulanan-dan-tahunan-villa-tropis-suasana-ubud-fully-furnished-di-jimbaran-vlr233383/
Brand New Fully-Furnished Villa In Sanur Bali,Rp 495.000.000,year,Brand New Fully-Furnished Villa In Sanur Bali | vlr233205,3,5,,,,Descriptions : - Land Size :200 m² - Building Size: 270 m² (2 story) - 3 Bedrooms | 3 Bathrooms | 2 Guest Toilets - Private Pool: ±21 m² - Electricity: 7700 W (PLN) - Groundwater with Filtration System - AC & Fans in All Bedrooms - Water Heaters in Each Bathroom - Wi-Fi Ready - Fully Furnished Interior - Leasehold 29-Years (Agreement in Place) - PBG and SLF in Process - Confirmation Letter Issued Real Walking Distance Highlights - 5 min to Coffee Shop - 6 min to Gym - 8 min to Beach - 8 min to Restaurant - 10 min to Grocery Store - 10 min to Pharmacy Scooter or Vehicle Times are Even Shorter. Rental Price : - IDR 25 mio/night (for daily rental) - IDR 45 mio/month (for monthly rental) - IDR 495 mio/year (for yearly rental) - IDR 55 bio (for 29 years leasehold),,ImmaculataAgen KorporatNIB:121021004****,,https:/picture.rumah123.com/r123-images/300x300-crop/customer/2026918/85129446503c03c4ada8314bb4f196a4.jpg,https://www.rumah123.com/properti/denpasar-sanur/strategic-premium-modern-beachside-villa-in-sanur-bali-vlr233205/
Yearly Rental5 Bedrooms Villa With Ocean View In Nusa Dua,Rp 545.000.000,year,Nusa Dua Badung,5,5,558 m²,350 m²,SHM,25 Yearly Rental 5 Bedrooms Villa With Ocean View In Nusa Dua 3 Minutes from Toll Bali Mandara (Highway) 3 Minutes from Supermarket Restaurants 10 Minutes from Bali Collection & ITDC 15 Minutes to the Airport 10 Minutes to Nusa Dua Beach Land Size 558m2 Building Size 350m2 5 Bedrooms 5 Bathrooms Living Room Kitchen & Dinning Electricity 10.500 Watt Swimming Pool 3m × 10m Rooftop With Ocean View * Fully Furnished * Service room with toilett and kitchen (for housekeeper) * Carport - parking place for 2 cars * One gate system with 24*7 security IDR 545 Million/Year OR4350/V77/DS/D2,,Deasy AngAgen Korporat,,https:/picture.rumah123.com/r123-images/300x300-crop/customer/796950/2024-04-27-15-49-09-f8ebf12d-5a96-4dad-887a-d7cf71d0a9b0.jpg,https://www.rumah123.com/properti/badung-nusa-dua/yearly-rental5-bedrooms-villa-with-ocean-view-in-nusa-dua-hor16971393/
Rumah Semi Villa For Monthly And Yearly Rental,Rp 22.000.000,month,Jimbaran Badung,,3,,,,Available for SALE & RENT fully furnished Located at Taman Jimbaran 5 mins from Ngurah Rai Immigration in Quiet Area (Free Flooding) Facilities : 3 bedroom 3 bathroom + 1 bathub 2 living room Swimming pool WiFi AC Water heater Dispenser Microwave Water kettle Rice Cooker Air Fryer Parking space Pool wifi nit,,IRENE (LYYC) IreneAgen KorporatNIB:121021004****,,https:/picture.rumah123.com/r123-images/300x300-crop/customer/972693/04efbbcb11c1130d6302b7aff4171b6a.jpg,https://www.rumah123.com/properti/badung-jimbaran/rumah-semi-villa-for-monthly-and-yearly-rental-vlr233310/
Sanur Beachside - Three-Bedroom Villa With Private Pool,Rp 62.000.000.000,year,Sanur Beachside - Three-Bedroom Villa With Private Pool | vlr233318,,3,,,,Sanur Beachside - Three-Bedroom Villa with Private Pool Beautiful three-bedroom villa located on the beachside of Sanur offering comfort and a prime location. 3 bedrooms 3 bathrooms Private swimming pool Leasehold: 27 years Land size: 330 sqm Building size: 165 sqm Location: Located on Jalan Kesari II Sanur. Approximately 15 minutes' walk to the beach near Maya Sanur Resort Walking distance to shops restaurants and amenities Asking Price: IDR 6.2 Billion Have a nice day.,,Hary HaryonoAgen Independen,,https:/picture.rumah123.com/r123-images/300x300-crop/customer/12485/e1c4b1dac2aa02753a28219c300899cb.jpg,https://www.rumah123.com/properti/denpasar-sanur/sanur-beachside-threebedroom-villa-with-private-pool-vlr233318/
Beautiful And Luxury Villa For Rent In Pererenan Badung Area,Rp 450.000.000,year,Beautiful And Luxury Villa For Rent In Pererenan Badung Area | vlr233316,3,3,,,,Beautiful and Luxury Villa walking distance to Pererenan Beach Canggu Located among Bali's premium hotspots from trendy cafés to iconic beach clubs such us: 4 mins to Pererenan Beach 5 mins to Lyma Beach 6 mins to La Brisa Land Size: 250 m2 Building Size: 300 m2 2 Floor Bedroom: 3 En-suit/ bathroom: 1 Bathroom/ guest toilet: 2 Service room: 1 Service toilet: 1 Dining dan Living: 1 Pool size: 8 m x 5 m round Semi Furnished Carpot / Garage Price for Rent: Rp. 450 Milion / year For those interested in this property please contact Grace at 0813xxxxxxxx,,Remax JayaAgen KorporatNIB:812001614****,,https:/picture.rumah123.com/r123-images/300x300-crop/customer/38769/44a0e6932db94bf823cdc33123fa16fd.jpg,https://www.rumah123.com/properti/badung-pererenan/beautiful-and-luxury-villa-for-rent-in-pererenan-badung-area-vlr233316/
Villa Batursari Sanur,Rp 205.000.000,year,Villa Batursari Sanur | vlr233306,1,2,,,,Westside Bypass Sanur (Jl. Batur Sari Sanur) Villa 2 bedrooms ensuite bathrooms Price IDR 200 million / year ( No Monthly Payment ) Private pool Fully Furnished Room Smart TV 43 inch Water heater Aircon in all rooms Equipped kitchen Garage 5 x 5 m Security deposit 10 million In The Jogging Track Prapat Beris / Ricefield onid agt twzz if,,IRENE (LYYC) IreneAgen KorporatNIB:121021004****,,https:/picture.rumah123.com/r123-images/300x300-crop/customer/972693/244023487fff2fd45c77a58d106e9f54.jpg,https://www.rumah123.com/properti/denpasar-sanur/villa-batursari-sanur-vlr233306/
Villa Cantik 2 Lantai di Kesiman Kertalangu Denpasar,Rp 225.000.000,year,Villa Cantik 2 Lantai di Kesiman Kertalangu Denpasar | vlr233291,3,3,300 m²,200 m²,SHM,DISEWAKAN VILLA CANTIK 2 LANTAI DI KESIMAN KERTALANGU DENPASAR DISEWAKAN Rp. 225 JT perTAHUN MIN SEWA 1 TAHUN LT : 300 M2 LB : 200 M2 SHM HADAP TIMUR VILLA 2 LANTAI FULL FURNISHED SWIMMING POOL R. TAMU R. MAKAN DAPUR 3 KAMAR TIDUR 3 KAMAR MANDI LISTRIK PASCA BAYAR 4.400 WATT AIR SUMUR BOR GARDEN KECIL AKSES JALAN 5 METER 5 MENIT KE DYATMIKA SCHOOL 10 MENIT JALAN KAKI KE PANTAI,,Meirina RajiantoAgen KorporatNIB:121021004****,,https:/picture.rumah123.com/r123-images/300x300-crop/customer/72508/223ea2121e80fd28d2b7f47d40889b0b.png,https://www.rumah123.com/properti/denpasar-denpasar-timur/villa-cantik-2-lantai-di-kesiman-kertalangu-denpasar-vlr233291/
✨ Peaceful 2Br Villa In Kerobokan | 200 Mbps Internet | 10 Min To Seminyak,Rp 23.000.000,month,✨ Peaceful 2Br Villa In Kerobokan | 200 Mbps Internet | 10 Min To Seminyak | vlr233273,2,2,,,,Prime Location - Only 10 minutes to Seminyak - 20 minutes to Canggu - Close to local markets and daily essentials - Bakery & small shops within walking distance - Restaurants & supermarket only 5 minutes away Villa Features: - 2 bedrooms with AC - 2 bathrooms (including bathtub) - Closed living room with AC Smart TV & beautiful skylight - Private swimming pool - Fully equipped kitchen - Working desk - Private car park - Fast & stable internet (200 Mbps) - Stunning wall paint design Standard Price: IDR 23 million / month Special discount available for long-term rental. ✅ Included: - Cleaning service 2x per week (linen & towel change 1x/week) - Pool maintenance 2x per week - Internet,,BNA PropertyAgen Korporat,,https:/picture.rumah123.com/r123-images/300x300-crop/customer/2098696/2934578cc00bab11a4f3b1e2785f3ff0.png,https://www.rumah123.com/properti/badung-kerobokan/peaceful-2br-villa-in-kerobokan-200-mbps-internet-10-min-to-seminyak-vlr233273/
Villa Freehold 2 Kamar Tidur dengan Kolam Renang Pribadi di Nyanyi (R-Tb12),Rp 35.000.000,month,Nyanyi Badung,,3,,,,Villa modern yang baru dibangun ini terletak di kawasan Nyanyi yang tenang dan sedang berkembang pesat. Berdiri di atas lahan seluas 140 m² dengan luas bangunan 160 m² yang terbagi dalam tiga lantai villa ini menawarkan tata ruang yang fungsional dan kontemporer ideal untuk pasangan keluarga kecil maupun penyewa jangka panjang. Properti ini memiliki dua kamar tidur dan tiga kamar mandi memberikan fleksibilitas serta kenyamanan tambahan bagi penghuninya. Area ruang tamu dengan konsep terbuka terhubung langsung dengan kolam renang pribadi berukuran 3 x 4 meter menciptakan pengalaman gaya hidup tropis yang menyatu antara ruang dalam dan luar. Dalam kondisi fully furnished dan berada di lingkungan yang tenang tanpa pembangunan di sekitar villa ini menawarkan privasi yang baik sekaligus hanya berjarak sekitar lima menit dari Pantai Nyanyi dan kurang lebih dua puluh menit dari pusat Canggu.,,BBBali Home BaseAgen Korporat,,https:/picture.rumah123.com/r123-images/300x300-crop/customer/2171415/1643167421979dd669df2cd020a93153.jpg,https://www.rumah123.com/properti/badung-nyanyi/villa-freehold-2-kamar-tidur-dengan-kolam-renang-pribadi-di-nyanyi-rtb12-vlr233268/
Villa Ketewel Open View Area Tenang,Rp 400.000.000,year,Sukawati Gianyar,3,3,300 m²,320 m²,SHM,DISEWAKAN VILLA TAMAN SARI KETEWEL SUKAWATI GIANYAR BALI DISEWAKAN Rp. 400 JT perTAHUN MIN SEWA 1 TAHUN LT : 300 M2 LB : 320 M2 SHM IMB HADAP SELATAN VILLA 2 LANTAI + ROOFTOP FULL FURNISHED SWIMMING POOL R. TAMU DAPUR KAMAR TIDUR KAMAR MANDI LISTRIK 7.500 VA AIR SUMUR BOR PARKIR AREA AKSES JALAN 5 METER,,Maria SimangunsongAgen KorporatNIB:121021004****,,https:/picture.rumah123.com/r123-images/300x300-crop/customer/2057965/c0b17aa2ef927dbb7157a438c974d5b0.png,https://www.rumah123.com/properti/gianyar-sukawati/villa-ketewel-open-view-area-tenang-vlr233242/
Disewakan Villa Cantik di Jimbaran bisa Sewa Bulanan,Rp 350.000.000,year,Disewakan Villa Cantik di Jimbaran bisa Sewa Bulanan | Rumah123,3,3,200 m²,600 m²,SHM,Kesempatan terbatas buat Anda dapatkan rumah strategis dengan return investasi tinggi di Kuta Selatan Badung. Rumah ini menawarkan kelengkapan fasilitas serta memiliki nilai tepat yang siap untuk segera Anda miliki utamanya bagi Anda yang mencari hunian di lokasi yang terjangkau. Kondisi properti ini sudah renovasi dan memiliki desain unik yang menambah daya tarik dan estetika properti ini. Rumah ini berada di wilayah strategis. Detail Properti ini adalah: - Kamar Tidur: 3 - Kamar Mandi: 3 - Sertifikat: SHM - Sertifikat Hak Milik - Kondisi Perabotan: Furnished Tidak hanya itu namun properti ini juga memiliki keunggulan sebagai berikut: - Sejuk. - Pemandangan Gunung. - Lokasi Bebas Banjir. Lokasi Strategis terletak di Kuta Selatan properti ini memudahkan akses Anda ke fasilitas-fasilitas utama dan unggulan. Harga yang sangat kompetitif yaitu Rp. 29.166.667 rumah ini siap menjadi milik Anda! Nikmati segala kemudahan dan berbagai keunggulan menarik saat properti premium ini milik Anda.,,Joiske LeksalaAgen KorporatNIB:912010324****,,https:/picture.rumah123.com/r123-images/300x300-crop/customer/1963907/0f6b6bce062f144d749f68dfc32c9cbe.jpg,https://www.rumah123.com/properti/badung-kuta-selatan/disewakan-villa-cantik-di-jimbaran-bisa-sewa-bulanan-hor41197693/
Canggu 2Bedroom Villa Yearly Rent,Rp 165.000.000,year,Canggu 2Bedroom Villa Yearly Rent | vlr233226,,2,,,,Padonan villa available ✨5 minutes from Baked Padonan - Land size: 150 sqm2 - Building size: 100 sqm - 2 Bedroom - 2 Bathroom - Parking area - Furnished - Swimming pool - Electricity 5500kwh - Drilled well water - WiFi - Closed living Price: 165 million/ years Code: D8,,Bali Gracious PropertyAgen Independen,,https:/picture.rumah123.com/r123-images/300x300-crop/customer/1791350/dfb130a7d8e3e4688619688bcb5e2d4a.jpg,https://www.rumah123.com/properti/badung-canggu/canggu-2bedroom-villa-yearly-rent-vlr233226/
High Yield Mediterranean Villa In Prime Zone Area Of Seminyak,Rp 57.000.000.000,year,High Yield Mediterranean Villa In Prime Zone Area Of Seminyak | vlr233224,3,4,,,,High-Yield Mediterranean Villa in Prime Seminyak Secure a great investment opportunity with this stylish Mediterranean-inspired villa located in the heart of Seminyak one of Bali's most popular areas for both lifestyle and rental returns. Designed with warm Mediterranean charm blended with Bali's tropical atmosphere this fully furnished 3-bedroom villa offers comfort elegance and strong rental potential. The property features a spacious living and dining area a fully equipped kitchen and three bedrooms with ensuite bathrooms. A private rooftop terrace and sunlit swimming pool create the perfect space for relaxing entertaining or enjoying Bali's beautiful sunsets. With a long lease and a strategic location close to beaches restaurants shopping and international schools this villa is an excellent choice for investors seeking stable returns in a high-demand area. Key Features: Building Size : 270 m² Land Size : 200 m² Bedrooms : 3 Bathrooms : 4 Zoning : Orange Build Year : 2024 Electricity : 7700 watts Furnishing : Fully Furnished Interior: Kitchen Fully Equipped Kitchen Living & Dining Room Sofa AC & TV Bathtub Exterior: Swimming Pool Parking Space Rooftop Balcony Small Garden Drill Water Excellent Location 10 minutes to Seminyak Beach 5 minutes to Bintang Supermarket 5 minutes to Bali Clinic 45 minutes to Ngurah Rai International Airport 5 minutes to Australian Independent School,,Fullers PropertiesAgen KorporatNIB:170323002****,,https:/picture.rumah123.com/r123-images/300x300-crop/customer/1971389/eb8d70f8b4831b7c3286444a0055e9e9.png,https://www.rumah123.com/properti/badung-seminyak/high-yield-mediterranean-villa-in-prime-zone-area-of-seminyak-vlr233224/
Villa Cantik 2 Lantai Siap Huni Disewakan di Area Pererenan Badung,Rp 450.000.000,year,Villa Cantik 2 Lantai Siap Huni Disewakan di Area Pererenan Badung | vlr233217,3,2,,,,,,Remax JayaAgen KorporatNIB:812001614****,,https:/picture.rumah123.com/r123-images/300x300-crop/customer/38769/f7001fecdaddaaa5602620c7b3f859c3.jpg,https://www.rumah123.com/properti/badung-pererenan/villa-cantik-1-lantai-siap-huni-disewakan-di-area-pererenan-badung-vlr233217/
Villa Cantik Siap Huni Fully Furnished di Tukad Balian Dekat Pantai Mertasari Sanur,Rp 350.000.000,year,Villa Cantik Siap Huni Fully Furnished di Tukad Balian Dekat Pantai Mertasari Sanur | Rumah123,3,3,270 m²,140 m²,Lainnya,DISEWAKAN VILLA CANTIK SIAP HUNI DI TUKAD BALIAN SANUR Detail : Luas Tanah : 270m2 Luas Bangunan : 140m2 Bangunan 1 Lantai 3 Kamar Tidur 3 Kamar Mandi Kolam Renang Big Garden Ruang Tamu Ruang Makan Listrik 5500 watt Air PDAM Hadap : Barat Fully Furnished Harga : 350 Juta/th Minimal Sewa 1 th Info Detail dan Survey Lokasi bisa Hubungi : Hemi Brahmani LJH Realty Kuta,,Hemi Brahmani BrahmaniAgen KorporatNIB:912000470****,,https:/picture.rumah123.com/r123-images/300x300-crop/customer/1605859/e07a0e96424280eb942957e1c4b9ba5a.jpg,https://www.rumah123.com/properti/denpasar-sanur/villa-cantik-siap-huni-fully-furnished-di-tukad-balian-dekat-pantai-mertasari-sanur-hor41157446/
Villa Cantik Kebun Luas di Tukad Balian Sanur Area Nyaman Siap Huni Fully Furnished,Rp 300.000.000,year,Villa Cantik Kebun Luas di Tukad Balian Sanur Area Nyaman Siap Huni Fully Furnished | Rumah123,2,2,270 m²,110 m²,Lainnya,DISEWAKAN VILLA CANTIK SIAP HUNI DI TUKAD BALIAN SANUR Detail : Luas Tanah : 270m2 Luas Bangunan : 110m2 Bangunan 1 Lantai 2 Kamar Tidur 2 Kamar Mandi Kolam Renang Big Garden Ruang Tamu Ruang Makan Listrik 4400 watt Air PDAM Hadap : Barat Fully Furnished Harga : 300 Juta/th Minimal Sewa 1 th Info Detail dan Survey Lokasi bisa Hubungi : Hemi Brahmani LJH Realty Kuta,,Hemi Brahmani BrahmaniAgen KorporatNIB:912000470****,,https:/picture.rumah123.com/r123-images/300x300-crop/customer/1605859/c9f082c2e5dc1d3e8c9d07ad25df1bad.jpg,https://www.rumah123.com/properti/denpasar-sanur/villa-cantik-kebun-luas-di-tukad-balian-sanur-area-nyaman-siap-huni-fully-furnished-hor41157481/
Disewakan Villa di KerobokanTinggal Bawa Koper,Rp 240.000.000,year,Disewakan Villa di KerobokanTinggal Bawa Koper | Rumah123,2,4,310 m²,200 m²,SHM,Rumah 2 lantai di Kuta Utara Badung. For rent rumah di wilayah yang tenang dengan pemandangan Perkampungan. Properti 2 lantai ini berada di lingkungan Dekat Pusat Bisnis. Kategorinya adalah sebagai berikut: - Kamar Tidur: 2 - Kamar Mandi: 4 - Sertifikat: SHM - Sertifikat Hak Milik - Kondisi Perabotan: Furnished Tentunya properti ini layak untuk anda dapatkan karena: - Perkampungan. - Dekat Pusat Bisnis. - City View. - Lokasi Bebas Banjir. Keberadaan rumah berikut mudah dijangkau hanya selangkah menuju berbagai fasilitas utama dan menarik. Hanya Rp. 0 anda dapat langsung dapatkan rumah istimewa di daerah Kuta Utara ini. Tersedia juga untuk rental period .,,Joiske LeksalaAgen KorporatNIB:912010324****,,https:/picture.rumah123.com/r123-images/300x300-crop/customer/1963907/4bdbed31f0f23e6c5c5fc0fa69b56870.jpg,https://www.rumah123.com/properti/badung-kuta-utara/disewakan-villa-di-kerobokantinggal-bawa-koper-hor41197189/
Villa Bagus 2 Lantai di Pratama Tanjung Benoa Badung Bali,Rp 275.000.000,year,Villa Bagus 2 Lantai di Pratama Tanjung Benoa Badung Bali | vlr233200,3,3,155 m²,175 m²,SHM,DISEWAKAN VILLA BEACH FRONT PRATAMA TANJUNG BENOA BADUNG BALI DISEWAKAN Rp. 275 JT perTAHUN MIN SEWA 1 TAHUN LT : 155 M2 LB : 175 M2 SHM VILLA 2 LANTAI FULL FURNISHED SWIMMING POOL R. TAMU DAPUR KAMAR TIDUR KAMAR MANDI LISTRIK 16.500 WATT AIR PDAM PARKIR AREA AKSES JALAN 5 METER # OPSI VILLA : DISEWAKAN Rp. 200 JT perTAHUN MIN SEWA 3 TAHUN LT : 110 M2 LB : 140 M2 VILLA 2 LANTAI FULL FURNISHED SWIMMING POOL R. TAMU DAPUR KAMAR TIDUR KAMAR MANDI LISTRIK 10.000 WATT AIR PDAM PARKIR AREA AKSES JALAN 5 METER note : 1 MENIT JALAN ke PANTAI.,,Emilia FinantaAgen KorporatNIB:121021004****,,https:/picture.rumah123.com/r123-images/300x300-crop/customer/1782274/182d2b2c1b9ee813381b714c18423e9b.jpg,https://www.rumah123.com/properti/badung-kuta-selatan/villa-bagus-2-lantai-di-pratama-tanjung-benoa-badung-bali-vlr233200/
Villa3 Bedroom Near Bali Mma,Rp 265.000.000,year,Canggu Badung,,3,,,,Padonan Villa Available ✨3 minutes from Bali MMA - Land: 170 sqm - Building: 250 sqm - 3 bedroom - 3 bathroom - Full furnished - Balcony - Parking area - swimming pool 3x6 m - Storeroom - Electricity 5500 kWh - Drilled well water - WiFi Price: 265 million/ years Code: D7,,Bali Gracious PropertyAgen Independen,,https:/picture.rumah123.com/r123-images/300x300-crop/customer/1791350/7faeb8206f38196044be4c51ee6a1c66.jpg,https://www.rumah123.com/properti/badung-canggu/villa3-bedroom-near-bali-mma-vlr233190/
Villa Disewakan - Villa Private Premium Dekat Babakan Canggu,Rp 395.000.000.000,year,Villa Disewakan - Villa Private Premium Dekat Babakan Canggu | vlr235853,3,3,,,,Villa Private Modern Tropis - Babakan Canggu Villa pribadi bergaya modern tropis berlokasi di kawasan Babakan North Kuta area hunian yang tenang dan berkembang pesat. Cocok untuk hunian jangka panjang maupun investasi aman dengan akses mudah ke Canggu dan Seminyak. Detail Properti: - Luas tanah / bangunan: 115 m² / 111 m² - 3 Kamar tidur - 3 Kamar mandi - 1 Ruang kantor (bisa jadi kamar tambahan) - Kolam renang 3 x 5 m - Living & dining minimalis - Dapur minimalis - 3 Ruang gudang - Fully furnished Fasilitas: - Carport tersedia - Listrik 5.500 watt - Air sumur bor - Akses jalan lebar dua sisi (hook/corner lot) Lokasi: Babakan North Kuta - dekat Canggu & area lifestyle Harga: IDR 3.950.000.xxx Villa nyaman privat dan strategis untuk tinggal atau investasi. Hubungi kami untuk info lebih lanjut & jadwal survei.,,Devata Agung PropertyAgen KorporatNIB:190924012****,,https:/picture.rumah123.com/r123-images/300x300-crop/customer/4407900/f07163be0a076d910d1b43f359ad0b98.jpg,https://www.rumah123.com/properti/badung-dalung/villa-disewakan-villa-private-premium-dekat-babakan-canggu-vlr235853/
Villa Modern Minimalis 3 Lantai di Bidadari Kerobokan,Rp 220.000.000,year,Villa Modern Minimalis 3 Lantai di Bidadari Kerobokan | vlr235848,3,3,100 m²,245 m²,SHM,DISEWAKAN VILLA SOL BIDADARI KEROBOKAN BADUNG BALI DISEWAKAN Rp. 220 JT perTAHUN MIN SEWA 1 TAHUN LT : 100 M2 LB : 245 M2 SHM IMB HADAP UTARA VILLA 3 LANTAI + ROOFTOP FULL FURNISHED SWIMMING POOL R. TAMU DAPUR KAMAR TIDUR KAMAR MANDI LISTRIK 10.600WATT AIR SUMUR BOR PARKIR AREA -	Internet MTM 333.000 Rp/month and Cable TV	depends on the packet -	Staff Quarter/(Maid)	 6 days a week ( around 3.000.000 Rp/month) or 3 days a week ( around 1.500.000 Rp/month) -	Pool Maintenance	 600.000 Rp. per month -	Banjar Fee			 Rp. 100.000 per month -	Trash Collection Fee	 Rp. 150.000 per month -	Gardener			 150.000 Rp per Visit -	AC Maintenance 		 Rp. 100.000 per unit every 3 months,,Efa RistaAgen KorporatNIB:121021004****,,https:/picture.rumah123.com/r123-images/300x300-crop/customer/807564/61b9cb1e3ad43b36f05ab9d007b6679c.jpg,https://www.rumah123.com/properti/badung-kuta-utara/villa-modern-minimalis-3-lantai-di-sol-bidadari-kerobokan-badung-bali-vlr235848/
Villa For Rent Fully Furnish 3 + 1 Bedrooms Umalas,Rp 300.000.000,year,Badung,4,4,,,,Villa For Rent 3 + 1 Bedrooms Umalas Jarak: 1 menit ke Amare padel club Uamalas 2 menit ke pepoto express Umalas 8 menit ke Attlas Beach & FINNS beach club Details: - Land size 150 m2 - Building size 210 m2 - 3bedrooms + 3ensuite - 1 powder room - livingroom & dinning - full furnished - 4 airconditioner - water heater - swimmingpool - 1staff bedroom - 1staff bathroom - parking area 300 Million/year PPP 6948,,Agen Properti di Tangerang,,https:/picture.rumah123.com/r123-images/300x300-crop/customer/2128100/e443e084f518d650f5dc8039b1f20660.jpg,https://www.rumah123.com/properti/badung-umalas/villa-for-rent-fully-furnish-3-1-bedrooms-umalas-vlr230226/
Furnished Wooden 2Br Villa For Rent In Canggu With Private Pool,Rp 250.000.000,year,Furnished Wooden 2Br Villa For Rent In Canggu With Private Pool | vlr233263,2,3,,,,Tropical Wooden Villa with Rooftop View in Quiet Buduk Canggu - Long Term Rental Yearly Contract (Pet Friendly) This long term villa rental Canggu offers a comfortable tropical living setup in Buduk ideal for tenants seeking a yearly villa rental Bali option in a quieter part of Canggu. Designed for practical long-term living this property suits couples or remote workers looking for stable long term accommodation Bali with private pool and pet-friendly policy. If you are searching for long term villas for rent Bali or a house in Bali for rent long term away from central traffic this villa is worth considering. Property Specifications - 2 Storey - Land size: 200 sqm - 2 Bedrooms with ensuite bathrooms - 1 Guest toilet - Private swimming pool - Open living room - Open kitchen area - Drilled well water - Rooftop - Garden - Parking space for motorbikes - Pet allowed - Wooden villa concept Suitable for tenants seeking: - Long term rental Canggu - Bali long stay rentals - Villa for lease Bali - Bali property for lease Location - Buduk Canggu Area Located in Buduk a quieter residential part of Canggu this villa offers convenient access to daily lifestyle spots while maintaining privacy. Nearby destinations: - 1 minute to Beat & Brew (coffee shop) - 3 minutes to Pizza Tuka - 4 minutes to La Tropica Canggu - 5-8 minutes to Seseh area - 16 minutes to La Brisa Bali - 16 minutes to Seseh Beach - 21 minutes to Tanah Lot This location works well for tenants looking at Canggu villas for rent villas to rent in Canggu Bali or Canggu Bali rentals with easier access and less congestion than central Batu Bolong. Rental Status & Terms - Price: IDR 250 Million per year - Yearly rental only with upfront payment - Suitable for long term lease Bali arrangement This is a solid option for tenants seeking long term villa Bali or those planning to rent a villa in Canggu Bali for extended stay. If you are seriously looking for a long term villa rental Canggu or a reliable yearly rental Bali contact us directly via WhatsApp for viewing schedule and full details. Serious inquiries only. [VICCJR-299],,Tionar ManikAgen KorporatNIB:812001416****,,https:/picture.rumah123.com/r123-images/300x300-crop/customer/1898857/dd37ea5ce03f46f9cb26e413ce5102e4.jpg,https://www.rumah123.com/properti/badung-canggu/furnished-wooden-2br-villa-for-rent-in-canggu-with-private-pool-vlr233263/
Villa Bali Cliff Ungasan Badung Bali,Rp 379.000.000.000,day,Villa Bali Cliff Ungasan Badung Bali | vlr233184,2,2,230 m²,168 m²,SHM,LEASEHOLD VILLA BALI CLIFF UNGASAN BADUNG BALI HARGA START Rp. 3.795 M / $ 230.00 USD UNTUK 20 TAHUN LT : 230 M2 LB : 168 M2 SHM HADAP SELATAN VILLA 1 LANTAI FULL FURNISHED SWIMMING POOL R. TAMU DAPUR KAMAR TIDUR KAMAR MANDI HALAMAN PARKIR AREA AKSES JALAN 5 M,,Ibon RawsthorneAgen KorporatNIB:121021004****,,https:/picture.rumah123.com/r123-images/300x300-crop/customer/1646431/b1293f99b18d779a37ceb2c481e862bf.jpg,https://www.rumah123.com/properti/badung-kuta-selatan/villa-bali-cliff-ungasan-badung-bali-vlr233184/
Villa Disewa Bagus Ada Kolam Renang di Area Canggu Bali 88,Rp 28.000.000,month,Villa Disewa Bagus Ada Kolam Renang di Area Canggu Bali 88 | vlr211152,3,3,,,,Luas Tanah: 200 m² Luas Bangunan: 160 m² Kamar Tidur: 3 Kamar Mandi: 3 Bangunan: 2 lantai Kondisi: Furnished Listrik: 5.500 watt Carport: 1 mobil + 5 motor Harga Sewa: Rp 28 Juta / bulan OPI 88,,Agen Properti di Tangerang,,https:/picture.rumah123.com/r123-images/300x300-crop/customer/1754540/328622fb82e65d9c86a3b228ec615d74.jpg,https://www.rumah123.com/properti/badung-canggu/villa-disewa-bagus-ada-kolam-renang-di-area-canggu-bali-88-vlr211152/
Serene Four Bedroom Villa In Kaba-Kaba With Endless Ricefield Views,Rp 59.000.000.000,year,Kaba kaba Tabanan,4,4,,,,Introducing a serene four-bedroom villa in Kaba-Kaba with endless ricefield views perfect for families seeking space comfort and a peaceful lifestyle. This fully furnished villa offers stylish interiors and functional layouts ready for immediate move-in. Featuring four spacious bedrooms a dedicated office and a laundry room it combines privacy comfort and convenience. Large windows and open living spaces fill the home with natural light and showcase the surrounding greenery. Set in a quiet neighborhood the villa provides panoramic ricefield views creating a tranquil connection to nature. Thoughtful amenities and a family-friendly design make this villa an exceptional choice for relaxation and Bali's timeless charm. Key Features: 247 m² building size 400 m² land size Yellow Zone Built in 2025 4 bedrooms 4 bathrooms 7700 W electricity Full-Furnish Interior: Kitchen Kitchen Equipped Living & Dining Room AC & TV Sofa Exterior: Swimming Pool Parking Space Rooftop Garden Ricefields View Sunset & Mountain Views Drill Water Excellent Location: 500 m from New International School Steinher/Waldorf 10 min from Nuanu International School 5 min from Skywalker International School 10 min from Canggu Batu Bolong 10 min from Seseh Beach,,Fullers PropertiesAgen KorporatNIB:170323002****,,https:/picture.rumah123.com/r123-images/300x300-crop/customer/1971389/501d655c1c0fed9693bfd1bc0167f1db.jpg,https://www.rumah123.com/properti/tabanan-kaba-kaba/serene-four-bedroom-villa-in-kabakaba-with-endless-ricefield-views-vlr233178/
Disewakan Villa 14 Kamar Jangka Panjang 20 Th Dipurigading Jimbaran Badung Bali,Rp 20.000.000.000,year,Disewakan Villa 14 Kamar Jangka Panjang 20 Th Dipurigading Jimbaran Badung Bali | vlr235989,14,14,,,,Dikontrakkan villa jangka 20 tahun Dipurigading jimbaran Kuta Selatan Badung Bali Jln purigading Luas tanah 2000 M² Full bangunan Terdiri dari 13 unit villa 14 kamar tidur Tiap villa ada kolam renang Fully furnished Office Restaurant Spa Parkiran Akses jalan mobil papasan Harga global selama 30 tahun 2000xxxxxxxx Info lanjut hubungi: Iketut ribun blaaarproperti ********,,Iketut ribunAgen IndependenNIB:220424013****,,https:/picture.rumah123.com/r123-images/300x300-crop/customer/1507841/883ae51a3e2d94c6ef252383d9be1290.jpg,https://www.rumah123.com/properti/badung-jimbaran/disewakan-villa-14-kamar-jangka-panjang-20-th-dipurigading-jimbaran-badung-bali-vlr235989/
Noody Loft By Local Property Team,Rp 20.000.000,month,https://www.rumah123.com/properti/badung-canggu/noody-loft-by-local-property-team-vlr235986/,1,1,,,,Noody Loft By Local Property Team Enjoy a Modern Loft-Style Villa with Private Pool in Prime Canggu Location. Step into your own slice of paradise with this stylish private loft villa thoughtfully designed for solo travelers or couples seeking a peaceful retreat in the heart of Canggu. Nestled in a boutique complex of loft-style villas this fully private residence offers all the comfort and convenience of modern Bali living just minutes from the area's most popular cafes boutique stores and nightlife.,,Brennan HillAgen IndependenNIB:110625007****,,https:/picture.rumah123.com/r123-images/300x300-crop/customer/4400940/7313af470c8aee9c60c5e8b11153a3a9.webp,https://www.rumah123.com/properti/badung-canggu/noody-loft-by-local-property-team-vlr235986/
Villa Byu By Local Property Team,Rp 20.000.000,month,https://www.rumah123.com/properti/badung-canggu/villa-byu-by-local-property-team-vlr235984/,1,1,,,,Villa Byu By Local Property Team Welcome to Villa Byu your private loft escape with pool in Canggu. Designed for couples or solo travellers this modern Bali hideaway combines sleek architecture with tropical charm. Tucked within an intimate collection of villas it offers a peaceful retreat while keeping you just steps away from Canggu's vibrant cafés restaurants and nightlife.,,Brennan HillAgen IndependenNIB:110625007****,,https:/picture.rumah123.com/r123-images/300x300-crop/customer/4400940/b465ef2f5de7ccbe9df7d399915669fe.webp,https://www.rumah123.com/properti/badung-canggu/villa-byu-by-local-property-team-vlr235984/
For Rent 2 Bedrooms Villa In Mumbul Nusa Dua,Rp 175.000.000,year,Nusa Dua Badung,,2,,,,Dikontrakan vila 2 bedroom Lokasi mumbul nusa dua 2 bedroom 2 batroom Pool Livingrom Listrik 3500 Jalan 5 mater Air sumur bor central Listrik 3500 Wifi GEDIP 0.2.8,,PeterAgen IndependenNIB:190422003****,,https:/picture.rumah123.com/r123-images/300x300-crop/customer/1873961/2e91557847ecfb4956c59ab5df44d86c.jpg,https://www.rumah123.com/properti/badung-nusa-dua/for-rent-2-bedrooms-villa-in-mumbul-nusa-dua-vlr235982/
Villa Sewa 2 Bed Room Furnished Land Size 25 Are In Sanur Beachside,Rp 385.000.000,year,Villa Sewa 2 Bed Room Furnished Land Size 25 Are In Sanur Beachside | vlr235981,2,2,,,,VILLA FOR RENT IN SANUR BEACHSIDE Property Details: - Land size2.5 are (256 m²) - Building size: 108 m² - 2 Bedrooms - 2 Ensuite Bathrooms - Guest toilet - Closed living room & kitchen (fully enclosed comfortable for AC) - 3 AC units + fans - Electricity: 7700 Watt - Water source: Well water - Storage room - Indoor private garage - Fully furnished - Brand new condition Harga 385 million a year,,i putu gede kurniawan tu sanuraAgen KorporatNIB:290124005****,,https:/picture.rumah123.com/r123-images/300x300-crop/customer/1506269/4d26b098e8ea77633a61abd809292810.jpg,https://www.rumah123.com/properti/denpasar-sanur/villa-sewa-2-bed-room-furnished-land-size-25-are-in-sanur-beachside-vlr235981/
3Br Villa Beachside Sanur Area Yearly Rental [Sbp 1533],Rp 285.000.000,year,3Br Villa Beachside Sanur Area Yearly Rental [Sbp 1533] | vlr235979,3,3,,,,BEACHSIDE SANUR - YEARLY RENTAL Price: IDR 285 Million / Year. Beautiful 3-bedroom villa located in a quiet residential area in central Sanur. The villa is only 7 minutes walking distance to the beach and close to many restaurants coffee shops and supermarkets making it a very convenient place to live. Property Details: Land size: 3.25 Are Electricity: 5500 kWh Well water 3 Bedrooms 3 Bathrooms Open kitchen and living room Storage room Laundry room Guest toilet Private parking The villa offers a comfortable tropical living atmosphere in a peaceful area while still being close to all daily necessities and the beach.,,Ni Made OrniariAgen Independen,,https:/picture.rumah123.com/r123-images/300x300-crop/customer/1709859/a443c243973ec011bd22e231e0eef7f7.jpg,https://www.rumah123.com/properti/denpasar-sanur/3br-villa-beachside-sanur-area-yearly-rental-sbp-1533-vlr235979/
Villa Sewa 3 Kamar Lahan 400M2 Furnished Lokasi Sanur,Rp 300.000.000,year,Villa Sewa 3 Kamar Lahan 400M2 Furnished Lokasi Sanur | vlr235902,3,3,,,,VILLA FOR RENT IN SANUR Luas tanah : 400 m2 Luas bangunan 155 m2 Kamar tidur 3 kmr Kamar Mandi 3 Kamar pembantu 1 Kolan renang 1 Listrik 7700 kwh Air sumur bor Garase Ruang tamu 1 Kitchen 1 Halaman luas Tempat bilas 1 Water hitter Air sumur filter double tube Harga 300 juta pertahun,,i putu gede kurniawan tu sanuraAgen KorporatNIB:290124005****,,https:/picture.rumah123.com/r123-images/300x300-crop/customer/1506269/c18a59e4baff425efd306be15969fd7b.jpg,https://www.rumah123.com/properti/denpasar-sanur/villa-sewa-3-kamar-lahan-400m2-furnished-lokasi-sanur-vlr235902/
Villa Full Furnish Disewakan Lokasi Munggu,Rp 35.000.000,day,https://www.rumah123.com/properti/badung-munggu/villa-full-furnish-disewakan-lokasi-munggu-vlr235894/,2,2,,,,VILA EK BESI KP0049 Vila Cantik dan Nyaman 2KT Baru di Seseh. Vila ini dibuat dengan tangan menggunakan kayu reklamasi dan ubin buatan lokal. - 2 kamar tidur dengan kamar mandi dalam - 3 menit dari Pantai Seseh - Perabotan lengkap - Ruang tamu tertutup - Dapur lengkap - Kolam renang pribadi dan taman - Sistem penyaring air - Wifi berkecepatan tinggi - Daerah yang tenang Layanan meliputi: Pembersihan 2x per minggu 1 x penggantian linen 2 x petugas kolam renang & tukang kebun Rp. 35.000.000 per bulan Sewa panjang untuk dibicarakan,,Kaafi PropertyAgen IndependenNIB:170423006****,,https:/picture.rumah123.com/r123-images/300x300-crop/customer/4416549/406be1ba51e6485704e1962ae2f7071d.png,https://www.rumah123.com/properti/badung-munggu/villa-full-furnish-disewakan-lokasi-munggu-vlr235894/
2 Bedroom Villa For Rent In Seminyak,Rp 300.000.000,year,2 Bedroom Villa For Rent In Seminyak | vlr235891,2,2,250 m²,245 m²,SHM,Cozy 2 Bedroom Villa For Rent In Prime Seminyak Location Comfortable and fully furnished villa located in a prime area of Seminyak close to popular restaurants cafes shops and other commercial attractions. This property is ideal for those looking for a private and convenient living space in one of Bali's most sought-after locations. Property Details: Land size: 250 m² Building size: 245 m² Bedrooms: 2 Bathrooms: 2 Electricity: 7700 watt Private pool Living room Fully equipped kitchen Fully furnished Rental Price: Yearly: IDR 300 Million (negotiable) Monthly: IDR 285 Million Location: Prime location in Seminyak close to the commercial area restaurants cafes and lifestyle destinations. Contact: Venven 0812xxxxxxxx stevaniventiana569@********,,RE/MAX JAYA CANGGUAgen KorporatNIB:812001614****,,https:/picture.rumah123.com/r123-images/300x300-crop/customer/1964324/13a85b13ef59bff07ac4aaea43583eaf.png,https://www.rumah123.com/properti/badung-seminyak/2-bedroom-villa-for-rent-in-seminyak-vlr235891/
New Brand Villa 3 Bedrooms At Sanur Area For Rent,Rp 350.000.000,year,New Brand Villa 3 Bedrooms At Sanur Area For Rent | vlr235889,,3,,,,New Villa for Rent Pengiyasan Sanur 3 Bedroom 1 Storage Room 1 maid Room Pengiyasan Sanur Bali Details : - Land 230 M - ⁠Building 300 M - 3 Bedroom - ⁠1 maid Room - 4 Bathroom - Living Room - Kitchen - Pool - Laundry Room - Garage - Small Garden - Electricity 7700 - Drilled Well Water - Fully Furnished - Brand New Villa Prime Location - Easy Car Access: - Central Sanur - 5 minutes - ICON Bali Mall - 5 minutes - Sanur Beachwalk - 5 minutes - International ⁠Airport Ngurah Rai - 30 minutes - ⁠Bali International Hospital - 10 minutes Price 350 juta/tahun(350 million/year) Note: Minimum rent 2 years upfront payment anton 0877xxxxxxxx,,AAntonAgen IndependenNIB:070725005****,,https:/picture.rumah123.com/r123-images/300x300-crop/customer/1123295/2b8a24308e25a51d893239a83b6d13b0.jpg,https://www.rumah123.com/properti/denpasar-sanur/new-brand-villa-3-bedrooms-at-sanur-area-for-rent-vlr235889/
Villa 2 Bedroom Area Sanur Kauh 5 Menit ke Pitaloka,Rp 250.000.000,year,Villa 2 Bedroom Area Sanur Kauh 5 Menit ke Pitaloka | vlr235871,2,2,,,,Villa 2 Bedroom Sanur Kauh 5 menit ke Pitaloka Luas tanah 150 m² Luas bangunan 100 m² 2 Bedroom 2 Bathroom Living room Kitchen 1 Pool 1 Carport 1 Air sumur bor Listrik 1300 2 meteran Harga setahun : 250jt Minimal sewa 2 tahun 5 menit jalan kaki ke Pitaloka 5 menit ke rs bali mandara 15 menit ke pantai mertasari,,GUNG CANDRA (XLEB)Agen KorporatNIB:912020578****,,https:/picture.rumah123.com/r123-images/300x300-crop/customer/1796467/4369fb881fcd6569f2f87bacd77bee33.jpg,https://www.rumah123.com/properti/denpasar-sanur-kauh/villa-2-bedroom-area-sanur-kauh-5-menit-ke-pitaloka-vlr235871/
Disewa Villa Jalan Raya Padonan Kuta Utara Full Furnished,Rp 280.000.000,year,Tibubeneng Badung,2,2,260 m²,160 m²,SHM,DISEWA VILLA JALAN RAYA PADONAN KUTA UTARA FULL FURNISHED Sewa Villa JALAN RAYA PADONAN - Badung LT 260 LB 160 KT 2 KM 2 Listrik 7700 Rp 280.000.xxx SHM Hadap Timur disewa villa Jalan raya Padonan Kuta Utara Full Furnished berlokasi di Jalan raya Padonan Desa / kelurahan : Tibubeneng Kecamatan : Kuta Utara Kabupaten : Badung selling point : Full Furnished; Siap Huni; Bebas Banjir; Dekat Fasilitas Kesehatan; Dekat Tempat Wisata spesifikasi - orientasi menghadap : timur - luas tanah : 260 m2 - luas bangunan : 160 m2 - kamar tidur : 2 - kamar mandi : 2 fitur - listrik : 7.700 VA - air : Sumur Bor - jumlah lantai : 1 - carport : 4 - sertifikat : SHM - Sertifikat Hak Milik - kondisi properti : Bagus - kondisi perabotan : Furnished catatan : Private road access with a big carport. Quiet environment on a dead-end street with no passing traffic. Strategic location between Kerobokan and Canggu close to restaurants and entertainment spots. Rental Price Minimum lease: 2 years - Rp 300 million / year 3-year lease: Rp 280 million / year Leasehold Sale Leasehold price: Rp 3350000000 Remaining lease term: 21 years Expires: 1 October 2046 Extension possible harga : 280.000.xxx periode sewa : per tahun minimal masa sewa : 2 tahun ##VR8689,,Bagus SetiawanAgen KorporatNIB:912020578****,,https:/picture.rumah123.com/r123-images/300x300-crop/customer/1748389/63f636caa786a975aea43ce6ea7d9fd0.png,https://www.rumah123.com/properti/badung-tibubeneng/disewa-villa-jalan-raya-padonan-kuta-utara-full-furnished-vlr235888/
Disewa Villa Puri Gading Jimbarab Kuta Selatan Full Furnished,Rp 150.000.000,year,Jimbaran Badung,4,3,150 m²,200 m²,SHM,DISEWA VILLA PURI GADING JIMBARAB KUTA SELATAN FULL FURNISHED Sewa Villa JALAN BLONGKEKER GG ARJUNA - Badung LT 150 LB 200 KT 4 KM 3 Listrik 4400 Rp 150.000.xxx SHM Hadap Selatan disewa villa Puri gading jimbarab Kuta Selatan Full Furnished berlokasi di Puri gading jimbarab Desa / kelurahan : Jimbaran Kecamatan : Kuta Selatan Kabupaten : Badung selling point : Full Furnished; Siap Huni; Bebas Banjir; Dekat Akses Bandara; Dekat Pusat Perbelanjaan; Dekat Sekolah Internasional; Dekat Fasilitas Kesehatan; Dekat Tempat Wisata spesifikasi - orientasi menghadap : selatan - luas tanah : 150 m2 - luas bangunan : 200 m2 - kamar tidur : 4 - kamar mandi : 3 fitur - listrik : 4.400 VA - air : PDAM - jumlah lantai : 2 - carport : 2 - sertifikat : SHM - Sertifikat Hak Milik - kondisi properti : Bagus - kondisi perabotan : Furnished catatan : - 4 ensuite bedroom - fully furnished include electronic - swimming pool - kitchen set - cluster area - water heater harga : 150.000.xxx periode sewa : per tahun minimal masa sewa : 3 tahun #VR8686,,Bagus SetiawanAgen KorporatNIB:912020578****,,https:/picture.rumah123.com/r123-images/300x300-crop/customer/1748389/a2a6a9a80aa76c6bffe800d400652e2a.png,https://www.rumah123.com/properti/badung-jimbaran/disewa-villa-puri-gading-jimbarab-kuta-selatan-full-furnished-vlr235887/
Disewa Villa Jalan Gemitir Biaung Denpasar Timur Full Furnished,Rp 285.000.000,year,Disewa Villa Jalan Gemitir Biaung Denpasar Timur Full Furnished | vlr235886,3,4,150 m²,160 m²,SHM,DISEWA VILLA JALAN GEMITIR BIAUNG DENPASAR TIMUR FULL FURNISHED Sewa Villa JALAN GEMITIR BIAUNG - Denpasar LT 150 LB 160 KT 3 KM 4 Listrik 7700 Rp 285.000.xxx SHM Hadap Utara disewa villa Jalan Gemitir Biaung Denpasar Timur Full Furnished berlokasi di Jalan Gemitir Biaung Desa / kelurahan : Kesiman Kertalangu Kecamatan : Denpasar Timur Kabupaten : Denpasar selling point : Full Furnished; Siap Huni; Bebas Banjir; Dekat Akses Pelabuhan; Dekat Fasilitas Kesehatan; Dekat Tempat Wisata spesifikasi - orientasi menghadap : utara - luas tanah : 150 m2 - luas bangunan : 160 m2 - kamar tidur : 3 - kamar mandi : 4 fitur - listrik : 7.700 VA - air : Sumur Bor - jumlah lantai : 3 - carport : 1 - sertifikat : SHM - Sertifikat Hak Milik - kondisi properti : Bagus - kondisi perabotan : Furnished catatan : - only 10 minutes to SANUR - 5 minutes to the beach - 3 Bedrooms - 4 Bathrooms - Private Swimming Pool - Rooftop - Kitchen - Full Furnished - Living room - Fully equipped kitchen - Short dead-end road - very quiet & safe - monthly rent available for IDR 30 million (include cleaning 1x per week wifi pool maintenance) harga : 285.000.xxx periode sewa : per tahun minimal masa sewa : 1 tahun #VR7906,,Bagus SetiawanAgen KorporatNIB:912020578****,,https:/picture.rumah123.com/r123-images/300x300-crop/customer/1748389/cae9b135a2a87320bc29791216393754.png,https://www.rumah123.com/properti/denpasar-denpasar-timur/disewa-villa-jalan-gemitir-biaung-denpasar-timur-full-furnished-vlr235886/
Disewa Villa Jalan Pantai Berawa Kuta Utara Full Furnished,Rp 300.000.000,year,Tibubeneng Badung,3,3,200 m²,100 m²,SHM,DISEWA VILLA JALAN PANTAI BERAWA KUTA UTARA FULL FURNISHED Sewa Villa JL PANTAI BERAWA - Badung LT 200 LB 100 KT 3 KM 3 Listrik 5500 Rp 300.000.xxx SHM Hadap Selatan disewa villa Jalan pantai berawa Kuta Utara Full Furnished berlokasi di Jalan pantai berawa Desa / kelurahan : Tibubeneng Kecamatan : Kuta Utara Kabupaten : Badung selling point : Full Furnished; Siap Huni; Bebas Banjir; Dekat Tempat Wisata spesifikasi - orientasi menghadap : selatan - luas tanah : 200 m2 - luas bangunan : 100 m2 - kamar tidur : 3 - kamar mandi : 3 fitur - listrik : 5.500 VA - air : Sumur Bor - jumlah lantai : 1 - carport : 1 - sertifikat : SHM - Sertifikat Hak Milik - kondisi properti : Bagus - kondisi perabotan : Furnished catatan : - include water Heater - 3 ensuite bedroom - kitchen set - brand new villa - quite and comfort Environment - swimming pool - store and refrigerator - ceiling fan - Gree 1 PK AC - wardrobe - winning table harga : 30000xxxxVR6494,,Bagus SetiawanAgen KorporatNIB:912020578****,,https:/picture.rumah123.com/r123-images/300x300-crop/customer/1748389/6586bbde8fe2026557aeaa52e66ce4cb.png,https://www.rumah123.com/properti/badung-tibubeneng/disewa-villa-jalan-pantai-berawa-kuta-utara-full-furnished-vlr235885/
Disewa Villa Jalan Taman Sari Kerobokan Kuta Utara Full Furnished,Rp 350.000.000,year,Disewa Villa Jalan Taman Sari Kerobokan Kuta Utara Full Furnished | vlr235884,3,3,260 m²,230 m²,SHM,DISEWA VILLA JALAN TAMAN SARI KEROBOKAN KUTA UTARA FULL FURNISHED Sewa Villa JL TAMAN SARI - Badung LT 260 LB 230 KT 3 KM 3 Listrik 7700 Rp 350.000.xxx SHM Hadap Utara disewa villa Jalan taman sari kerobokan Kuta Utara Full Furnished berlokasi di Jalan taman sari kerobokan Desa / kelurahan : Kerobokan Kecamatan : Kuta Utara Kabupaten : Badung selling point : Full Furnished; Siap Huni; Bebas Banjir; Dekat Sekolah Internasional; Dekat Fasilitas Kesehatan; Dekat Tempat Wisata spesifikasi - orientasi menghadap : utara - luas tanah : 260 m2 - luas bangunan : 230 m2 - kamar tidur : 3 - kamar mandi : 3 fitur - listrik : 7.700 VA - air : Sumur Bor - jumlah lantai : 1 - carport : 1 - sertifikat : SHM - Sertifikat Hak Milik - kondisi properti : Bagus - kondisi perabotan : Furnished harga : 350.000.xxx periode sewa : per tahun minimal masa sewa : 1 tahun #VR1125,,Bagus SetiawanAgen KorporatNIB:912020578****,,https:/picture.rumah123.com/r123-images/300x300-crop/customer/1748389/1b570dcf85268a20b718e8aaa6b56e02.png,https://www.rumah123.com/properti/badung-kerobokan/disewa-villa-jalan-taman-sari-kerobokan-kuta-utara-full-furnished-vlr235884/
Disewa Villa Jalan Moh Yamin Denpasar Selatan Full Furnished,Rp 450.000.000,year,Disewa Villa Jalan Moh Yamin Denpasar Selatan Full Furnished | vlr235883,3,3,400 m²,220 m²,SHM,DISEWA VILLA JALAN MOH YAMIN DENPASAR SELATAN FULL FURNISHED Sewa Villa JALAN MOH YAMIN - Denpasar LT 400 LB 220 KT 3 KM 3 Listrik 5500 Rp 450.000.xxx SHM Hadap Utara disewa villa Jalan Moh Yamin Denpasar Selatan Full Furnished berlokasi di Jalan Moh Yamin Desa / kelurahan : Renon Kecamatan : Denpasar Selatan Kabupaten : Denpasar selling point : Full Furnished; Siap Huni; Bebas Banjir; Dekat Pusat Perbelanjaan; Dekat Sekolah Internasional; Dekat Fasilitas Kesehatan; Dekat Tempat Wisata; Dekat Taman Kota spesifikasi - orientasi menghadap : utara - luas tanah : 400 m2 - luas bangunan : 220 m2 - kamar tidur : 3 - kamar mandi : 3 fitur - listrik : 5.500 VA - air : Sumur Bor - jumlah lantai : 1 - carport : 2 - sertifikat : SHM - Sertifikat Hak Milik - kondisi properti : Bagus - kondisi perabotan : Furnished catatan : - 1 maid room plus bathroom - walk in wardrobe - laundry room - indoor and outdoor kitchen - swimming pool 3x10 meter - free maintenance pool and wifi - deposit required harga : 450.000.xxx periode sewa : per tahun minimal masa sewa : 1 tahun #VR1881,,Bagus SetiawanAgen KorporatNIB:912020578****,,https:/picture.rumah123.com/r123-images/300x300-crop/customer/1748389/413612c9c2c857e1808bf25678e4a887.png,https://www.rumah123.com/properti/denpasar-renon/disewa-villa-jalan-moh-yamin-denpasar-selatan-full-furnished-vlr235883/
K540 Sewa Villa Tuka Dalung Kuta Badung Bali Dekat Canggu Tabanan Denpasar Seminyak,Rp 188.000.000,year,K540 Sewa Villa Tuka Dalung Kuta Badung Bali Dekat Canggu Tabanan Denpasar Seminyak | vlr235904,2,2,,,,K540 Sewa villa tuka dalung kuta badung bali dekat canggu tabanan denpasar seminyak Details: - 2 bedroom (king size bed) - ⁠2 bathroom - ⁠kitchen (include: fridge microwave dispenser gas stove kitchen set) - living room - ⁠fully furnished (include: air conditioner smart tv water heater bed set sofa wardrobe) - ⁠private pool - ⁠parking area - laundry room (include: washing machine) - ⁠wifi 300mbps - ⁠electricity : 5.500 Kwh - ⁠water well - cleaning 2x per week - pool treatment 2x per week,,Zaskia novy propertyAgen IndependenNIB:010324001****,,https:/picture.rumah123.com/r123-images/300x300-crop/customer/1969803/13bd574b0f8704c9015521c892a9139f.jpg,https://www.rumah123.com/properti/badung-dalung/k540-sewa-villa-tuka-dalung-kuta-badung-bali-dekat-canggu-tabanan-denpasar-seminyak-vlr235904/
Disewa Villa Jalan Lebah Sari Kuta Utara Full Furnished,Rp 185.000.000,year,https://www.rumah123.com/properti/badung-tibubeneng/disewa-villa-jalan-lebah-sari-kuta-utara-full-furnished-vlr235882/,2,2,130 m²,100 m²,SHM,DISEWA VILLA JALAN LEBAH SARI KUTA UTARA FULL FURNISHED Sewa Villa JALAN LEBAH SARI TIBUBENENG - Badung LT 130 LB 100 KT 2 KM 2 Listrik 4400 Rp 185.000.xxx SHM Hadap Barat disewa villa Jalan Lebah Sari Kuta Utara Full Furnished berlokasi di Jalan Lebah Sari Desa / kelurahan : Tibubeneng Kecamatan : Kuta Utara Kabupaten : Badung selling point : Full Furnished; Siap Huni; Bebas Banjir; Dekat Tempat Wisata spesifikasi - orientasi menghadap : barat - luas tanah : 130 m2 - luas bangunan : 100 m2 - kamar tidur : 2 - kamar mandi : 2 fitur - listrik : 4.400 VA - air : Sumur Bor - jumlah lantai : 1 - carport : 1 - sertifikat : SHM - Sertifikat Hak Milik - kondisi properti : Bagus - kondisi perabotan : Furnished catatan : - fully furnished without electronic - 2 ensuite bedroom - sunken living room - 2 unit AC - brand new villa - water heater harga : 185.000.xxx periode sewa : per tahun minimal masa sewa : 1 tahun #VR2721,,Bagus SetiawanAgen KorporatNIB:912020578****,,https:/picture.rumah123.com/r123-images/300x300-crop/customer/1748389/d3799ed3a4be2779fdbdb30d03034cef.png,https://www.rumah123.com/properti/badung-tibubeneng/disewa-villa-jalan-lebah-sari-kuta-utara-full-furnished-vlr235882/
Disewa Villa Jalan Abasan Kuta Utara Full Furnished,Rp 300.000.000,year,https://www.rumah123.com/properti/badung-kuta-utara/disewa-villa-jalan-abasan-kuta-utara-full-furnished-vlr235881/,2,2,150 m²,100 m²,SHM,DISEWA VILLA JALAN ABASAN KUTA UTARA FULL FURNISHED Sewa Villa JALAN ABASAN CANGGU - Badung LT 150 LB 100 KT 2 KM 2 Listrik 7700 Rp 300.000.xxx SHM Hadap Timur disewa villa Jalan Abasan Kuta Utara Full Furnished berlokasi di Jalan Abadan Desa / kelurahan : Berawa Kecamatan : Kuta Utara Kabupaten : Badung selling point : Full Furnished; Siap Huni; Bebas Banjir; Dekat Tempat Wisata spesifikasi - orientasi menghadap : timur - luas tanah : 150 m2 - luas bangunan : 100 m2 - kamar tidur : 2 - kamar mandi : 2 fitur - listrik : 4.400 VA - air : Sumur Bor - jumlah lantai : 1 - carport : 1 - sertifikat : SHM - Sertifikat Hak Milik - kondisi properti : Bagus - kondisi perabotan : Furnished catatan : - private pool - tropical garden - open living and dining area - ceiling dan - fridge stove safety box TV AC wifi hair drayer electric kettle Toaster iron board microwave water Dispenser coocking utensils harga : 300.000.xxx periode sewa : per tahun minimal masa sewa : 1 tahun #VR1817,,Bagus SetiawanAgen KorporatNIB:912020578****,,https:/picture.rumah123.com/r123-images/300x300-crop/customer/1748389/f3ef04d4a1392c2d6c69692607b5ef7d.png,https://www.rumah123.com/properti/badung-kuta-utara/disewa-villa-jalan-abasan-kuta-utara-full-furnished-vlr235881/
Disewa Villa Jalan Taman Giri Asri Kuta Selatan Full Furnished,Rp 235.000.000,year,Mumbul Badung,2,3,225 m²,250 m²,SHM,DISEWA VILLA JALAN TAMAN GIRI ASRI KUTA SELATAN FULL FURNISHED Sewa Villa JL TAMAN GIRI ASRI - Badung LT 225 LB 250 KT 2 KM 3 Listrik 4400 Rp 235.000.xxx SHM Hadap Barat disewa villa Jalan taman giri asri Kuta Selatan Full Furnished berlokasi di Jalan taman giri asri Desa / kelurahan : Mumbul Kecamatan : Kuta Selatan Kabupaten : Badung selling point : Full Furnished; Siap Huni; Bebas Banjir; Dekat Akses Bandara; Dekat Pusat Perbelanjaan; Dekat Sekolah Internasional; Dekat Tempat Wisata spesifikasi - orientasi menghadap : barat - luas tanah : 225 m2 - luas bangunan : 250 m2 - kamar tidur : 2 - kamar mandi : 3 fitur - listrik : 4.400 VA - air : Sumur Bor - jumlah lantai : 2 - carport : 2 - sertifikat : SHM - Sertifikat Hak Milik - kondisi properti : Bagus - kondisi perabotan : Furnished catatan : - exclude pool maintenance and garden - private road access only 2 villa - 2 ensuite bedroom - mini bar and kitchen area - include TV AC water Heater stove - deposit required harga : 235.000.xxx periode sewa : per tahun minimal masa sewa : 1 tahu #VR0539,,Bagus SetiawanAgen KorporatNIB:912020578****,,https:/picture.rumah123.com/r123-images/300x300-crop/customer/1748389/1d83540b08792a5e073742e9f6b8711d.jpg,https://www.rumah123.com/properti/badung-mumbul/disewa-villa-jalan-taman-giri-asri-kuta-selatan-full-furnished-vlr235880/
Disewa Villa Jalan Nuansa Utama Selatan Kuta Selatan Siap Huni,Rp 250.000.000,year,Jimbaran Badung,5,4,150 m²,200 m²,SHM,DISEWA VILLA JALAN NUANSA UTAMA SELATAN KUTA SELATAN SIAP HUNI Sewa Villa JALAN NUANSA UTAMA JIMBARAN - Badung LT 150 LB 200 KT 5 KM 4 Listrik 5500 Rp 250.000.xxx SHM Hadap Timur disewa villa Jalan Nuansa Utama Selatan Kuta Selatan Siap Huni berlokasi di Jalan Nuansa Utama Selatan Desa / kelurahan : Jimbaran Kecamatan : Kuta Selatan Kabupaten : Badung selling point : Full Furnished; Siap Huni; Bebas Banjir; Dekat Akses Bandara; Dekat Pusat Perbelanjaan; Dekat Sekolah Internasional; Dekat Fasilitas Kesehatan; Dekat Tempat Wisata spesifikasi - orientasi menghadap : timur - luas tanah : 150 m2 - luas bangunan : 200 m2 - kamar tidur : 5 - kamar mandi : 4 fitur - listrik : 5.500 VA - air : Sumur Bor - jumlah lantai : 2 - carport : 1 - sertifikat : SHM - Sertifikat Hak Milik - kondisi properti : Bagus - kondisi perabotan : Furnished catatan : - exclude pool maintenance - balcony on 2nd floor - service room - guest toilet - plunge pool - wifi and CCTV harga : 250.000.xxx periode sewa : per tahun minimal masa sewa : 1 tahun #VR0777,,Bagus SetiawanAgen KorporatNIB:912020578****,,https:/picture.rumah123.com/r123-images/300x300-crop/customer/1748389/850778d523836a48ffdb3c357e5091ad.png,https://www.rumah123.com/properti/badung-jimbaran/disewa-villa-jalan-nuansa-utama-selatan-kuta-selatan-siap-huni-vlr235879/
Disewa Villa Jalan Sekuta Denpasar Selatan Siap Huni,Rp 270.000.000,year,Disewa Villa Jalan Sekuta Denpasar Selatan Siap Huni | vlr235878,4,2,300 m²,200 m²,SHM,DISEWA VILLA JALAN SEKUTA DENPASAR SELATAN SIAP HUNI Sewa Villa JALAN SEKUTA - Denpasar LT 300 LB 200 KT 4 KM 2 Listrik 5500 Rp 270.000.xxx SHM Hadap Barat disewa villa Jalan Sekuta Denpasar Selatan Siap Huni berlokasi di Jalan Sekuta Desa / kelurahan : Sanur Kauh Kecamatan : Denpasar Selatan Kabupaten : Denpasar selling point : Siap Huni; Bebas Banjir; Dekat Pusat Perbelanjaan; Dekat Sekolah Internasional; Dekat Fasilitas Kesehatan; Dekat Tempat Wisata; Dekat Taman Kota spesifikasi - orientasi menghadap : barat - luas tanah : 300 m2 - luas bangunan : 200 m2 - kamar tidur : 4 - kamar mandi : 2 fitur - listrik : 5.500 VA - air : Sumur Bor - jumlah lantai : 2 - carport : 1 - sertifikat : SHM - Sertifikat Hak Milik - kondisi properti : Bagus - kondisi perabotan : Furnished catatan : - garasi - storage room - pool - 2 unit AC - kitchen set - 2 bed - lemari dan meja makan harga : 270.000.xxx periode sewa : per tahun minimal masa sewa : 1 tahun #VR3277,,Bagus SetiawanAgen KorporatNIB:912020578****,,https:/picture.rumah123.com/r123-images/300x300-crop/customer/1748389/bb69efbc81f0e2b0f74962d68112336c.png,https://www.rumah123.com/properti/denpasar-sanur-kauh/disewa-villa-jalan-sekuta-denpasar-selatan-siap-huni-vlr235878/
Disewa Villa Jalan Sedap Malam Denpasar Timur Full Furnished,Rp 275.000.000,year,Disewa Villa Jalan Sedap Malam Denpasar Timur Full Furnished | vlr235877,4,4,150 m²,200 m²,SHM,DISEWA VILLA JALAN SEDAP MALAM DENPASAR TIMUR FULL FURNISHED Sewa Villa JALAN SEDAP MALAM SANUR - Denpasar LT 150 LB 200 KT 4 KM 4 Listrik 3500 Rp 275.000.xxx SHM Hadap Timur disewa villa Jalan sedap malam Denpasar Timur Full Furnished berlokasi di Jalan sedap malam Desa / kelurahan : Kesiman Kecamatan : Denpasar Timur Kabupaten : Denpasar selling point : Full Furnished; Siap Huni; Bebas Banjir; Dekat Akses Pelabuhan; Dekat Pusat Perbelanjaan; Dekat Sekolah Internasional; Dekat Fasilitas Kesehatan; Dekat Tempat Wisata; Dekat Taman Kota spesifikasi - orientasi menghadap : timur - luas tanah : 150 m2 - luas bangunan : 200 m2 - kamar tidur : 4 - kamar mandi : 4 fitur - listrik : 3.500 VA - air : Sumur Bor - jumlah lantai : 2 - carport : 1 - sertifikat : SHM - Sertifikat Hak Milik - kondisi properti : Bagus - kondisi perabotan : Furnished catatan : - available untuk sewa bulanan dan harian - fully furnished - lingkungan tenang - akses jalan mobil - pool - 3 ensuite bedroom - include smart tv setiap kamar - include kitchen equipment harga : 275.000.xxx periode sewa : per tahun minimal masa sewa : 1 tahun #VR5763,,Bagus SetiawanAgen KorporatNIB:912020578****,,https:/picture.rumah123.com/r123-images/300x300-crop/customer/1748389/515a6d796fc733d66dc0f72634f69a6e.png,https://www.rumah123.com/properti/denpasar-kesiman/disewa-villa-jalan-sedap-malam-denpasar-timur-full-furnished-vlr235877/
Disewa Villa Jalan Batur Sari Denpasar Selatan Full Furnished,Rp 155.000.000,year,Disewa Villa Jalan Batur Sari Denpasar Selatan Full Furnished | vlr235876,2,3,150 m²,100 m²,SHM,DISEWA VILLA JALAN BATUR SARI DENPASAR SELATAN FULL FURNISHED Sewa Villa BATUR SARI - Denpasar LT 150 LB 100 KT 2 KM 3 Listrik 5500 Rp 155.000.xxx SHM Hadap Selatan disewa villa Jalan Batur sari Denpasar Selatan Full Furnished berlokasi di Jalan Batur sari Desa / kelurahan : Sanur Kecamatan : Denpasar Selatan Kabupaten : Denpasar selling point : Full Furnished; Bonus Canopy; Siap Huni; Bebas Banjir; Dekat Akses Pelabuhan; Dekat Akses Bus Kota; Dekat Akses Bandara; Dekat Pusat Perbelanjaan; Dekat Sekolah Internasional; Dekat Fasilitas Kesehatan; Dekat Tempat Wisata; Dekat Taman Kota spesifikasi - orientasi menghadap : selatan - luas tanah : 150 m2 - luas bangunan : 100 m2 - kamar tidur : 2 - kamar mandi : 3 fitur - listrik : 5.500 VA - air : Sumur Bor - jumlah lantai : 1 - carport : 1 - sertifikat : SHM - Sertifikat Hak Milik - kondisi properti : Bagus - kondisi perabotan : Furnished catatan : - include elektronik - sofa dan bed - guest toilet - plunge pool - storage room - 2 bed king size harga : 155.000.xxx periode sewa : per tahun minimal masa sewa : 1 tahun #VR6661,,Bagus SetiawanAgen KorporatNIB:912020578****,,https:/picture.rumah123.com/r123-images/300x300-crop/customer/1748389/f29646becf186b8e430aa893848f10ea.png,https://www.rumah123.com/properti/denpasar-sanur/disewa-villa-jalan-batur-sari-denpasar-selatan-full-furnished-vlr235876/
Disewa Villa Jalan Tumbak Bayuh Mengwi Full Furnished,Rp 500.000.000,year,https://www.rumah123.com/properti/badung-mengwi/disewa-villa-jalan-tumbak-bayuh-mengwi-full-furnished-vlr235875/,3,3,173 m²,220 m²,SHM,DISEWA VILLA JALAN TUMBAK BAYUH MENGWI FULL FURNISHED Sewa Villa JALAN TUMBAK BAYUH - Badung LT 173 LB 22 KT 3 KM 3 Listrik 7700 Rp 500.000.xxx SHM Hadap Utara disewa villa Jalan Tumbak Bayuh Mengwi Full Furnished berlokasi di Jalan Tumbak Bayuh Desa / kelurahan : Tumbak Bayuh Kecamatan : Mengwi Kabupaten : Badung selling point : Full Furnished; Siap Huni; Bebas Banjir; Dekat Tempat Wisata spesifikasi - orientasi menghadap : utara - luas tanah : 173 m2 - luas bangunan : 220 m2 - kamar tidur : 3 - kamar mandi : 3 fitur - listrik : 7.700 VA - air : Sumur Bor - jumlah lantai : 3 - carport : 2 - sertifikat : SHM - Sertifikat Hak Milik - kondisi properti : Bagus - kondisi perabotan : Furnished catatan : - available monthly rent IDR 50.000.000 - leasehold 20 years IDR 6.500.000.xxx - one gate system - complex Villa - fully furnished include with electronic - laundry room and service area available - include cleaning 2x per weak - CCTV and water Heater include - minimal and BBQ area on rooftop - pool size 6x3 meter - security deposit require harga : 500.000.xxx periode sewa : per tahun minimal masa sewa : 1 tahun #VR8973,,Bagus SetiawanAgen KorporatNIB:912020578****,,https:/picture.rumah123.com/r123-images/300x300-crop/customer/1748389/1a2b0391b93f97f30c9de70142cedf1d.png,https://www.rumah123.com/properti/badung-mengwi/disewa-villa-jalan-tumbak-bayuh-mengwi-full-furnished-vlr235875/
Disewa Villa Jalan Raya Padonan Kuta Utara Full Furnished,Rp 200.000.000,year,https://www.rumah123.com/properti/badung-dalung/disewa-villa-jalan-raya-padonan-kuta-utara-full-furnished-vlr235874/,2,2,145 m²,101 m²,SHM,DISEWA VILLA JALAN RAYA PADONAN KUTA UTARA FULL FURNISHED Sewa Villa JALAN RAYA PADONAN - Badung LT 145 LB 101 KT 2 KM 2 Listrik 7700 Rp 200.000.xxx SHM Hadap Timur disewa villa Jalan raya padonan Kuta Utara Full Furnished berlokasi di Jalan raya padonan Desa / kelurahan : Dalung Kecamatan : Kuta Utara Kabupaten : Badung selling point : Full Furnished; Siap Huni; Bebas Banjir; Dekat Tempat Wisata spesifikasi - orientasi menghadap : timur - luas tanah : 145 m2 - luas bangunan : 101 m2 - kamar tidur : 2 - kamar mandi : 2 fitur - listrik : 7.700 VA - air : Sumur Bor - jumlah lantai : 1 - carport : 1 - sertifikat : SHM - Sertifikat Hak Milik - kondisi properti : Bagus - kondisi perabotan : Furnished catatan : - located in complex villa - 2 ensuite bedroom - powder room - storage room - pool size 9 m2 - carport - sunken living room with pool view harga : 200.000.xxx periode sewa : per tahun minimal masa sewa : 1 tahun #VR8086,,Bagus SetiawanAgen KorporatNIB:912020578****,,https:/picture.rumah123.com/r123-images/300x300-crop/customer/1748389/e7a2b8f4ad91be419952771805fad1a0.png,https://www.rumah123.com/properti/badung-dalung/disewa-villa-jalan-raya-padonan-kuta-utara-full-furnished-vlr235874/
Disewa Villa Jalan Tegal Cupek Kuta Utara Siap Huni,Rp 200.000.000,year,https://www.rumah123.com/properti/badung-kerobokan/disewa-villa-jalan-tegal-cupek-kuta-utara-siap-huni-vlr235873/,2,2,110 m²,80 m²,SHM,DISEWA VILLA JALAN TEGAL CUPEK KUTA UTARA SIAP HUNI Sewa Villa JALAN TEGAL CUPEK - Badung LT 110 LB 80 KT 2 KM 2 Listrik 4400 Rp 200.000.xxx SHM Hadap Selatan disewa villa Jalan tegal cupek Kuta Utara Siap Huni berlokasi di Jalan tegal cupek Desa / kelurahan : Kerobokan Kecamatan : Kuta Utara Kabupaten : Badung selling point : Siap Huni; Bebas Banjir; Dekat Tempat Wisata spesifikasi - orientasi menghadap : selatan - luas tanah : 110 m2 - luas bangunan : 80 m2 - kamar tidur : 2 - kamar mandi : 2 fitur - listrik : 4.400 VA - air : Sumur Bor - jumlah lantai : 1 - carport : 1 - sertifikat : SHM - Sertifikat Hak Milik - kondisi properti : Bagus - kondisi perabotan : Unfurnished catatan : - brand new villa - include water Heater - 2 ensuite bedroom - open space living room and kitchen - include AC 2 unit - storage room harga : 200.000.xxx periode sewa : per tahun minimal masa sewa : 5 tahun #VR8416,,Bagus SetiawanAgen KorporatNIB:912020578****,,https:/picture.rumah123.com/r123-images/300x300-crop/customer/1748389/17d3039704cda3781c031024c432aad3.png,https://www.rumah123.com/properti/badung-kerobokan/disewa-villa-jalan-tegal-cupek-kuta-utara-siap-huni-vlr235873/
Disewa Villa Jalan Badak Agung Denpasar Selatan Siap Huni,Rp 285.000.000,year,Disewa Villa Jalan Badak Agung Denpasar Selatan Siap Huni | vlr235872,3,4,500 m²,250 m²,SHM,DISEWA VILLA JALAN BADAK AGUNG DENPASAR SELATAN SIAP HUNI Sewa Villa JALAN BADAK AGUNG - Denpasar LT 500 LB 250 KT 3 KM 4 Listrik 4400 Rp 285.000.xxx SHM Hadap Timur disewa villa Jalan badak agung Denpasar Selatan Siap Huni berlokasi di Jalan badak agung Desa / kelurahan : Renon Kecamatan : Denpasar Selatan Kabupaten : Denpasar selling point : Siap Huni; Bebas Banjir; Dekat Pusat Perbelanjaan; Dekat Sekolah Internasional; Dekat Sekolah Negeri; Dekat Universitas; Dekat Fasilitas Kesehatan; Dekat Tempat Wisata; Dekat Taman Kota spesifikasi - orientasi menghadap : timur - luas tanah : 500 m2 - luas bangunan : 250 m2 - kamar tidur : 3 - kamar mandi : 4 fitur - listrik : 4.400 VA - air : Sumur Bor - jumlah lantai : 1 - carport : 1 - sertifikat : SHM - Sertifikat Hak Milik - kondisi properti : Bagus - kondisi perabotan : Furnished catatan : - jacuzzi - wifi - storage room - wooden style villa harga : 285.000.xxx periode sewa : per tahun minimal masa sewa : 5 tahun #VR1817,,Bagus SetiawanAgen KorporatNIB:912020578****,,https:/picture.rumah123.com/r123-images/300x300-crop/customer/1748389/11dd6283bcfeadacbc0a960bd0ffbf6f.png,https://www.rumah123.com/properti/denpasar-renon/disewa-villa-jalan-badak-agung-denpasar-selatan-siap-huni-vlr235872/
Villa Bagus Lokasi Strategis Disewakan di Area Renon Denpasar,Rp 180.000.000,year,Villa Bagus Lokasi Strategis Disewakan di Area Renon Denpasar | vlr235870,2,2,,,,Disewakan Villa Bagus area Renon Denpasar Selatan Lokasi strategis: 4 menit ke Plaza Reno 5 menit ke Gandhi International School 9 menit ke Lapangan Renon 15 menit ke Pantai shindu Sanur Detail Properti: Luas Tanah 140 m2 Luas Bangunan 130 m2 2 Kamar Tidur 2 Kamar mandi 1 lantai Listrik 300 Watt Air PDAM Harga Sewa IDR 180 Juta / tahun Bagi yang berminat dengan property ini dapat menghubungi Ayunda: 0812xxxxxxxx,,Remax JayaAgen KorporatNIB:812001614****,,https:/picture.rumah123.com/r123-images/300x300-crop/customer/38769/2ffada88cbd14fed071b9d6515e34ce1.jpg,https://www.rumah123.com/properti/denpasar-renon/villa-bagus-lokasi-strategis-disewakan-di-area-renon-denpasar-vlr235870/
Disewa Rumah Jalan Lodtunduh Ubud Full Furnished,Rp 120.000.000,year,Disewa Rumah Jalan Lodtunduh Ubud Full Furnished | Rumah123,4,2,200 m²,117 m²,SHM,DISEWA RUMAH JALAN LODTUNDUH UBUD FULL FURNISHED Sewa Villa LODTUNDUH - Gianyar LT 200 LB 117 KT 4 KM 2 Listrik 7700 Rp 120.000.xxx SHM Hadap Timur disewa rumah Jalan Lodtunduh Ubud Full Furnished berlokasi di Jalan Lodtunduh Desa / kelurahan : Lodtunduh Kecamatan : Ubud Kabupaten : Gianyar selling point : Full Furnished; Siap Huni; Bebas Banjir; Dekat Tempat Wisata spesifikasi - orientasi menghadap : timur - luas tanah : 200 m2 - luas bangunan : 117 m2 - kamar tidur : 4 - kamar mandi : 2 fitur - listrik : 7.700 VA - air : Sumur Bor - jumlah lantai : 1 - carport : 2 - sertifikat : SHM - Sertifikat Hak Milik - kondisi properti : Bagus - kondisi perabotan : Furnished catatan : - AC setiap kamar - water heater - kitchen set - mini bar - sofa - living room - garden dan ruang loundry harga : 120.000.xxx periode sewa : per tahun minimal masa sewa : 1 tahun #HR4547,,Bagus SetiawanAgen KorporatNIB:912020578****,,https:/picture.rumah123.com/r123-images/300x300-crop/customer/1748389/be0bfe9f9cfae06c57ed4f731ac8d352.jpg,https://www.rumah123.com/properti/gianyar-ubud/disewa-rumah-jalan-lodtunduh-ubud-full-furnished-hor41239173/
Rumah Baru Siap Huni di Kesiman Kertalangu Denpasar,Rp 85.000.000,year,Rumah Baru Siap Huni di Kesiman Kertalangu Denpasar | Rumah123,2,2,100 m²,100 m²,SHM,RUMAH BARU SIAP HUNI DI KESIMAN KERTALANGU DENPASAR Sewa Rumah KESIMAN - Denpasar LT 100 LB 100 KT 2 KM 2 Listrik 3500 Rp 85.000.000 SHM Hadap Utara RUMAH BARU SIAP HUNI DI KESIMAN KERTALANGU DENPASAR DEKAT LIVING WORLD Disewakan Tahunan Rumah Baru - Kertalangu Rumah modern minimalis bernuansa semi villa di lingkungan tenang (gang buntu) cocok untuk hunian keluarga maupun profesional. Spesifikasi: - Luas tanah: 1 are - Carport 1 mobil + 2 motor - 2 kamar tidur - 2 kamar mandi + water heater - Dapur dengan kitchen set - Laundry area - Listrik 3500 VA - Air pompa - Bangunan baru - Akses mobil bisa papasan lebar jalan ±5 meter Lokasi: - Sangat dekat dengan jogging track Kertalangu (bisa jalan kaki) - 10 menit ke Living World Mall - 15 menit ke ICON Mall - 5 menit ke RS Dharma Yadnya - Dekat sekolah - Area bebas banjir Hunian nyaman dengan akses strategis dan suasana privat. Disewakan 85jt per tahun 300226-UNCG00006,,Bagus SetiawanAgen KorporatNIB:912020578****,,https:/picture.rumah123.com/r123-images/300x300-crop/customer/1748389/4a6c563620c233b3b2162f0392c6f506.jpg,https://www.rumah123.com/properti/denpasar-denpasar-timur/rumah-baru-siap-huni-di-kesiman-kertalangu-denpasar-hor41239105/
Dikontrakan Rumah Semi Villa 2 Kamar Full Furnish Denpasar,Rp 55.000.000,year,Dikontrakan Rumah Semi Villa 2 Kamar Full Furnish Denpasar | Rumah123,2,2,100 m²,80 m²,SHM,RUMAH VILLA FULLY FURNISHED DENPASAR BARAT Sewa Rumah TEGAL DUKUH SELATAN - Denpasar LT 100 LB 80 KT 2 KM 2 Listrik 5500 Rp 55.000.000 SHM Hadap Utara Rumah Villa Disewakan dengan Kondisi Fully Furnished di Area Denpasar Barat Lokasi: Tegal Dukuh Selatan Denpasar Barat - Berjarak 950 meter ke Mitra 10 Gatsu - Berjarak 2 kilometer ke Kolam Renang Citraland - Berjarak 49 kilometer ke Mall Living Word Detail Properti: - Luas Tanah: 100 m² - Luas Bangunan: 80 m² - Kamar Tidur: 2 - Kamar Mandi: 2 - Daya Listrik: 5500 kWh - Sumber Air: Sumur Bor - Arah Hadap: Utara - Carport: Untuk mobil ukuran kecil - Kondisi: Fully furnished ‎Harga: Rp 55 juta per tahun (minimal sewa 2 tahun) ‎072225-CRSB00021,,Bagus SetiawanAgen KorporatNIB:912020578****,,https:/picture.rumah123.com/r123-images/300x300-crop/customer/1748389/b5883a028e9e4a56960d2f5b59051100.jpg,https://www.rumah123.com/properti/denpasar-denpasar-barat/dikontrakan-rumah-semi-villa-2-kamar-full-furnish-denpasar-hor41239073/
3Br Villa For Rent With Private Pool In Jimbaran - Gwk View,Rp 170.000.000,year,3Br Villa For Rent With Private Pool In Jimbaran - Gwk View | vlr233176,3,3,,,,3 bedrooms Villa for Rent With Private Pool in Jimbaran Bali - GWK View | Yearly / Long Term Long Term 3 Bedroom Villa Rental in Jimbaran - Residential Area with GWK View Rooftop & Fully Furnished This 3BR villa for rent in Jimbaran Bali is available for yearly rental and ideal for tenants seeking a long term villa rental in Bali within a residential environment. The property features 3 bedrooms 3 bathrooms a private swimming pool rooftop area full furnishings and a direct view of Garuda Wisnu Kencana (GWK). Located in Jimbaran the villa benefits from a quieter atmosphere compared to high-traffic tourist areas while still offering easy access to the beach sunset spots and the well-known seafood dining area along Jimbaran Bay. This balance of residential calm and strategic connectivity makes it suitable for expats families or professionals relocating to South Bali. Property Specifications - 3 Bedrooms - 3 Bathrooms - Private Swimming Pool - Rooftop Area - Fully Furnished - GWK View - Located in Residential Area Yearly Rental Location & Accessibility - Situated in Jimbaran Kuta - Badung a well-established residential area in South Bali. - ±7-20 minutes to Bandara Internasional Ngurah Rai - Close to Jimbaran Beach (white sand coastline and sunset area) - Easy access to Uluwatu and other South Bali destinations Jimbaran is known for combining residential comfort with proximity to key lifestyle points in South Bali making it a practical choice for long stay and yearly rental tenants. Rental Terms - Price: IDR 170 Million per year - Yearly lease (long term) - Residential use Contact for Viewing If you are looking for a yearly villa rental in Bali with 3 bedrooms private pool and a residential setting in Jimbaran this property is ready for viewing. Serious inquiries only. Please contact via WhatsApp to schedule an inspection. [VICVJR-298],,Tionar ManikAgen KorporatNIB:812001416****,,https:/picture.rumah123.com/r123-images/300x300-crop/customer/1898857/68da6b5af232d34d0e617a7d584396c4.jpg,https://www.rumah123.com/properti/badung-jimbaran/3br-villa-for-rent-with-private-pool-in-jimbaran-gwk-view-vlr233176/
Vila di Ungasan 5 Menit ke Gwk Fasilitas Yoga dan Pool,Rp 890.000.000,year,https://www.rumah123.com/properti/badung-ungasan/vila-di-ungasan-5-menit-ke-gwk-fasilitas-yoga-dan-pool-vlr212478/,6,6,,,,Kesempatan terbatas buat Anda dapatkan villa strategis dengan return investasi tinggi di Ungasan Badung. Villa ini menawarkan kelengkapan fasilitas serta memiliki nilai tepat yang siap untuk segera Anda miliki utamanya bagi Anda yang mencari hunian di lokasi yang dekat dengan fasilitas umum. Detail Properti ini adalah: - Kamar Tidur: 6 - Kamar Mandi: 6 - Sertifikat: - Tidak hanya itu namun properti ini juga memiliki keunggulan sebagai berikut: - Full Furnished. - Siap Huni. - Lokasi di Pusat Kota. - Lingkungan Tenang dan Damai. - Cocok Untuk Investasi. - Properti Bisa Nego. - Lokasi Strategis. Lokasi Strategis terletak di Ungasan properti ini memudahkan akses Anda ke fasilitas-fasilitas utama dan unggulan Harga yang sangat kompetitif yaitu Rp. 890.000.xxx/thn villa ini siap menjadi milik Anda! Nikmati segala kemudahan dan berbagai keunggulan menarik saat properti asri ini milik Anda. Hubungi segera dan dapatkan informasinya ataupun cek unit!,,I GUSTI AYU YUNI ASTIKAAgen KorporatNIB:912010324****,,https:/picture.rumah123.com/r123-images/300x300-crop/customer/4382886/79a580aad1f4150aba40ee3c0e7f3fce.jpg,https://www.rumah123.com/properti/badung-ungasan/vila-di-ungasan-5-menit-ke-gwk-fasilitas-yoga-dan-pool-vlr212478/
Villa Mewah Luas Cocok Buat Tempat Ternyamanmu di Pererenan Canggu,Rp 600.000.000,year,Villa Mewah Luas Cocok Buat Tempat Ternyamanmu di Pererenan Canggu | vlr125852,3,3,200 m²,200 m²,SHM,DISEWAKAN VILLA MEWAH DI PERERENAN CANGGU Luas - Nyaman - Eksklusif Ingin tempat tinggal yang menyatu dengan alam tapi tetap dekat dengan hiruk pikuk Canggu? Inilah tempat ternyaman untukmu! VILLA MEWAH FULLY FURNISHED Lokasi strategis di Pererenan Canggu 3 Kamar tidur luas ‍ Private pool & taman tropis Ruang keluarga dan dapur modern WiFi cepat & fasilitas lengkap Akses mudah ke pantai kafe dan restoran trendi Harga sewa menarik - bulanan atau tahunan Booking sekarang rasakan kenyamanan & kemewahan hidup di Bali! Hubungi kami sekarang untuk info lebih lanjut & jadwal kunjungan!,,NURIL (BPXN) IskandarAgen KorporatNIB:912020578****,,https:/picture.rumah123.com/r123-images/300x300-crop/customer/2157477/02118900b81b040e78eff7ad979b9d8a.jpg,https://www.rumah123.com/properti/badung-pererenan/villa-mewah-luas-cocok-buat-tempat-ternyamanmu-di-pererenan-canggu-vlr125852/
Villa 3 Kamar Tidur dengan Kolam Renang dan Lingkungan Asri di Canggu (B-Cg15),Rp 65.000.000,month,Villa 3 Kamar Tidur dengan Kolam Renang dan Lingkungan Asri di Canggu (B-Cg15) | vlr233175,,4,,,,Villa satu lantai yang luas ini terletak di salah satu area hunian paling diminati di Canggu. Dibangun di atas lahan seluas 560 m² dengan luas bangunan 250 m² villa ini menawarkan kenyamanan privasi dan fungsi yang sangat baik cocok untuk keluarga penghuni jangka panjang maupun investor. Villa ini memiliki tiga kamar tidur dan empat kamar mandi dilengkapi dengan area ruang tamu terbuka yang terhubung langsung dengan kolam renang pribadi yang besar serta area taman yang luas. Dalam kondisi fully furnished dan siap dihuni villa ini dirancang untuk gaya hidup tropis yang nyaman dengan ruang luar yang cukup untuk bersantai maupun menerima tamu. Terletak di zona Yellow Residential dengan status leasehold selama 23 tahun properti ini menawarkan nilai jangka panjang yang kuat serta sangat cocok untuk penggunaan residensial atau disewakan jangka menengah hingga panjang. Kedekatannya dengan berbagai gym kafe dan pusat gaya hidup di Canggu semakin menambah daya tarik properti ini.,,BBBali Home BaseAgen Korporat,,https:/picture.rumah123.com/r123-images/300x300-crop/customer/2171415/6d717643249ec058f83c806681d64fd7.jpg,https://www.rumah123.com/properti/badung-tibubeneng/villa-3-kamar-tidur-dengan-kolam-renang-dan-lingkungan-asri-di-canggu-bcg15-vlr233175/
2Br Villa With Private Pool For Rent In Jimbaran - Long Term,Rp 26.000.000,month,2Br Villa With Private Pool For Rent In Jimbaran - Long Term | vlr233147,2,2,,,,2 BEDROOMS VILLA WITH PRIVATE POOL FOR RENT IN JIMBARAN - LONG TERM MONTHLY & YEARLY OPTION Long Term Villa Rental in Puri Gading Jimbaran - Residential Area This 2BR villa with private pool for rent in Jimbaran is located in Puri Gading a well-established residential neighborhood in South Bali. The property is suitable for tenants seeking a long term villa rental in Bali whether for monthly or yearly rental options. Positioned in a private residential setting rather than a holiday traffic area this villa is ideal for expatriates remote workers couples or small families looking for stable and practical long term accommodation in Bali. Property Specifications - Land size: 135 sqm - Building size: 80 sqm - 2 Bedrooms - 2 Bathrooms - Private swimming pool - Newly renovated condition - Quiet residential environment Located in Puri Gading Jimbaran this villa is part of an established residential community known for its calm atmosphere and accessibility. The area is preferred for Bali housing rent and long term lease in Bali due to its practical access and non-touristic surroundings. Key access points: - ±3 minutes to Garuda Wisnu Kencana (GWK) - Direct access to main Uluwatu Road - ±20-30 minutes to Ngurah Rai International Airport - Easy reach to Jimbaran Beach and Uluwatu area - Close to Sidewalk Jimbaran lifestyle center - Near international school and hospital facilities - Surrounded by restaurants cafés and convenience stores Rental Price & Terms - IDR 26 Million / month - IDR 210 Million / year - Price negotiable for advance payment of several months or for multi-year lease paid upfront. Services included: - Electricity credit IDR 1 Million / Month - Cleaning service 2x per week - Pool maintenance 1x per week - Water gallon supply 2x per month - WiFi Ideal For - Expatriates relocating to Bali - Digital nomads seeking stable base - Couples planning extended stay - Small families needing long term accommodation Bali Part of Bali long term villa rental options in Jimbaran this property offers a balanced combination of private pool living manageable size and residential environment. Contact us to schedule a private viewing. [VICVJR-297],,Tionar ManikAgen KorporatNIB:812001416****,,https:/picture.rumah123.com/r123-images/300x300-crop/customer/1898857/27db63b7556adc027c187dce90db9c86.jpg,https://www.rumah123.com/properti/badung-jimbaran/2br-villa-with-private-pool-for-rent-in-jimbaran-long-term-vlr233147/
Modern Villa With Full Ocean View - Nusa Dua,Rp 198.000.000,year,https://www.rumah123.com/properti/badung-nusa-dua/modern-villa-with-full-ocean-view-nusa-dua-vlr233148/,3,3,,,,Modern Villa with Full Ocean View - Nusa Dua Lokasi: Nusa Dua Villa modern dengan pemandangan laut penuh (full ocean view) desain nyaman dan fungsional cocok untuk hunian pribadi maupun investasi. Property Details Land Size: 120 m² Building Size: 180 m² (termasuk rooftop untuk BBQ) Bedrooms: 2 Office Room: 1 Bathrooms: 2 Guest Toilet: 1 Swimming Pool Rooftop BBQ Area dengan pemandangan laut Garage: 1 car CCTV & WiFi Installed Semi Furnished (furnishing by request available) Prime Location Beberapa menit ke café & restaurant Dekat traditional market school & university 5 menit ke Klub Jimbaran 5 menit ke Jimbaran Beach 15 menit ke Nusa Dua Beach 15 menit ke Pandawa Beach ±10 km ke Ngurah Rai International Airport Price IDR 198 Million / Year atau Leasehold 20 Years: IDR 3.6 Billion Kode : ARI,,Arie Shanty RHAgen KorporatNIB:912030184****,,https:/picture.rumah123.com/r123-images/300x300-crop/customer/2023992/6adc98a183d9e7b75b20740a9d67ebd8.jpg,https://www.rumah123.com/properti/badung-nusa-dua/modern-villa-with-full-ocean-view-nusa-dua-vlr233148/
Villa Cantik Nuansa Asri Sejuk Siap Huni Full Furnished,Rp 480.000.000,year,Tumbak Bayuh Badung,3,3,500 m²,500 m²,SHM,Villa Cantik Nuansa Asri Sejuk Siap Huni Full Furnished SEWA TAHUNAN!!!!! Tumbak Bayuh 3 Kamar Tidur dengan Kamar Mandi Dalam LUAS Ruang Keluarga Tertutup Taman Atap Kolam Renang 500 meter persegi Harga 480 Juta / thn Lidya,,Next Level properti BaliAgen KorporatNIB:111225000****,,https:/picture.rumah123.com/r123-images/300x300-crop/customer/4443538/ee50182544e0b4f8a1bc10c011fcf395.jpg,https://www.rumah123.com/properti/badung-tumbak-bayuh/villa-cantik-nuansa-asri-sejuk-siap-huni-full-furnished-hor41088896/
Villa Sewa Murah Siap Huni Full Furnished Kerobokan,Rp 350.000.000,year,Villa Sewa Murah Siap Huni Full Furnished Kerobokan | Rumah123,3,4,217 m²,185 m²,Lainnya,For Lease - Fully Furnished Modern Villa A stylish and comfortable villa designed for modern living offering complete facilities and a functional layout - ideal for private residence. Property Details: Land Size: 217 m² Building Size: 185 m² Bedrooms: 3 Ensuite Bedrooms Bathrooms: 3 + 1 Guest Toilet Living Room: Closed Living Room Dining Room Kitchen & Pantry Private Swimming Pool Storage Room Garden Area Carport Electricity: 5500 Watt Condition: Fully Furnished - Price IDR 350 million / year ( Min. 3 Years ) Negotiable A well-designed villa with complete facilities offering comfort privacy and modern tropical living.,,Rafael BasiroenAgen KorporatNIB:912000470****,,https:/picture.rumah123.com/r123-images/300x300-crop/customer/1699519/a72e0123c07cc295acfdd48ce448a228.jpg,https://www.rumah123.com/properti/badung-kerobokan/villa-sewa-murah-siap-huni-full-furnished-kerobokan-hor40878308/
Yearly Rent 3 Bedroom Villa Sanur Furnished,Rp 215.000.000,year,Yearly Rent 3 Bedroom Villa Sanur Furnished | Rumah123,3,4,200 m²,200 m²,Lainnya,For Rent: Villa in Sanur - 3 Bedrooms Location: Batur Sari Sanur Distance to Sanur Beach 10 minutes drive Specifications: Land Area: 200 m² Building Area: 200 m² Floors: Two Bedrooms: 3 (1 master suite and 2 children's rooms) Bathrooms: 4 Office Room: 1 (convertible to a bedroom) Living Area: Enclosed or Open Kitchen Water Supply: Bore Well Electricity: 7700 Watts Swimming Pool: Available Building Permit (IMB) Fully furnished NOTE : Parking motorbike only Rental Terms: Yearly Rate: IDR 215 million (minimum 2-year contract payment required upfront) Security Deposit: 10% Leasehold Option: Pricing available upon discussion Contact us SPIROBALI REALESTATE,,Yani KusumaAgen KorporatNIB:080722002****,,https:/picture.rumah123.com/r123-images/300x300-crop/customer/1135536/91566e299069808039765394b3b515a9.jpg,https://www.rumah123.com/properti/denpasar-sanur/for-rent-villa-sanur-3-bedrooms-furnished-hor40664430/
Disewakan Villa Full Ocean View With Rooftop Area Jimbaran,Rp 198.000.000,year,Disewakan Villa Full Ocean View With Rooftop Area Jimbaran | Rumah123,2,2,120 m²,180 m²,Lainnya,Dikontrakkan Villa brand new Ready Ocean View With Rooftop Spesifikasi: Land size 120m² Building size 180m² (incl. Rooftop for BBQ) Bedrooms: 2 Office room : 1 Bathrooms: 2 Guest Toilet : 1 Fully-Furnished Schwimmingpool Full ocean view Garage for 1 car Cctv Wifi Semi furnished ( or by request) Location just minutes away from charming cafes exquisite restaurants Traditional Market School University. 5 minute to Gym (Klub Jimbaran) and jimbaran Beach Nusa dua Beach pandawa Beach accessible with just a quick 15 minute motorbike ride.Airport.Land 10 km to Airport. Price 198 Millionen/years Minat? Hubungi: Wa: 0878xxxxxxxx Victor,,Victor BudimanAgen KorporatNIB:812001416****,,https:/picture.rumah123.com/r123-images/300x300-crop/customer/1355712/3d863eb26ecea8eeac6f5d793444fa45.jpg,https://www.rumah123.com/properti/badung-jimbaran/disewakan-villa-full-ocean-view-with-rooftop-area-jimbaran-hor40890620/
Brand New Villa Mengwi Dekat Canggu - Leasehold - 125Sqm,Rp 23.000.000.000,year,Brand New Villa Mengwi Dekat Canggu - Leasehold - 125Sqm | vlr233119,2,3,,,,Brand New Villa Mengwi Dekat Canggu - Leasehold - 125Sqm - Leasehold: 23 years - Land Area: 125 sqm - Building Area: 137 sqm - Kitchen Area - Diningroom - Living Room - 2 Bedrooms - 3 Bathrooms - Private Swimming Pool - Garden - Price: IDR 2.300.000.xxx,,Arie Shanty RHAgen KorporatNIB:912030184****,,https:/picture.rumah123.com/r123-images/300x300-crop/customer/2023992/c013349594b44bef00ba08fc946557e4.jpg,https://www.rumah123.com/properti/badung-mengwi/brand-new-villa-mengwi-dekat-canggu-leasehold-125sqm-vlr233119/
Yearly Rental | 5-Bedroom Villa In The Heart Of Seminyak,Rp 780.000.000,year,Yearly Rental | 5-Bedroom Villa In The Heart Of Seminyak | vlr233115,5,5,,,,A Prime Location | Fully Furnished | Walk to Double Six Beach Tucked away in a private laneway in the heart of Bali's top dining and entertainment district this spacious five-bedroom villa offers exceptional privacy while being within walking distance of Seminyak's best restaurants beach clubs boutiques and just minutes from Double Six (66) Beach known for its surf and sunset views. Set on approximately 900 square meters of land with a 350 square meter build area the villa is surrounded by lush tropical gardens and ample outdoor space. All five bedrooms along with the main living and dining areas are arranged under one roof creating a comfortable and cohesive layout ideal for families or long-term residents. The property features four king-sized bedrooms and one bunk room for children a 20-meter swimming pool a fully equipped modern kitchen and ensuite bathrooms throughout. The expansive garden and pool area offer a private sanctuary in the center of Seminyak. This is a rare opportunity to acquire a large private villa in one of Bali's most walkable and high-demand residential locations.,,APAD PROPERTIESAgen Korporat,,https:/picture.rumah123.com/r123-images/300x300-crop/customer/635133/81838cd7ac8cd5e1f53f9304565a02aa.jpg,https://www.rumah123.com/properti/badung-seminyak/yearly-rental-5bedroom-villa-in-the-heart-of-seminyak-vlr233115/
Yearly Rent 2 Bedroom Villa Padang Tawang Canggu,Rp 125.000.000,year,Yearly Rent 2 Bedroom Villa Padang Tawang Canggu | Rumah123,2,2,150 m²,100 m²,Lainnya,Yearly Rent 2 Bedrooms Villa Padang Tawang Canggu Located : Tuka Padang Tawang Canggu Property Detail: Land Area : 150 sqm Building size: 100 sqm 2 Bedrooms Ensuite Kitchen open Electricity: 1000 Watts Drill Water 6x3 Private Pool Sliding door Storage Floor cement Villa Semi Furnished 2 Ac Hot water Mirror Beds Open Kitchen Price 125 million/year with minimum 2 year contract (non negotiable) The location of the villa is very quiet 10 minutes drive to Batu Bolong Beach Old Man Bar 10 minutes drive from Deus 15 minutes drive from Finns Club For further info please contact SPIROBALIREALESTATE,,Yani KusumaAgen KorporatNIB:080722002****,,https:/picture.rumah123.com/r123-images/300x300-crop/customer/1135536/935f75a0039c084a8cff41f0e06fc3e6.jpg,https://www.rumah123.com/properti/badung-canggu/yearly-rent-2-bedroom-villa-padang-tawang-canggu-hor41079928/
Wooden Villa For Rent 5 Bedroom Need Renovation Dawas Padonan Canggu,Rp 220.000.000,year,Wooden Villa For Rent 5 Bedroom Need Renovation Dawas Padonan Canggu | Rumah123,5,5,300 m²,200 m²,Lainnya,Villa Palm Raja Dawas Padonan - Renovation Required Ideal for who are looking for a cheap property for business or personal residence Property Details: Land Area: 300 m² Building Area: Approximately 200 m² Structure: Two-storey building Features: Kitchen Open living space Garage Spacious garden Private pool IMB (Building Permit) Pricing: 220 million IDR per year (slight nego) Contract Duration: Minimum of 3 years and maximum 30 years This villa is situated in a tranquil area offering a serene riverside atmosphere. While the property requires renovations for upgrades it can serve as a private residence or be rented out on a daily or monthly basis. Additional Features: 4 Bedrooms ensuite Bathroom 1 Cottage ensuite Bathroom Contact us SPIROBALI REALESTATE,,Yani KusumaAgen KorporatNIB:080722002****,,https:/picture.rumah123.com/r123-images/300x300-crop/customer/1135536/2b305342bdbd677d585a47fc86cc5871.jpg,https://www.rumah123.com/properti/badung-canggu/villa-5-bedroom-need-renovation-dawas-padonan-canggu-hor40982715/
Villa Modern dengan Pemandangan Sawah Dekat La Brisa dan Pantai Canggu,Rp 250.000.000,year,Villa Modern dengan Pemandangan Sawah Dekat La Brisa dan Pantai Canggu | vlr225496,3,3,,,,Hunian dengan gaya terbuka yang elegan dengan pemandangan sawah yang tenang sekaligus tetap dekat dengan gaya hidup dan pantai Canggu. Villa ini menawarkan kehidupan dalam-luar ruangan yang harmonis cahaya alami dan suasana tropis yang tenang sehingga sangat ideal untuk hunian pribadi. Detail : Luas tanah 500 m² Luas bangunan 300 m² Bangunan 2 lantai Full furnished Ruang tamu & ruang makan terbuka 3 kamar tidur dengan kamar mandi dalam Kolam renang pribadi (35 m x 7 m) 2 kamar tidur staf/sopir + area layanan Listrik 4400 watt Bangunan tahun 2021 Dekat ke : 5 menit ke La Brisa Bali dan Pepito Market Eco Beach 6 menit ke Pantai Canggu dan Bali Social Club - Padel & Wellness 7 menit ke Asta Medical Center 9 menit ke Atlas Beach Club dan Finns Beach Club 17 menit ke Kota Denpasar 45 menit ke Bandara I Gusti Ngurah Rai Harga sewa : Rp. 300 juta / tahun *bisa nego jika masa sewa minimal 2 tahun,,JohnHokkyAgen KorporatNIB:121021004****,,https:/picture.rumah123.com/r123-images/300x300-crop/customer/1605825/aeea4ccfd38ac57961ae5dd5a0a525c1.jpg,https://www.rumah123.com/properti/badung-canggu/villa-modern-dengan-pemandangan-sawah-dekat-la-brisa-dan-pantai-canggu-vlr225496/
For Rent 2 Br Cozy Minimalist Villa In Ubud,Rp 275.000.000,year,For Rent 2 Br Cozy Minimalist Villa In Ubud | vlr233110,2,2,,,,For Rent Cozy minimalist Villa in Ubud Price: IDR 28 million/ month IDR 275 million / year Details: Land size 250 sqm Building 250 sqm 2 bedrooms en-suite Garden Pool size 25 x 5 Gazebo Carport Open living and kitchen Furnished Located in quiet area,,Vidya HarsonoAgen KorporatNIB:221022002****,,https:/picture.rumah123.com/r123-images/300x300-crop/customer/1335432/eefeb8857b5e1016befb103787f23824.jpg,https://www.rumah123.com/properti/gianyar-ubud/for-rent-2-br-cozy-minimalist-villa-in-ubud-vlr233110/
For Rent 3 Br Brand New Villa In Pererenan,Rp 250.000.000,year,Pererenan Badung,3,4,,,,For Rent Brand New Villa in Pererenan Price: IDR: 250 million/year Yearly rent Minimal rent 2 years Pay upfront Details: Land size 250 sqm 3 bedrooms en-suite 1 storage and guest toilet Enclosed living and kitchen AC Water heater Unfurnished Pool 3 x 7 Carport Small Garden,,Vidya HarsonoAgen KorporatNIB:221022002****,,https:/picture.rumah123.com/r123-images/300x300-crop/customer/1335432/20fadfa5b74cd9889505673b8b947944.jpg,https://www.rumah123.com/properti/badung-pererenan/for-rent-3-br-brand-new-villa-in-pererenan-vlr233099/
Brand New One Bedroom Villa With Close Distance To Pandawa Beach,Rp 275.000.000.000,year,Nusa Dua Badung,1,1,,,,Introducing a brand-new one-bedroom villa just minutes from the stunning Pandawa Beach in South Bali. Located in a Pink Zone this fully furnished villa offers flexibility for personal use or rental investment. The open living area flows to a private swimming pool creating a perfect retreat while a storage room adds practical convenience. With easy access to main roads nearby attractions and a prime coastal location this villa combines lifestyle comfort and strong rental potential. Key Features: 65 m² building size 110 m² land size Pink Zone Build year 2025 1 Bedroom 1 Bathroom 3000 Watts electricity Full-furnish Interior: AC & TV Ceiling fan Sunken sofa Enclosed kitchen & dining room Equipped kitchen Enclosed living room Exterior: Swimming pool Outdoor shower Jungle view Parking area Basement Drill water Excellent Location 5 minutes to Pandawa Beach 5 minutes to Pepito Supermarket Kutuh 5 minutes to BIMC Siloam Hospital Ungasan 45 minutes to Ngurah Rai International Airport 5 minutes to cafés & restaurants,,Fullers PropertiesAgen KorporatNIB:170323002****,,https:/picture.rumah123.com/r123-images/300x300-crop/customer/1971389/ff93fe848088ef160d47ea1399dae480.jpg,https://www.rumah123.com/properti/badung-nusa-dua/brand-new-one-bedroom-villa-with-close-distance-to-pandawa-beach-vlr233094/
Komplek Villa Mini Bergaya Loft Siap Huni Dekat Canggu,Rp 15.000.000.000,year,Komplek Villa Mini Bergaya Loft Siap Huni Dekat Canggu | Rumah123,1,2,600 m²,48 m²,Lainnya,Terletak di Kerobokan sebuah lokasi yang terbukti diminati baik untuk jangka pendek maupun jangka panjang. Dirancang untuk pelancong modern dan digital nomad. Potensi keuntungan yang besar melalui penyewaan jangka pendek pengelolaan vila profesional atau strategi penyewaan hibrida. Detail : - Total Unit: 8 Vila Loft - Luas tanah keseluruhan 600 m2 - Luas bangunan per unit -+ 6x8 m / 48 m2 - Tata Letak: 1 Kamar Tidur | 2 Kamar Mandi (setiap unit) - Hak Milik: 25 Tahun - Kondisi: Semi-furnished siap disewakan Fasilitas Setiap Unit : - 2 AC - Set dapur - Pemanas air - Rangka tempat tidur (tanpa kasur) - Lemari pakaian - Set meja makan Dekat ke : 1 menit ke Lira Medika Hospital 4 menit ke Pepito Market Canggu 8 menit ke RSU Garba Med 9 menit ke Kota Denpasar 12 menit ke Atlas Beach Club dan Finns Beach Club 16 menit ke La Brisa Bali 35 menit ke Bandara I Gusti Ngurah Rai Harga sewa : Rp. 15 Miliar (nego) *Untuk 25 tahun & sudah include pajak Potensi Pendapatan & ROI Kinerja Sewa (Per Unit) : - Sewa Harian: Rp 100000xxxxxxxx - Sewa Bulanan: Rp 20.000.000 - 25.000.000 Proyeksi Pendapatan Kotor (Semua 8 Unit) : - Bulanan: Rp 1600xxxxxxxx - Tahunan: Rp 192- 24 Miliaran,,JohnHokkyAgen KorporatNIB:121021004****,,https:/picture.rumah123.com/r123-images/300x300-crop/customer/1605825/92aec5ab7274542fbfb83c3113cd423e.jpg,https://www.rumah123.com/properti/badung-kerobokan/komplek-villa-mini-bergaya-loft-siap-huni-dekat-canggu-hor41050116/
Villa 2 Lantai di Dekat Seminyak Bali,Rp 100.000.000,year,Villa 2 Lantai di Dekat Seminyak Bali | Rumah123,4,,400 m²,300 m²,SHM,Villa 2 lantai di dekat seminyak Bali Rumah family villa di bali Gresstenan Bali Selling point kerobokan Petitenget Seminyak Kuta Jalan Mahendradata Investasi Villa family Akses masuk lebar truk bisa simpangan Daerah sekitar Kerobokan Padang Sambian Kelod Denpasar cukup dekat dengan KUTA Strategis dekat dengan Rumah Sakit Perkotaan keramaian wisata seperti petitenget Seminyak Kerobokan Kuta Area sekitar rumah banyak Villa dan pemukiman pendatang. Banyak bule yg tinggal disana Luas tanah 400 meter HM Lebar depan 20 meter Luas bangunan 300 meter 2 Lantai KT 4+1 KM 4+1 Listrik 7000W Air PDAM Main bed room dilengkapi balcony pady rice view.. belakang rumah persawahan Harga jual 4.5M nego Harga sewa 100jt/ tahun min 2 th,,Teti Susantio LJ HookerAgen KorporatNIB:812010598****,,https:/picture.rumah123.com/r123-images/300x300-crop/customer/1340306/f60316003c1fbcd9eacb0d454aa863ed.jpg,https://www.rumah123.com/properti/badung-kerobokan/villa-2-lantai-di-dekat-seminyak-bali-hor41195070/
For Monthly Rent 2 Bedrooms Villa In Umalas,Rp 30.000.000,month,https://www.rumah123.com/properti/badung-umalas/for-monthly-rent-2-bedrooms-villa-in-umalas-vlr233078/,2,2,,,,For Rent 2 Bedrooms Villa in Umalas Price: IDR 30 million/year Details: Land size 150 sqm 2 bedrooms en-suite Enclosed living and kitchen Full Furnished Pool Carport,,Vidya HarsonoAgen KorporatNIB:221022002****,,https:/picture.rumah123.com/r123-images/300x300-crop/customer/1335432/99b4b78f0079e083c29d039ee6351d5a.jpg,https://www.rumah123.com/properti/badung-umalas/for-monthly-rent-2-bedrooms-villa-in-umalas-vlr233078/
Modern 2 Bedroom Villa With Private Pool In Sanur (169V),Rp 280.000.000,year,Modern 2 Bedroom Villa With Private Pool In Sanur (169V) | Rumah123,2,2,250 m²,150 m²,SHM,Modern 2-Bedroom Villa with Private Pool in Sanur - Fully Furnished (f21) Property Details Land Size: 250 m² (2.5 are) Bedrooms: 2 Bathrooms: 2 (ensuite) Living Room Open / Enclosed Kitchen Private Garden Swimming Pool: 3 × 6 meters Carport Amenities Fully Furnished Air Conditioning: 2 units Ceiling Fan Exhaust Fan Refrigerator Water Heater: 2 units Built-in Stove (2 burners) Kitchen Exhaust System Rental Price IDR 280000000 per year (Negotiable),,DANA (FGTB)Agen KorporatNIB:912020578****,,https:/picture.rumah123.com/r123-images/300x300-crop/customer/2161494/f865c6aca0a61a8d533fe143e1116269.jpg,https://www.rumah123.com/properti/denpasar-sanur/modern-2-bedroom-villa-with-private-pool-in-sanur-169v-hor41195016/
Lease 10 Years Brand New Villa Furnished In Jimbaran,Rp 150.000.000,year,Lease 10 Years Brand New Villa Furnished In Jimbaran | Rumah123,3,3,200 m²,157 m²,HGB,Specifications: - Land area 200 m² - Building area 157 m² - Electricity 7700 + 2200 watts - PDAM water & drilled well - 3 bedrooms - 3 bathrooms - 1 powder room - 1 study room - Fully furnished - Big swimming pool - 20-year leasehold 10-year lease total price: IDR 1.5 billion For more informations or to find other properties please contact : John Hokky 0895xxxxxxxx,,JohnHokkyAgen KorporatNIB:121021004****,,https:/picture.rumah123.com/r123-images/300x300-crop/customer/1605825/c006a5ae35c0b0ea1d6632c081d3041a.jpg,https://www.rumah123.com/properti/badung-jimbaran/lease-20-years-brand-new-villa-furnished-in-jimbaran-hor40768696/
Dikontrakan Villa 3 Kamar With Private Pool Dekat Pantai Sanur,Rp 350.000.000,year,Dikontrakan Villa 3 Kamar With Private Pool Dekat Pantai Sanur | Rumah123,3,3,400 m²,350 m²,Lainnya,Disewakan Villa Di Pusat Sanur Dekat Ke Pantai Sanur Spesifikasi: Luas tanah 400m2 Luas bangunan 350m2 Kamar tidur 2+1 Kamar mandi 3 Gudang 1 Dapur Ruang tamu Garase 1 mobil Garden Pool Fasilitas Shower with water heater AC (2 kamar) (1 living room) Kulkas Dispenser Kompor tanam Kitchen set Harga Sewa : 350jt/ Tahun Minat? Hubungi; Wa: 0878xxxxxxxx Victor,,Victor BudimanAgen KorporatNIB:812001416****,,https:/picture.rumah123.com/r123-images/300x300-crop/customer/1355712/f564709dd3c552f40cd65f920dca5945.jpg,https://www.rumah123.com/properti/denpasar-sanur/dikontrakan-villa-3-kamar-with-private-pool-dekat-pantai-sanur-hor41016432/
Brand New 3-Bedroom Modern Villa With Rice Field View Sanur (169V),Rp 400.000.000,year,Brand New 3-Bedroom Modern Villa With Rice Field View Sanur (169V) | Rumah123,3,3,180 m²,250 m²,SHM,Brand New 3-Bedroom Modern Villa with Rice Field View - West Sanur (f20) Set on 180 m² of land this fully furnished villa features a thoughtfully designed layout across two floors. Second Floor 2 Bedrooms with ensuite bathrooms Terrace with comfortable sofa seating Outdoor balcony overlooking the rice fields First Floor 1 Bedroom with ensuite bathroom Enclosed living room and kitchen area Facilities Private swimming pool (3.8 × 6 meters) 3 CCTV cameras 3 Air conditioners Stove with exhaust Dispenser Refrigerator 1 Television WiFi internet Electricity capacity 7700 watts Washing machine installation available This villa comes fully furnished ready for immediate occupancy making it an excellent choice for families expatriates or long-term residents seeking a quiet yet convenient lifestyle in Sanur. Price: IDR 400000000 per year (Negotiable) Minimum lease: 3 years,,DANA (FGTB)Agen KorporatNIB:912020578****,,https:/picture.rumah123.com/r123-images/300x300-crop/customer/2161494/8568e732c1d79e84f0facbdc661df2bf.jpg,https://www.rumah123.com/properti/denpasar-sanur/brand-new-3bedroom-modern-villa-with-rice-field-view-sanur-169v-hor41194779/
Newly Built Three Bedroom Villa In Quiet And Comfortable Area Of Sanur,Rp 35.000.000.000,year,Newly Built Three Bedroom Villa In Quiet And Comfortable Area Of Sanur | vlr233064,3,2,,,,Introducing a newly built three-bedroom villa in a quiet and comfortable area of Sanur perfect for families retirees or long-term living. Designed with clean modern lines bright interiors and a functional layout it offers a warm and inviting atmosphere. Available unfurnished for full personalization with an optional full-furnish package for immediate move-in or rental readiness. Each bedroom is generously sized and the open-plan living and dining area flows seamlessly to a private swimming pool for effortless indoor-outdoor living. With an extension option to add future value and a prime location just minutes from beaches cafés restaurants and international schools this villa is a rare opportunity to own a brand-new home in one of Sanur's most desirable neighborhoods. Key Features: 128 m² building size 239 m² land size Yellow Zone Build year 2025 3 Bedrooms 2 Bathrooms 7700 Watts electricity Unfurnished Interior: AC Kitchen Enclosed living & dining room Exterior: Swimming pool Parking area Small garden Drill water Excellent Location 10 minutes to Sanur Beach 5 minutes to Hardy's Supermarket 5 minutes to Bali Royal Hospital 45 minutes to Ngurah Rai International Airport 5 minutes to Dyatmika School Sanur,,Fullers PropertiesAgen KorporatNIB:170323002****,,https:/picture.rumah123.com/r123-images/300x300-crop/customer/1971389/f78e6012a5ac99b00371d8e70de68b14.jpg,https://www.rumah123.com/properti/denpasar-sanur/newly-built-three-bedroom-villa-in-quiet-and-comfortable-area-of-sanur-vlr233064/
Villa For Rent Area Kesiman Denpasar Timur,Rp 400.000.000,year,Villa For Rent Area Kesiman Denpasar Timur | Rumah123,4,2,425 m²,221 m²,Lainnya,- Land size 425 m2 - ⁠Building size 221 m2 - ⁠Bedrooms 4 - ⁠Bathrooms 2 - ⁠Private pool - ⁠5.500 electricity - ⁠No PDAM - ⁠SHM - ⁠Large garage space fit into 5 cars - ⁠Furnished - ⁠Gym - ⁠Office - ⁠Maid room - ⁠Storage room - ⁠Maid kitchen / wet kitchen - ⁠Large car park - ⁠Wide road access - ⁠Wakin closer ( 6 Air conditioner ) ( 3 TV ) ( Sound bar ) IDR 400.000.xxx/Year Selling Point : - 3 min to Sanur - ⁠4 min Regents School - ⁠4 min to Bali International Golf - ⁠5 min to Mall Living World - ⁠15 min to Renon - ⁠45 min to Airport (bastianris040326),,DAYU ARISAgen KorporatNIB:912020578****,,https:/picture.rumah123.com/r123-images/300x300-crop/customer/4377612/03541b6adaebb2dd101adf2227a43626.jpg,https://www.rumah123.com/properti/denpasar-kesiman/villa-for-rent-area-kesiman-denpasar-timur-hor41194476/
For Rent 2 Bedrooms Furnished Villa In Umalas,Rp 295.000.000,year,Umalas Badung,2,2,,,,For Rent 2 Bedrooms Furnished Villa in Umalas Price: IDR 295 million/year Yearly rent only Details: Land size 150 sqm 2 bedrooms en-suite Open kitchen Enclosed living Pool Carport Fully Furnished,,Vidya HarsonoAgen KorporatNIB:221022002****,,https:/picture.rumah123.com/r123-images/300x300-crop/customer/1335432/ea86b4c190ae3a90a16557041c7159a1.jpg,https://www.rumah123.com/properti/badung-umalas/for-rent-2-bedrooms-furnished-villa-in-umalas-vlr233053/
Ricefield View Villa In Berawa Canggu 7 Minute To Atlas Beach Club,Rp 250.000.000,year,Ricefield View Villa In Berawa Canggu 7 Minute To Atlas Beach Club | vlr147869,3,3,,,,:fire:Villa For Sale Or Leasehold in Berawa Canggu - North of Kuta Badung Ricefield View ( Full Furnished ) Land Size 300m2 (3 Are) Building Size 300m2 Swimming Pool 3 x 8 Meter 2floor 3 Bedrooms 3 Bathrooms Kitchen Living Room Dinning Room Karaoke Room Storage Garden Carport for 3 Cars Electricity 7700 Watt token Water Deep Well Road Acces 4 Meter Paving Freehold (SHM + PBG Thn 2023) 7 Minute to Berawa Beach & Atlas Beach Club Price IDR 65 Bilion (Freehold) Price 250 Milion / Year (Leasehold) (Minimal Sewa 5 Tahun),,Dewata propertyAgen IndependenNIB:010125000****,,https:/picture.rumah123.com/r123-images/300x300-crop/customer/638136/c0efe05bf5995b511a7337f89e19f66f.jpg,https://www.rumah123.com/properti/badung-canggu/ricefield-view-villa-in-berawa-canggu-7-minute-to-atlas-beach-club-vlr147869/
Vila Fully Furnished Pool Di Kesiman Sanur,Rp 375.000.000,year,Vila Fully Furnished Pool Di Kesiman Sanur | vlr198932,4,4,,,,Villa 2 lantai di Sanur Denpasar. For rent di wilayah yang tenang. Dengan rinciannya adalah sebagai berikut: - Kamar Tidur: 4 - Kamar Mandi: 4 - Sertifikat: - Dan properti ini juga unggul karena: - Full Furnished. - Siap Huni. - Bebas Banjir. - Lokasi di Pusat Kota. - Lingkungan Tenang dan Damai. - Properti Bisa Nego. - Akses Jalan Muat 2 Mobil. - Lokasi Strategis. Lokasi villa ini dekat fasilitas umum hanya selangkah menuju berbagai fasilitas utama dan menarik. Dengan Rp. 375.000.xxx/thn (minimal 5thn) anda dapat langsung dapatkan villa terbaik di daerah Sanur ini.,,I GUSTI AYU YUNI ASTIKAAgen KorporatNIB:912010324****,,https:/picture.rumah123.com/r123-images/300x300-crop/customer/4382886/e17287f6f92993dee0eae2707f2b9d47.jpg,https://www.rumah123.com/properti/denpasar-sanur/vila-fully-furnished-pool-di-kesiman-sanur-vlr198932/
Tropical Beachside Villa At Seminyak Area For Rent,Rp 550.000.000,year,Tropical Beachside Villa At Seminyak Area For Rent | vlr222653,3,3,,,,Tropical Beachside Villa for Rent - Seminyak Bali Price: IDR 550.000000 / year Experience the best of island living in this charming tropical-style villa ideally located in the beachside area of Seminyak. Just minutes from the ocean cafes and lifestyle hotspots this villa offers comfort privacy and a prime location-perfect for long-term living or as a serene holiday home. Property Details: 3 Bedrooms 3 Bathrooms Land Size: 250 sqm Building Size: 180 sqm Tropical design with open airy layout Private swimming pool Spacious living & dining area Fully equipped kitchen Parking space Lush garden ambiance Highlights: -Prime beachside Seminyak location -Surrounded by cafes restaurants boutiques & beach clubs -Cozy tropical architecture with natural finishes -Ideal for families couples or expat living -Quiet yet close to Seminyak's vibrant lifestyle Contact us today to arrange a viewing and secure your tropical home in Seminyak!,,JamesAgen IndependenNIB:240822001****,,https:/picture.rumah123.com/r123-images/300x300-crop/customer/1258884/35b81718d30fd7ed51f6ec9fdffca82e.jpg,https://www.rumah123.com/properti/badung-seminyak/tropical-beachside-villa-at-seminyak-area-for-rent-vlr222653/
Vila Baru di Pecatu Terdapat 2 Bangunan Villa dengan Satu Pool,Rp 580.000.000,year,Pecatu Badung,4,4,,,,Villa 1 lantai di Pecatu Badung. Disewakan di wilayah yang tenang. Dengan spesifikasinya adalah sebagai berikut: - Kamar Tidur: 4 - Kamar Mandi: 4 - Sertifikat: - Dan properti ini juga pilihan tepat karena: - Full Furnished. - Siap Huni. - Bebas Banjir. - Dekat Tempat Wisata. - Lokasi di Pusat Kota. - Lingkungan Tenang dan Damai. - Lokasi Strategis. - Lokasi Bebas Banjir. Keberadaan villa berikut dekat fasilitas umum hanya selangkah menuju berbagai fasilitas utama dan menarik. Dengan Rp. 580.000.xxx/year dan 55.000.000/month anda dapat langsung dapatkan villa strategis di daerah Pecatu ini.,,I GUSTI AYU YUNI ASTIKAAgen KorporatNIB:912010324****,,https:/picture.rumah123.com/r123-images/300x300-crop/customer/4382886/b26fa79b6e79aefcde5906a43ad65858.jpg,https://www.rumah123.com/properti/badung-pecatu/vila-baru-di-pecatu-terdapat-2-bangunan-villa-dengan-satu-pool-vlr225800/
Kbp0776 Cozy House With Minimalist Design In Sanur,Rp 50.000.000,year,Kbp0776 Cozy House With Minimalist Design In Sanur | vlr233036,1,1,,,,ID : KBP0776 SANUR SANUR - Yearly RENTAL 1 Bedrooms House IDR 50 Mill/ Year WESTSIDE Cozy House with Minimalist Design in Sanur This house has 1 bedroom with en-suite bathroom has an enclosed kitchen and is provided with Fully furiture. for the location of this house is very strategic close to supermarkets restaurants and not far to the beach. Close to the Bypass close to the Balimandara 5 minutes drive to The Beach 25 Minutes drive to The Airport Detail : - 1-Storey building - 50 Sqm land size - Building Size 30 Sqm - Closed Living - 1 Bedrooms - 1 Bathrooms - Closed Kitchen - Full furnish - Hot water - Stove - Refrigerator - Ac 1 - Garage - PDAM Water Supply - Electric 2200 Watt,,dessy yantiAgen Independen,,https:/picture.rumah123.com/r123-images/300x300-crop/customer/817697/0e73afd41672adfae30c107c2985652e.jpg,https://www.rumah123.com/properti/denpasar-sanur/kbp0776-cozy-house-with-minimalist-design-in-sanur-vlr233036/
Villa 2 Kamar Tidur dengan Ruang Tamu Tertutup Penuh di Cepaka (R-Cp77),Rp 40.000.000,month,Cepaka Tabanan,,2,,,,Villa modern satu lantai yang terletak di desa Cepaka yang tenang menawarkan dua kamar tidur dengan desain tertutup penuh untuk kenyamanan dan keamanan dalam hunian. Berdiri di atas lahan seluas 200 m² villa ini menghadirkan suasana tinggal yang tenang dan asri dikelilingi oleh kehijauan alam namun tetap hanya berjarak sekitar 15-20 menit dari Pererenan dan Canggu. Daya tarik utama properti ini adalah kolam renang pribadi sepanjang 12 meter yang dilengkapi dengan kursi berjemur di dalam kolam menciptakan pengalaman layaknya resort pribadi. Area ruang tamu yang sepenuhnya tertutup memberikan kenyamanan dalam berbagai kondisi cuaca sekaligus tetap menghadirkan cahaya alami dan nuansa tropis. Dengan akses langsung ke jogging track Selingsing serta kondisi villa yang sudah fully furnished properti ini sangat cocok untuk penyewa jangka menengah yang mencari privasi ketenangan dan gaya hidup aktif di Cepaka.,,BBBali Home BaseAgen Korporat,,https:/picture.rumah123.com/r123-images/300x300-crop/customer/2171415/f265b9b445d8e12364ee573800f6ced5.jpg,https://www.rumah123.com/properti/tabanan-cepaka/villa-2-kamar-tidur-dengan-ruang-tamu-tertutup-penuh-di-cepaka-rcp77-vlr233032/
Vila Luas 1.100 M2 di Sanur dengan Pool dan Garden Yg Luas Mr,Rp 500.000.000,year,Vila Luas 1.100 M2 di Sanur dengan Pool dan Garden Yg Luas Mr | vlr210428,4,5,,,,Villa 1 lantai di Sanur Denpasar. Disewakan di wilayah yang asri. Dengan spesifikasinya adalah sebagai berikut: - Kamar Tidur: 4 - Kamar Mandi: 5 - Sertifikat: - Dan properti ini juga unggul karena: - Full Furnished. - Siap Huni. - Bebas Banjir. - Lokasi di Pusat Kota. - Lingkungan Tenang dan Damai. - Properti Bisa Nego. - Akses Jalan Muat 2 Mobil. Keberadaan villa ini mudah dijangkau hanya selangkah menuju berbagai fasilitas utama dan menarik. Dengan Rp. 500.000.xxx/thn anda dapat langsung dapatkan villa istimewa di daerah Sanur ini.,,I GUSTI AYU YUNI ASTIKAAgen KorporatNIB:912010324****,,https:/picture.rumah123.com/r123-images/300x300-crop/customer/4382886/8c98191edf88eb4ff30a7f065d1a69e6.jpg,https://www.rumah123.com/properti/denpasar-sanur/vila-luas-1100-m2-di-sanur-dengan-pool-dan-garden-yg-luas-mr-vlr210428/
Modern Villa Furnished Prime Location Canggu,Rp 400.000.000,year,Modern Villa Furnished Prime Location Canggu | vlr176809,3,3,,,,Villa II lantai di Canggu Badung. For rent di wilayah yang nyaman. Dengan rinciannya adalah sebagai berikut: - Kamar Tidur: 3 - Kamar Mandi: 3 - Sertifikat: SHM Dan properti ini juga unggul karena: - Bebas Banjir. - Siap Huni. - Full Furnished. - Lokasi di Pedesaan. - Adem & Sejuk. - Lingkungan Tenang dan Damai. - Cocok Untuk Investasi. - Akses Jalan Muat 2 Mobil. - Lokasi Strategis. - Lokasi Bebas Banjir. - One Gate System. Lokasi villa berikut strategis hanya selangkah menuju berbagai fasilitas utama dan menarik. Hanya Rp. 400.000.xxx anda dapat langsung dapatkan villa strategis di daerah Canggu ini. Tersedia juga untuk rental period Monthly.,,NDARI (FYFM)Agen KorporatNIB:912020578****,,https:/picture.rumah123.com/r123-images/300x300-crop/customer/1994928/e1db5d0435a70a908207972493548011.jpg,https://www.rumah123.com/properti/badung-canggu/modern-villa-monthly-rent-canggu-vlr176809/
Sophisticated Joglo-Style Architectural Villa For Rental With Private Pool In Pererenan,Rp 650.000.000,year,Canggu Badung,3,4,,,,Tucked away on a peaceful street in Pererenan this modern villa is a private sanctuary where elegance meets comfort. Clean architectural lines natural stone and warm timber create a refined yet inviting atmosphere while high ceilings and expansive windows fill the living spaces with soft natural light and fresh island breezes. At its heart a sparkling pool connects four beautifully designed bedrooms each offering a calm and stylish retreat. Seamless indoor-outdoor living invites slow mornings sunlit afternoons and relaxed evenings by the water. As night falls soft lighting transforms the villa into a warm intimate haven - perfect for gathering unwinding and embracing Bali's serene lifestyle. Rental Options: Monthly: IDR 65000000 Yearly: IDR 650000000 Key Features: Building Size	: 246 m² Land Size	: 403 m² Bedrooms	: 3 Bathrooms	: 35 Zoning		: Pink Electricity	: 7.700 watts Weekly housekeeping ⏬ Indoor ⏬ Open-plan layout Fully equipped kitchen Smart TV AC ⏬ Outdoor ⏬ Private pool Pool cleaning Private parking space Garden High-speed Wi-Fi 24/7 on-call guest assistance Water filtration system Rooms with balconies Drill water Excellent Location 10 minutes to Pepito Supermarket 10 minutes to Echo Beach 15 minutes to Berawa Beach 15 minutes to Finns Beach Club 60 minutes to Ngurah Rai International Airport 5 minutes to Restaurants and Cafés,,Fullers PropertiesAgen KorporatNIB:170323002****,,https:/picture.rumah123.com/r123-images/300x300-crop/customer/1971389/54ace13e071ec82080e834f07eeca7b6.jpg,https://www.rumah123.com/properti/badung-canggu/sophisticated-joglostyle-architectural-villa-for-rental-with-private-pool-in-pererenan-vlr233025/
Villa Mewah View Laut Dan Patung Gwk di Jimbaran Badung,Rp 725.000.000,year,Villa Mewah View Laut Dan Patung Gwk di Jimbaran Badung | vlr5725,3,4,,,,Dijual Villa mewah view laut dan patung GWK di Jimbaran. LT 380 m2 LB 450m2 KT 3 KM 4 Living Room Dining Room Kitchen set Barbeque area Kolam renang Listrik 7700 Watt Air PDAM Full furnished SHM IMB Balkon view laut dan patung GWK Harga. : - IDR 725 juta per tahun - IDR 75 juta per bulan Lokasi strategis ~ 850 mtr ke Pepito Market ~ 22 km ke Patung GWK ~ 43 km ke pantai Jimbaran Pusat kuliner Ikan Bakar Jimbaran ~ 55 km ke Savaya Beach Club pantai Melasti ~ 7 km ke pantai Pandawa pantai Balangan ~ 8 km ke pantai Bingin pantai Padang Padang ~ 9 km ke Pura Uluwatu Kecak dance ~ 12 km ke Airport Ngurah Rai,,Didi ThejaAgen KorporatNIB:812011713****,,https:/picture.rumah123.com/r123-images/300x300-crop/customer/1859286/6fc7b64a24044caca708ecdb8488764d.jpg,https://www.rumah123.com/properti/badung-jimbaran/villa-mewah-view-laut-dan-patung-gwk-di-jimbaran-badung-vlr5725/
Villa Jegeg - Tumbak Bayuh,Rp 250.000.000,year,https://www.rumah123.com/properti/badung-tumbak-bayuh/villa-jegeg-tumbak-bayuh-vlr233019/,3,3,,,,VILLA JEGEG - TUMBAK BAYUH 3-Bedroom Private Villa for Rent Discover the perfect blend of comfort privacy and tropical charm in this beautiful villa - ideal for families or long-term living ✨ Property Features: - 3 Spacious Bedrooms - 3 Bathrooms - Large Living Room - Private Swimming Pool (4 x 6 m) - Spacious Garden Area - 1 Gazebo - 3 Air Conditioners - 1 Water Heater - Electricity Capacity 7700 kWh - Land Size: 200 m² (2 Are) Designed to offer a peaceful atmosphere with generous outdoor space - perfect for relaxing afternoons or entertaining guests. Enjoy your own private pool and cozy gazebo for a true tropical lifestyle experience. Available for yearly rental. Contact us for more information or to schedule a viewing. Code: #chy#3#26#vill-tbkbyh#rnt,,yuliaworklineAgen Independen,,https:/picture.rumah123.com/r123-images/300x300-crop/customer/608894/b993ce8b0b29140f5bd07acf9b128f57.jpg,https://www.rumah123.com/properti/badung-tumbak-bayuh/villa-jegeg-tumbak-bayuh-vlr233019/
Disewakan Villa Baru Kerobokan Seminyak Dekat Canggu Vila di Seminyak,Rp 220.000.000,year,Disewakan Villa Baru Kerobokan Seminyak Dekat Canggu Vila di Seminyak | vlr224860,2,2,,,,Villa 1 lantai di Seminyak Badung. Disewakan di wilayah yang asri. Dengan kategorinya adalah sebagai berikut: - Kamar Tidur: 2 - Kamar Mandi: 2 - Sertifikat: - Dan properti ini juga unggul karena: - Full Furnished. - Dekat Tempat Wisata. - Lokasi di Pusat Kota. - Lingkungan Tenang dan Damai. - Cocok Untuk Investasi. - Akses Jalan Muat 2 Mobil. Lokasi villa berikut mudah dijangkau hanya selangkah menuju berbagai fasilitas utama dan menarik. Hanya Rp. 18.333.333 anda dapat langsung dapatkan villa eksklusif di daerah Seminyak ini. Tersedia juga untuk rental period Yearly.,,NYOMAN PUTRAAgen KorporatNIB:812001416****,,https:/picture.rumah123.com/r123-images/300x300-crop/customer/1445641/d8225f01d9b7ad7a4a1de9802a0cce8d.jpg,https://www.rumah123.com/properti/badung-seminyak/disewakan-villa-baru-kerobokan-seminyak-dekat-canggu-vila-di-seminyak-vlr224860/
Disewakan Villa Di Canggu Bali Siap Huni Full Furnished,Rp 200.000.000,year,Disewakan Villa Di Canggu Bali Siap Huni Full Furnished | vlr136440,3,3,,,,Villa di Canggu. Miliki villa 1 lantai yang nyaman ini disewakan menghadirkan lingkungan fasilitas yang lengkap cocok untuk Anda yang menginginkan hunian aman. Spesifikasi Utama Properti: - Kamar Tidur: 3 - Kamar Mandi: 3 - Sertifikat: - Fitur unggulan: - Full Furnished. - Siap Huni. - Bebas Banjir. - Lokasi di Pusat Kota. - Lokasi Pinggiran Kota. - Lokasi di Perkampungan. - Lokasi di Pedesaan. - Dekat Kawasan Bisnis & Industri. - Lingkungan Tenang dan Damai. - Adem & Sejuk. - Pemandangan Gunung. - Pemandangan Alam. - Pemandangan City View. - Cocok Untuk Investasi. - Cocok Untuk Dijual Kembali. - Aset Kepemilikan Pribadi (Tangan Pertama). - Properti Bisa Nego. - Akses Jalan Muat 2 Mobil. - Lokasi Strategis. - Lokasi Bebas Banjir. bisa disewa bulanan juga,,DesyAgen KorporatNIB:812001700****,,https:/picture.rumah123.com/r123-images/300x300-crop/customer/1339349/077797f50427c26db456dd18190d824c.jpg,https://www.rumah123.com/properti/badung-canggu/disewakan-villa-bagus-furnished-di-canggu-badung-bali-vlr136440/
Villa Mewah Pemandangan Laut Bandara dan Sunrise di Jimbaran,Rp 400.000.000,year,Villa Mewah Pemandangan Laut Bandara dan Sunrise di Jimbaran | Rumah123,3,4,300 m²,450 m²,SHM,Luas tanah 300 m² Luas bangunan 450 m² 3 Kamar tidur 3 Kamar mandi + 1 Ruang keluarga Ruang makan Dapur bersih Dapur kotor Ruang staff Ruang service Toilet Swimming pool (4m x 8m) Gazebo Balkon Gudang Garasi 2 mobil Daya listtik 7.700 watt Air sumur bor Fully Furnished Akses jalan 45 meter Harga sewa : IDR 400 juta/tahun Masa sewa minimum 2 tahun ( THE ) More info. : Didi Theja SAP Bali 0878xxxxxxxx,,Didi ThejaAgen KorporatNIB:812011713****,,https:/picture.rumah123.com/r123-images/300x300-crop/customer/1859286/2023-11-27-07-58-23-f40128c6-29eb-433b-ae6d-44699e92dc92.jpg,https://www.rumah123.com/properti/badung-jimbaran/villa-mewah-pemandangan-laut-bandara-dan-sunrise-di-jimbaran-hor15597307/
Leased Hold 20 Th di Balangan Jimbaran Bali,Rp 175.000.000.000,year,Leased Hold 20 Th di Balangan Jimbaran Bali | vlr52308,2,2,,,,Brand new Villa Balangan Jimbaran 2 Unit Villa Lease Hold or Sales Balangan Jimbaran Bali ( 1 unit ready and another one progres to build est. Finish July 2025) - Land 100m² - Building 80 m² - SHM freehold - PBG on process - Deepwealth water supply - 7 mnts to Pantai Balangan Specification 2 Bedrooms 2 Bathrooms Pool 3 x 45 m Kitchen Living room Fully furnished Electricity 5.500 Watt Water Tandon 2.000 liter Facing north Road acces 4 m Special Promo 1 unit Leasedhold 20 yrs 175 bio,,NYOMAN PUTRAAgen KorporatNIB:812001416****,,https:/picture.rumah123.com/r123-images/300x300-crop/customer/1445641/327feac4df6e315475ac6abe0ae5cdad.jpg,https://www.rumah123.com/properti/badung-jimbaran/leased-hold-20-th-di-balangan-jimbaran-bali-vlr52308/
Spacious 3Bedroom Furnished Villa Umalas Location (185V),Rp 370.000.000,year,https://www.rumah123.com/properti/badung-umalas/spacious-3bedroom-unfurnished-villa-umalas-location-185v-hor40355671/,3,4,250 m²,200 m²,SHM,Villa for Rent Property Details: 3 Bedrooms 4 Bathrooms Enclosed Living Room Laundry Room Private Swimming Pool Private Parking Area Location: 1 minute from The Meat Emporium Umalas 7 minutes from Batu Belig Beach,,DANA (FGTB)Agen KorporatNIB:912020578****,,https:/picture.rumah123.com/r123-images/300x300-crop/customer/2161494/83a0e630c9f4f09ce143c6d4bb6c37e7.jpg,https://www.rumah123.com/properti/badung-umalas/spacious-3bedroom-unfurnished-villa-umalas-location-185v-hor40355671/
Kulat Padang Padang - Brand New Modern Villa,Rp 75.000.000.000,year,https://www.rumah123.com/properti/badung-pecatu/kulat-padang-padang-brand-new-modern-villa-vlr230888/,2,3,,,,Kulat Padang Padang - Brand New Modern Villa #villa@villaslandsbali Price: IDR 7500000000 Location: Kulat Padang Padang Land Size: 270 m² Building Size: 232 m² Bedrooms: 2 ensuite Bathrooms: 3 + 1 outdoor shower Ownership: Leasehold - 25 years + 25 years extension Features: Private swimming pool Carport Kitchen dining & living area Garden High-quality finishing Surrounded by villa neighborhood Completed: August 2025 Permit: SLF on progress ********,,AsihAgen KorporatNIB:912010636****,,https:/picture.rumah123.com/r123-images/300x300-crop/customer/1075821/5aa5802641831380b9d4a14b3fc602cc.jpg,https://www.rumah123.com/properti/badung-pecatu/kulat-padang-padang-brand-new-modern-villa-vlr230888/
Villa Resort Opportunity - Nyang Nyang Uluwatu,Rp 265.000.000.000,year,https://www.rumah123.com/properti/badung-uluwatu/villa-resort-opportunity-nyang-nyang-uluwatu-vlr230885/,,1,,,,Villa Resort Opportunity - Nyang Nyang Uluwatu #villa@villaslandsbali Price: IDR 2650000000 Location: Nyang Nyang Uluwatu Unit Size: 75 m² Mezzanine Bedroom Living Room Kitchen Bathroom Terrace Facilities: Swimming pool on site restaurant area Management: Own management & staff team ROI: Estimated 16% Completion: Q2 2026 Ownership: Leasehold - 25 years + priority extension 25 years ********,,AsihAgen KorporatNIB:912010636****,,https:/picture.rumah123.com/r123-images/300x300-crop/customer/1075821/62734a518c01c267f36154e68501baa1.jpg,https://www.rumah123.com/properti/badung-uluwatu/villa-resort-opportunity-nyang-nyang-uluwatu-vlr230885/
Villa Brand New Villa With Swimming Pool In Benoa Bali,Rp 170.000.000,year,https://www.rumah123.com/properti/badung-benoa/villa-brand-new-villa-with-swimming-pool-in-benoa-bali-vlr230886/,2,1,,,,This villa has a modern design located in a quiet area. Close to Bali National Golf Club Pandawa Beach and Nusa Dua Beach. Don't wait to check and rent this villa! Land size	: 146 Sqm Building size	: 70 Sqm Title		: Freehold (SHM) Facing		: East Building Year	: 2023 Bedroom		: 2 Bathroom	: 1 Features: Swimming pool Kitchen Carport Bathtub Water tank Semi furnished PDAM water 11.000 Watt of electricity Detail: Paving Access Lease Price: IDR 170.000.xxx / year (TANPA PERANTARA / NO BROKER),,Thara LoyalAgen KorporatNIB:150324025****,,https:/picture.rumah123.com/r123-images/300x300-crop/customer/47681/1d56afa17c474b028e010afbbbb7814d.jpg,https://www.rumah123.com/properti/badung-benoa/villa-brand-new-villa-with-swimming-pool-in-benoa-bali-vlr230886/
Sewa Villa Modern,Rp 275.000.000,year,https://www.rumah123.com/properti/badung-canggu/sewa-villa-modern-vlr230877/,,3,,,,SEWA VILLA - AREA PADONAN CANGGU Hunian eksklusif di lingkungan tenang privat dan nyaman sangat ideal untuk ekspatriat maupun keluarga yang menginginkan kualitas hidup terbaik di kawasan favorit Canggu. Villa ini menghadirkan perpaduan desain modern dengan suasana tropis yang asri memberikan kenyamanan maksimal untuk tinggal jangka panjang. Spesifikasi Properti : - Luas Tanah : 225 Are - Status : SHM - Listrik : 5.500 Watt - Air : Sumur Bor - Kamar Tidur :  - 2 Kamar Tidur di Lantai 2  - 1 Kamar Tidur di Lantai 1 - Kamar Mandi : 3 - Kitchen & Living Room : Closed - Pantry Room - Guest Toilet - Private Swimming Pool - Garasi - Pet Friendly Lokasi strategis di kawasan Padonan - Canggu dengan akses mudah ke berbagai fasilitas umum cafe maupun area wisata namun tetap menawarkan suasana hunian yang damai dan jauh dari kebisingan. Villa ini sangat cocok untuk Anda yang mencari kenyamanan privasi dan gaya hidup modern di Bali. Untuk informasi lebih lanjut dan jadwal viewing silakan hubungi kami. Unit terbatas - jangan lewatkan kesempatan ini! hanya 275jt per tahun makin lama tinggal kita bisa nego harga,,AGUS RAJAWALIAgen KorporatNIB:912020578****,,https:/picture.rumah123.com/r123-images/300x300-crop/customer/4447063/be80473f4853f4f8b0c24950eeb34554.jpg,https://www.rumah123.com/properti/badung-canggu/sewa-villa-modern-vlr230877/
Disewakan Emerald Penthouse 2 Bedroom Luxury Stay In Canggu,Rp 550.000.000,year,Disewakan Emerald Penthouse 2 Bedroom Luxury Stay In Canggu | vlr230863,2,3,,,,Rasakan pengalaman tinggal di penthouse eksklusif dengan sentuhan modern tropis di kawasan premium Canggu. Dirancang untuk kenyamanan maksimal Emerald Penthouse menawarkan privasi gaya hidup elegan dan akses mudah ke destinasi favorit Bali. Hunian ini sangat cocok bagi ekspatriat digital nomad maupun pasangan yang menginginkan residence berkelas di lokasi strategis. Detail Properti Luas Tanah: 222 m² Luas Bangunan: 200 m² Kamar Tidur: 2 bedroom luas & nyaman Kamar Mandi: 3 bathroom modern Listrik: 5.500 Watt Legalitas: HGB Fasilitas Lengkap & Siap Huni v️ 2 Wardrobe besar v️ Flat TV Screen v️ Refrigerator v️ Microwave v️ Washing Machine v️ Cooking Tools lengkap v️ Air Conditioning di setiap ruangan v️ Private Swimming Pool Setiap ruang dirancang dengan pencahayaan natural tata letak fungsional serta interior modern yang menciptakan suasana mewah namun tetap hangat. Harga Sewa: Rp 550juta Tinggal di Canggu berarti menikmati gaya hidup santai dekat pantai café trendi beach club dan pusat hiburan internasional semuanya hanya beberapa menit dari hunian Anda. Hubungi sekarang untuk detail lebih lanjut dan jadwal viewing. Emerald Penthouse bukan sekadar tempat tinggal ini adalah statement gaya hidup Anda.,,VAVAAgen KorporatNIB:912020578****,,https:/picture.rumah123.com/r123-images/300x300-crop/customer/4409617/985b251a02ddec12e0ea57686d0fad24.jpg,https://www.rumah123.com/properti/badung-canggu/disewakan-emerald-penthouse-2-bedroom-luxury-stay-in-canggu-vlr230863/
Luxurious Villa For Lease 25 Years In The Heart Of Berawa Canggu Bali,Rp 68.000.000.000,year,Luxurious Villa For Lease 25 Years In The Heart Of Berawa Canggu Bali | vlr227446,3,3,,,,Luxurious villa for lease 25 years in the heart of berawa canggu bali. Location: Prime location Berawa Canggu Bali. Selling Price 	-	Leasehold: IDR 6.8 Billion (Negotiable) Property Details 	-	Land Size: 200 m² 	-	Building Size: 370 m² 	-	Bedrooms: 3 ensuite bedrooms 	-	Bathrooms: 3 ensuite bathrooms + 1 powder room 	-	Swimming Pool: 4 x 7 meters 	-	Maid's Quarter: Yes 	-	Car Park: Spacious parking area for multiple vehicles 	-	Additional Rooms: Powder room storage area and laundry room 	-	Furnishing: Fully furnished with luxury modern interiors designed for premium living comfort 	-	Year Built: Completed on 3 February 2026 	-	Building Permit (PBG - Pondok Wisata / Tourist Lodge): Suitable for residential use villa operation or rental investment 	-	Electricity Capacity: 7700 W (7.7 kW) Key Features 	-	Located on a naturally elevated plot approximately 160 cm above the main road providing excellent natural airflow 	-	High-quality modern construction with premium finishes 	-	Premium UPVC doors and windows fitted with double-glazed glass offering superior soundproofing thermal insulation and enhanced living comfort 	-	Thoughtfully designed for both private living and strong investment potential 	-	Beautiful evening sunset sky views Location Highlights 	-	Approximately 1.5 km to the beach 	-	500 m to Pepito & Prestige Supermarkets 	-	300 m to local wet market 	-	300 m to Alpha Gym and other popular fitness centers 	-	Surrounded by restaurants cafés shops and popular tourist attractions 	-	Prime location in one of Canggu's most sought-after areas Overview This luxurious modern villa offers the perfect balance between stylish living and a prime investment opportunity. With its contemporary design high-quality build sound-insulated interiors and unbeatable Berawa-Canggu location it is ideal as a private residence holiday home or high-yield rental property.,,Wanto antoAgen KorporatNIB:230623011****,,https:/picture.rumah123.com/r123-images/300x300-crop/customer/1328698/2096940907f905389e90072fd11cc3ad.jpg,https://www.rumah123.com/properti/badung-canggu/luxurious-villa-for-lease-25-years-in-the-heart-of-berawa-canggu-bali-vlr227446/
Villa Furnish di Umalas Bebas Banjir Terawat dan Sangat Nyaman,Rp 350.000.000,year,Kerobokan Badung,3,3,,,,Villa in Umalas / Bumbak Kerobokan Kuta Utarabadung Fully Furnished Luas tanah 100 Luas bangunan 100 Air sumur Listrik 5500 3 Bedroom 3 Bathroom Hadap Utara Large Kitchen Private parking for car or motorbike Linen Storage Include: Garbage Garden & Pool Maintenance Strong WiFi Surroundings : The Meat Emporium (1min) Satoshi Restaurant (1min) Bulls Gym Canggu (5min) Soma Fight Club (5min) 350jt/th,,NENENG (AQML)Agen KorporatNIB:912020578****,,https:/picture.rumah123.com/r123-images/300x300-crop/customer/1970760/a139364cfdc242e701303afa7cc5833b.jpg,https://www.rumah123.com/properti/badung-kerobokan/villa-furnish-di-umalas-bebas-banjir-terawat-dan-sangat-nyaman-vlr230859/
Disewakan Tropical Villa 1 Bedroom di Sanur,Rp 200.000.000,year,Disewakan Tropical Villa 1 Bedroom di Sanur | vlr230856,1,1,,,,Villa di Sanur Denpasar. For rent di wilayah yang tenang. Dengan kategorinya adalah sebagai berikut: - Kamar Tidur: 1 - Kamar Mandi: 1 - Sertifikat: - Dan properti ini juga terdepan karena: - Full Furnished. - Dipinggiran kota. - Sejuk. - Properti Bisa Nego. Lokasi villa berikut strategis hanya selangkah menuju berbagai fasilitas utama dan menarik. Dengan Rp. 16.666.667 anda dapat langsung dapatkan villa premium di daerah Sanur ini. Tersedia juga untuk rental period Yearly.,,AGUSTINA MARTINPemilik Properti,,https:/picture.rumah123.com/r123-images/300x300-crop/customer/2056806/a1ca8a9c30b17edde258b244a7c5d81b.jpg,https://www.rumah123.com/properti/denpasar-sanur/disewakan-tropical-villa-1-bedroom-di-sanur-vlr230856/
Villa Cantik 1 Kamar dengan Private Pool di Dekat Canggu Furnish,Rp 130.000.000,year,Villa Cantik 1 Kamar dengan Private Pool di Dekat Canggu Furnish | Rumah123,1,1,100 m²,85 m²,Lainnya,Your Private Sanctuary in Buduk - Where Peace Meets Convenience ​Escape the Canggu hustle without leaving it behind. Located in the serene area of Buduk - Tuka this charming 1-bedroom villa offers the perfect blend of traditional rustic vibes and modern comfort. Wake up to the rising sun and soothing rice field views every single day. ​✨ Highlight Features: - ​1 Cozy Bedroom with Ensuite Bathroom + Guest Toilet - ​Private Pool (The perfect spot to cool off!) - ​Sun-drenched spaces facing the sunrise - ​Fast WiFi & Smart TV (YouTube ready) - ​Only 15 mins to Canggu Beach - ​Monthly: IDR 14 Million - Yearly: IDR 130 Million (Include: Cleaning Gardener Garbage WiFi and Banjar fee) ​Ready to move in? Just bring your suitcase!,,Gusti ArikAgen Independen,,https:/picture.rumah123.com/r123-images/300x300-crop/customer/999072/34fe6ddcad55c465c7091844d53838a4.jpg,https://www.rumah123.com/properti/badung-mengwi/villa-cantik-1-kamar-dengan-private-pool-di-dekat-canggu-furnish-hor41156905/
Brand New Villa 3 BR Batubolong Canggu,Rp 400.000.000,year,Brand New Villa 3 BR Batubolong Canggu | vlr230847,3,4,,,,FOR Rent VILLA in Teratai Grand Village Batu Bolong/Canggu Brand New Villa modern | - Teratai Batu bolong Canggu Good LOCATION ❗️ For Viewing make appointment first Property Details: - Land Size: 120m² - 3 Bedrooms - 4 Bathrooms - Pool 6m x 3 M - Full furnish - Enclosed Living Room Price: 400 Mill/ Yearly 50 Mill/ Monthly 4.2 Billion Leasehold 25 Years Zona Orange Good for investasi. Bisnis . Sublease Include cleaning & Pool,,SBSusan Property BaliAgen KorporatNIB:912000290****,,https:/picture.rumah123.com/r123-images/300x300-crop/customer/4392642/a3c0fb90adbd0c1fd714a0fb57993f51.jpg,https://www.rumah123.com/properti/badung-canggu/brand-new-villa-3-br-batubolong-canggu-vlr230847/
Disewakan Modern Villa 2 Bedroom di Pererenan,Rp 68.000.000,month,Pererenan Badung,2,2,,,,Villa di Pererenan Badung. For rent di wilayah yang asri. Dengan spesifikasinya adalah sebagai berikut: - Kamar Tidur: 2 - Kamar Mandi: 2 - Sertifikat: - Dan properti ini juga terdepan karena: - Full Furnished. - Perdesaan. - Sejuk. - Properti Bisa Nego. Lokasi villa ini mudah dijangkau hanya selangkah menuju berbagai fasilitas utama dan menarik. Hanya Rp. 68.000.000 anda bisa langsung dapatkan villa strategis di daerah Pererenan ini. Tersedia juga untuk rental period Monthly.,,AGUSTINA MARTINPemilik Properti,,https:/picture.rumah123.com/r123-images/300x300-crop/customer/2056806/01d4e2040fad7d8efa5b1fe899072002.jpg,https://www.rumah123.com/properti/badung-pererenan/disewakan-modern-villa-2-bedroom-di-pererenan-vlr230846/
Vila Modern Super Luas Kerobokan Kuta Utara Bali,Rp 93.000.000.000,year,Vila Modern Super Luas Kerobokan Kuta Utara Bali | Rumah123,3,3,600 m²,260 m²,Lainnya,L e a s e h o l d Tropical Modern Design | 13m Pool | 30-Year Lease | Prime Residential This modern villa in Tegal Cupek Umalas offers a peaceful and private living space. It is conveniently located near Seminyak Berawa and top international schools making it highly appealing to expats and families. Features: - land area 600 sqm - build area 260 sqm - 3 bedrooms ensuite with walk in closet - western style & fully equipped kitchen - guest toilet - spacious living and dining area - outdoor dining space - office or studio - 13-meter swimming pool complements - landscaped garden - garage for 2 cars - laundry room - storage - staff quarter - 1700 kW electricity and backup generator. Key Investment Highlights: Leasehold title secured for foreign buyers. Suitable for long-term rental investment with high yield or as a private family residence Leasehold: 30 years | Year Built: 2020 Price: IDR 9.300.000.xxx,,GUSTUT (GKP)Agen KorporatNIB:912020578****,,https:/picture.rumah123.com/r123-images/300x300-crop/customer/1876131/02e8a8f6a546c10c181d6943fda5f995.jpg,https://www.rumah123.com/properti/badung-kerobokan/vila-modern-super-luas-kerobokan-kuta-utara-bali-hor40721940/
Disewakan Tropical Villa 2 Bedroom di Canggu,Rp 55.000.000,month,Disewakan Tropical Villa 2 Bedroom di Canggu | vlr230845,2,2,,,,Villa di Canggu Badung. For rent di wilayah yang nyaman. Dengan kategorinya adalah sebagai berikut: - Kamar Tidur: 2 - Kamar Mandi: 2 - Sertifikat: - Dan properti ini juga pilihan tepat karena: - Full Furnished. - Perdesaan. - Sejuk. - Properti Bisa Nego. Keberadaan villa berikut mudah dijangkau hanya selangkah menuju berbagai fasilitas utama dan menarik. Dengan Rp. 55.000.000 anda bisa langsung dapatkan villa istimewa di daerah Canggu ini. Tersedia juga untuk rental period Monthly.,,AGUSTINA MARTINPemilik Properti,,https:/picture.rumah123.com/r123-images/300x300-crop/customer/2056806/962bc79b29ba3f80ea5528890d6ef23b.jpg,https://www.rumah123.com/properti/badung-canggu/disewakan-tropical-villa-2-bedroom-di-canggu-vlr230845/
Disewakan Villa 2 Room di Tumbakbayuh...,Rp 150.000.000,year,https://www.rumah123.com/properti/badung-tumbak-bayuh/disewakan-villa-2-room-di-tumbakbayuh-hor40999300/,2,2,1500 m²,80 m²,Lainnya,Disewakan villa 2 kamar tidur 2 kamar mandi akses jalan 3 meter lokasi tumbakbayuh harga 150 juta/ tahun bisa sewa jangka panjang. dengan harga menarik. Kris. g,,Jimmy Ray ArimbawaAgen IndependenNIB:290224010****,,https:/picture.rumah123.com/r123-images/300x300-crop/customer/1757725/d8686174c1ca3054a38a74e08d99d6f9.jpg,https://www.rumah123.com/properti/badung-tumbak-bayuh/disewakan-villa-2-room-di-tumbakbayuh-hor40999300/
Vila Semi Furnished Dekat Sanur Renon Denpasar Bali,Rp 190.000.000,year,Vila Semi Furnished Dekat Sanur Renon Denpasar Bali | Rumah123,2,2,200 m²,100 m²,Lainnya,2-BR semi-furnished Villa at the famous West Sanur. :fire: Perfect for families expats or digital nomads looking for a peaceful yet strategic home in Bali. See Location on Google Maps: ******** Youtube:******** LEASING RATES: 5-UP Years: Rp. 150 Million/ Year 3-4 Years: Rp. 170 Million/ Year 1-2 Years: Rp. 190 Million/ Year SPECT: 1st floor: LARGE LIVING ROOM (Can be used as a Bedroom too) Upstairs: 2 BEDROOMS WITH BALCONY Land Size : 200 sqm Building Size: 100 sqm Building Face : north Acces : 4 meter BATHROOMS: 2 TOILET: 1 Building Year : 2019 Closed Kitchen and Closed Living Electricity : 3500 watts Carport Garden Kitchen Set Swimming pool 6 x 3m Water PDAM Near By : Kimia Farmasi 40 Meter Indaret 50 Meters Alpha Mart 100 Meters DESTINATION: 3 Minutes to the Jungle Paddle Sanur 5 minutes to Plaza Renon 6 minutes to Bali International Hospital (Sanur) 7 minutes to the Bali Icon Beach Shopping Mall 8 minutes to Sanur Port 20 minutes to Bali International Airport 25 minutes to Kuta Legian & Seminyak 30 minutes to Nusa Dua Beach 30 minutes to Canggu,,GUSTUT (GKP)Agen KorporatNIB:912020578****,,https:/picture.rumah123.com/r123-images/300x300-crop/customer/1876131/5231cf728daf60fc02f85f4c17aa8db9.jpg,https://www.rumah123.com/properti/denpasar-renon/vila-semi-furnished-dekat-sanur-renon-denpasar-bali-hor40727945/
Sewa Villa Joglo,Rp 235.000.000,year,https://www.rumah123.com/properti/badung-canggu/sewa-villa-joglo-vlr230867/,,3,,,,DISEWAKAN VILLA JOGLO EKSKLUSIF - FULL FURNISH | BABAKAN CANGGU Disewakan villa model Joglo dengan konsep nyaman & modern. Cocok untuk hunian liburan maupun kerja dari rumah (WFH). ⏳ Kontrak: 2 - 10 Tahun Harga: Rp 235.000.xxx / Tahun Spesifikasi: 3 Kamar Tidur (Setiap kamar dilengkapi KM/Toilet & Dapur Mini) Kolam Renang Pribadi 1 Dapur Besar Modern Full Furnished Luas Bangunan: 200 m² Luas Tanah: 200 m² Lokasi: Babakan Canggu - Babakan Kubu Kuta Utara ± 10 menit ke Pantai Berawa Dekat Villa Mi Casa Akses mudah Keunggulan: Lingkungan tenang & nyaman Cocok hunian liburan & WFH Dekat area wisata & kuliner Potensi sewa tinggi Info & Survey: Agus - Agen Properti Bali WA: 0821310xxxx Siap bantu sampai deal :pray:,,AGUS RAJAWALIAgen KorporatNIB:912020578****,,https:/picture.rumah123.com/r123-images/300x300-crop/customer/4447063/062473aed0c7f8cccda8db2b5ef2f3b7.jpg,https://www.rumah123.com/properti/badung-canggu/sewa-villa-joglo-vlr230867/
Villa 2Br Private Pool - Sanur (Batur Sari),Rp 220.000.000,year,Villa 2Br Private Pool - Sanur (Batur Sari) | vlr230839,2,2,,,,VILLA 2BR PRIVATE POOL - SANUR (BATUR SARI) Sewa Villa - Sanur Denpasar Lokasi Jalan Batur Sari Sanur LT 123 m² | LB 196 m² KT 2 | KM 2 + 1 Toilet Tamu Hadap Utara Listrik 2.200 Watt SHM Rp 220.000.xxx / Tahun Villa 2BR dengan kolam renang pribadi di area Sanur. Bangunan luas 196 m² di atas tanah 123 m² layout lega semi-furnished dan akan difurnish lengkap setelah deal sewa dikonfirmasi. Lokasi strategis dekat Icon Mall & Pantai Segara Ayu. Cocok untuk expat couple atau small family long stay. ⚠️ Sudah ada beberapa inquiry. Jika ada client yang cocok sebaiknya schedule viewing dalam 1-2 hari ke depan agar tidak keduluan. Hubungi via WA : Eka Liem (OWDJ0819xxxxxxxx Brighton Circle Sanur BRCPMNC,,EKA LIEM (OWDJ) HALIMAgen KorporatNIB:912020578****,,https:/picture.rumah123.com/r123-images/300x300-crop/customer/1962383/cab69c4851bbd341317871724e72d0a3.jpg,https://www.rumah123.com/properti/denpasar-sanur/villa-2br-private-pool-sanur-batur-sari-vlr230839/
Villa Nyaman di Pantai Balangan Jimbaran,Rp 350.000.000,year,Villa Nyaman di Pantai Balangan Jimbaran | vlr230840,3,3,425 m²,305 m²,SHM,DISEWAKAN VILLA PANTAI BALANGAN JIMBARAN DISEWAKAN Rp. 350 JT perTAHUN MIN SEWA 1 TAHUN LT : 425 M2 LB : 195+110 M2 SHM HADAP TIMUR VILLA 2 LANTAI FULL FURNISHED SWIMMING POOL R. TAMU DAPUR 3+1 KAMAR TIDUR 3+1 KAMAR MANDI R. LAUNDRY LISTRIK 5.500 + 5.500 WATT AIR PDAM PARKIR AREA AKSES JALAN 4 METER,,Efa RistaAgen KorporatNIB:121021004****,,https:/picture.rumah123.com/r123-images/300x300-crop/customer/807564/8fb8da5ec2e10e20068c846905983c9c.png,https://www.rumah123.com/properti/badung-kuta-selatan/villa-bagus-2-lantai-di-pantai-balangan-jimbaran-badung-bali-vlr230840/
Disewakan Villa 2 Bedroom di Tegallalang Ubud,Rp 68.000.000,month,Disewakan Villa 2 Bedroom di Tegallalang Ubud | vlr230838,2,2,,,,Villa di Tegallalang Gianyar. For rent di wilayah yang asri. Dengan rinciannya adalah sebagai berikut: - Kamar Tidur: 2 - Kamar Mandi: 2 - Sertifikat: - Dan properti ini juga terdepan karena: - Full Furnished. - Perdesaan. - Sejuk. - Properti Bisa Nego. Keberadaan villa berikut mudah dijangkau hanya selangkah menuju berbagai fasilitas utama dan menarik. Hanya Rp. 68.000.000 anda bisa langsung dapatkan villa terbaik di daerah Tegallalang ini. Tersedia juga untuk rental period Monthly.,,AGUSTINA MARTINPemilik Properti,,https:/picture.rumah123.com/r123-images/300x300-crop/customer/2056806/8ca78bdc776564fda9daac4a91427600.jpg,https://www.rumah123.com/properti/gianyar-tegallalang/disewakan-villa-2-bedroom-di-tegallalang-ubud-vlr230838/
Modern 3br Villa Walking Distance To Cemagi Beach,Rp 475.000.000,year,https://www.rumah123.com/properti/badung-cemagi/modern-3br-villa-walking-distance-to-cemagi-beach-hor15203616/,3,3,200 m²,150 m²,SHM,Villa for yearly rental only in Ombak Complex Cemagi beach Land.182m2 build.189m2 2floors Furnished 3br with 2 bathrooms Pool 3x6m Backyard Security 24hours Price 475mill/yr including -pool maintenance -bin collection -Security +banjar fee -cleaning -gardener Exclude: Electicity & internet etc,,Victor PropertyAgen KorporatNIB:230124005****,,https:/picture.rumah123.com/r123-images/300x300-crop/customer/548688/2023-10-22-04-05-29-3f349d76-a9c2-48b0-9cb6-548754fdcecd.jpg,https://www.rumah123.com/properti/badung-cemagi/modern-3br-villa-walking-distance-to-cemagi-beach-hor15203616/
Rumah Semi Villa Disewakan di Tegal Dukuh Selatan,Rp 65.000.000,year,Denpasar Barat Denpasar,2,2,100 m²,80 m²,Lainnya,*Rumah Villa Disewakan Fully Furnished Denpasar Barat Area* Tegal Dukuh Selatan - Denpasar Barat - 950 mtr ke Mitra 10 Gatsu - 2 km ke Kolam Renang Citraland - 49 km ke Mall Living Word LT : 100 m ² LB : 80 m ² KT : 2 Km : 2 Listrik : 5500kwh Air : Sumur Bor Hadap : Utara Carport : Mini car Fully furnished Harga : 65 jt / th (Nego tipis) Di utamakan sewa 2th,,DIANA (QNZY)Agen KorporatNIB:912020578****,,https:/picture.rumah123.com/r123-images/300x300-crop/customer/1185151/1f9dbe6c4d21b24d01719e8bd08d5a55.jpg,https://www.rumah123.com/properti/denpasar-denpasar-barat/rumah-semi-villa-disewakan-di-tegal-dukuh-selatan-hor41156542/
Vila Furnished Siap Huni Kerobokan Kuta Utara Bali,Rp 275.000.000,year,Vila Furnished Siap Huni Kerobokan Kuta Utara Bali | Rumah123,2,2,150 m²,150 m²,Lainnya,Villa For Rent Umalas kerobokan Bali Luas tanah 150m Luas Bangunan ± 150 2 kamar tidur 2 kamar mandi SHM dan IMB lengkap Listrik 5500 Hadap timur Air sumur bor Pool Ruang keluarga Dapur Full furnished 8 menit ke pantai batu belik 40 menit ke bandara Garasi untuk 2 mobil Harga sewa 275jt/th,,GUSTUT (GKP)Agen KorporatNIB:912020578****,,https:/picture.rumah123.com/r123-images/300x300-crop/customer/1876131/695dd7d4af447db663f165e6bd774824.jpg,https://www.rumah123.com/properti/badung-kerobokan/vila-furnished-siap-huni-kerobokan-kuta-utara-bali-hor40811486/
Vila 2 Lantai View Sawah Aman dan Nyaman Sanur Bali,Rp 220.000.000,year,Vila 2 Lantai View Sawah Aman dan Nyaman Sanur Bali | Rumah123,2,3,123 m²,196 m²,Lainnya,✨ For Rent - Book Now ✨ 2-Bedroom Villa in Sanur - Batur Sari available for lease! Features: 	-	2 Bedrooms 	-	2 Bathrooms + 1 Guest Toilet 	-	Land Size: 123 sqm - Building Size : 196 sqm Villa Details: 	-	2 Bedrooms 	-	2 Bathrooms - 1 Toilet Guest 	-The villa is currently semi-furnished and will be fully completed and furnished once the lease is confirmed. 	-	Spacious Living Room 	-	Modern Kitchen 	-	Private Pool 	-	Car Parking 	-	Balcony 	-	Laundry Area 	-	Electricity: 2200 Watt Price: IDR 220 Million / Year,,GUSTUT (GKP)Agen KorporatNIB:912020578****,,https:/picture.rumah123.com/r123-images/300x300-crop/customer/1876131/cab69c4851bbd341317871724e72d0a3.jpg,https://www.rumah123.com/properti/denpasar-sanur/vila-2-lantai-view-sawah-aman-dan-nyaman-sanur-bali-hor40998373/
Villa For Rent With Private Pool In The Heart Of Seminyak Near Seminyak Village,Rp 200.000.000,year,Villa For Rent With Private Pool In The Heart Of Seminyak Near Seminyak Village | vlr212749,1,2,,,,Nikmati hunian nyaman dengan fasilitas lengkap di lokasi premium jantung Seminyak: - 1 Kamar Tidur | 2 Kamar Mandi - Kolam Renang Pribadi untuk bersantai di rumah sendiri - 2 AC & 1 Water Heater - nyaman sepanjang hari - Dapur + Kitchen Set (Semi Furnish) siap untuk aktivitas memasak - Akses mobil & parkir mudah Bangunan bersih & siap huni - Cocok untuk yang mencari hunian private dengan suasana tenang tapi tetap dekat Seminyak Village restoran dan pusat hiburan. Rp 200 Juta / Tahun (Nego) Minimal kontrak 3 tahun ------------------------------ Enjoy a comfortable and fully equipped home in a prime location at the heart of Seminyak: - 1 Bedroom | 2 Bathrooms - Private Swimming Pool for ultimate relaxation - 2 AC Units & 1 Water Heater - comfort all day long - Semi-Furnished Kitchen with - Kitchen Set ready for your cooking needs - Clean & Ready-to-Move-In Perfect for those looking for a private and peaceful home while staying close to Seminyak Village top restaurants and entertainment hubs.,,RIMA (VDPI)Agen KorporatNIB:912020578****,,https:/picture.rumah123.com/r123-images/300x300-crop/customer/1889449/a4aa67448307c38844791577fcbc2f74.jpg,https://www.rumah123.com/properti/badung-seminyak/villa-for-rent-with-private-pool-in-the-heart-of-seminyak-near-seminyak-village-vlr212749/
Villa Cantik Modern di Ubud 3 Kamar Tidur dengan Private Pool,Rp 265.000.000,year,Villa Cantik Modern di Ubud 3 Kamar Tidur dengan Private Pool | Rumah123,,3,200 m²,150 m²,Lainnya,BRAND NEW 3BRs VILLA FOR RENT @ UBUD! 3 Bedrooms W/ great tropical modern architecture villa concept +/- 10 mnts to Central Ubud +/- 10 mnts to Monkey Forest Details: SHM (freehold) IMB Land : 200m2 Building: 150m2 Facing North (Utara) Access road aspal 6m 3 Bedrooms 3 Ensuite Bathroom Full Furnished Airconditioner Waterheater Living & Dinning Area Swimming Pool Maid room Maid bathroom Storage room Sumur bor 7700 kwh + 4400 kwh Carport Rental price: Rp.265.000.xxx / year (Villa only) Monthly Rp.30.000.000 Include -Pool Maintainance -House Cleaning 1x a week Exclude -electricity and consumable,,Gusti ArikAgen Independen,,https:/picture.rumah123.com/r123-images/300x300-crop/customer/999072/a34f641527ba2aab6cf02ad6998f9af1.jpg,https://www.rumah123.com/properti/gianyar-ubud/villa-cantik-modern-di-ubud-3-kamar-tidur-dengan-private-pool-hor40733631/
Two Storey Minimalist Villa Tanjung Benoa Nusa Dua Bali,Rp 250.000.000,year,Tanjung Benoa Badung,,3,,,,READY FOR RENT !!! Two Storey Minimalist Villa TANJUNG BENOA NUSA DUA Just A Minute's Walk to the Beach Near Conrad Hotel Holiday Inn Resort Ibis Style Hotel Supermarket Pepito Water Sport BTDC Nusa Dua Gate Toll Bali Mandara Land Size 150m2 Built Area 170m2 3 Bedroom 3 Bathroom Swimming Pool Close Living Room Dining Room Kitchen with Equiped Small Garden Carport Electricity 10.000w Water PDAM Fully Furnished 6 meters Road Access Price IDR 250 Million / Year Exclude : PDAM Garbage Fee Banjar Fee WiFi,,NIENAgen Independen,,https:/picture.rumah123.com/r123-images/300x300-crop/customer/1623972/7b52ce73a19fbd7c0bd4936383b496f5.jpg,https://www.rumah123.com/properti/badung-tanjung-benoa/two-storey-minimalist-villa-tanjung-benoa-nusa-dua-bali-vlr230821/
Two Storey Minimalist Villa Tanjung Benoa Nusa Dua Bali,Rp 250.000.000,year,Tanjung Benoa Badung,,3,,,,READY FOR RENT !!! Two Storey Minimalist Villa TANJUNG BENOA NUSA DUA Just A Minute's Walk to the Beach Near Conrad Hotel Holiday Inn Resort Ibis Style Hotel Supermarket Pepito Water Sport BTDC Nusa Dua Gate Toll Bali Mandara Land Size 150m2 Built Area 170m2 3 Bedroom 3 Bathroom Swimming Pool Close Living Room Dining Room Kitchen with Equiped Small Garden Carport Electricity 10.000w Water PDAM Fully Furnished 6 meters Road Access Price IDR 250 Million / Year Exclude : PDAM Garbage Fee Banjar Fee WiFi,,NIENAgen Independen,,https:/picture.rumah123.com/r123-images/300x300-crop/customer/1623972/7b52ce73a19fbd7c0bd4936383b496f5.jpg,https://www.rumah123.com/properti/badung-tanjung-benoa/two-storey-minimalist-villa-tanjung-benoa-nusa-dua-bali-vlr230819/
Rumah Bagus 2 Kamar Tidur Di Kerobokan Dengan Private Pool Furnis,Rp 200.000.000,year,Rumah Bagus 2 Kamar Tidur Di Kerobokan Dengan Private Pool Furnis | Rumah123,,2,100 m²,100 m²,Lainnya,Brand new fully furnished 2BR villa for monthly or yearly ☀️ Location: Gunung Salak - 10 minutes to seminyak beach - 5 minutes to Da Maria & Petitenget area Details: - Plot on 1 ara 80m2 living space - Enclosed living room - 2 ensuite bedrooms - kitchen Open area: - Swimming pool - Garden - Storage - Parking - Yearly: 200 Million/ Year,,Gusti ArikAgen Independen,,https:/picture.rumah123.com/r123-images/300x300-crop/customer/999072/47bf38f8235854964a9a12599b7f57da.jpg,https://www.rumah123.com/properti/badung-kerobokan/rumah-bagus-2-kamar-tidur-di-kerobokan-dengan-private-pool-furnis-hor40558771/
Villa Balinese Style 3 Bedrooms Melasti Beach Ungasan,Rp 380.000.000,year,https://www.rumah123.com/properti/badung-ungasan/villa-balinese-style-3-bedrooms-melasti-beach-vlr121156/,3,2,,,,For Sellprivate Villa - Ungasan - Ke Pantai Melasti 5 menit Greenbowl Beach 6 min - Furnished office chair - 3 Kamar tidur (king bed queen bed Dua 2in1 bed) total sleeps 8 persons. - 2 kmr mandi - Lahan 300 m² / 3 Are - Bangunan 260 m² - SHM / Freehold & copy imb (imb entire complex) - One Gate system - Gazebo - Taman asri - Kolam ikan - Swimming pool 3mx6m - Dekat dengan Minoo Beach Club GWK Dan Pantai Melasti * Cctv at the entrace villa * wifi installed Freehold IDR 4.9 Billions leasehold 25 years IDR 4.2Billions Yearly Rental IDR 380 millions,,Victor PropertyAgen KorporatNIB:230124005****,,https:/picture.rumah123.com/r123-images/300x300-crop/customer/548688/eaced207847eaa70304b0f1256229302.jpg,https://www.rumah123.com/properti/badung-ungasan/villa-balinese-style-3-bedrooms-melasti-beach-vlr121156/
Villa Sewa di Tukad Balian,Rp 300.000.000,year,Renon Denpasar,,,270 m²,110 m²,Lainnya,Disewakan Villa di Jalan Tukad Balian - Denpasar Selatan Villa nyaman dengan konsep modern menghadap ke barat cocok untuk hunian jangka panjang. - Luas bangunan 110 m² - Luas tanah 270 m² - 2 kamar tidur (1 master) dengan kamar mandi dalam - Kolam renang pribadi & taman - Bathtub + air panas di kamar utama - Kitchen island - Fully furnished - AC di setiap kamar - Listrik 4.400 kWh | Air PAM *Harga Sewa : Rp. 300 Juta/tahun*,,yosefinAgen KorporatNIB:912000470****,,https:/picture.rumah123.com/r123-images/300x300-crop/customer/4429979/a3870786e2840122007bd5e117074939.jpg,https://www.rumah123.com/properti/denpasar-renon/villa-sewa-di-tukad-balian-hor41154273/
Villa 3 Kamar Tidur dengan Pool dan Taman Harga All Included,Rp 375.000.000,year,Umalas Badung,,3,300 m²,150 m²,Lainnya,UMALAS 3 BEDROOMS VILLA FOR YEARLY RENTAL IDR 375.000.xxx/yearly all include exclude electricity Specification : 300 m2 3 Bedrooms 3 Bathrooms ‍♀ Swimming pool Garden ❄️ A/C in every bedroom and livingroom Parking area Guest toilet Storage,,Gusti ArikAgen Independen,,https:/picture.rumah123.com/r123-images/300x300-crop/customer/999072/f6d36689af2bd9676e955e405af30211.jpg,https://www.rumah123.com/properti/badung-umalas/villa-3-kamar-tidur-dengan-pool-dan-taman-harga-all-included-hor40751322/
Villa Cantik Baru 3 Kamar di Tumbak Bayuh Fully Furnished,Rp 310.000.000,year,Tumbak Bayuh Badung,3,3,300 m²,150 m²,Lainnya,Brand New Tropical Oasis in Tumbak Bayuh ​Looking for the perfect balance between serenity and accessibility? This brand-new 3-bedroom villa in Tumbak Bayuh offers a peaceful escape just minutes away from the vibrant energy of Pererenan and Canggu. Featuring a sleek minimalist design and a stunning sun-drenched pool. ​Specifications: - ​ 300 m2 Land Size - ​ 3 Spacious Bedrooms (AC in every room) - ​ 3 Modern Bathrooms + Guest Toilet - ​‍♀️ Private Swimming Pool & Gazebo - ​ Lush Private Garden - ​ Private Parking Area ​Rental Price: - Yearly: IDR 310 Million - Monthly: IDR 35 Million (All included except electricity) ​,,Gusti ArikAgen Independen,,https:/picture.rumah123.com/r123-images/300x300-crop/customer/999072/976f1ad13afeec2a5fdf3fd05a7d797b.jpg,https://www.rumah123.com/properti/badung-tumbak-bayuh/villa-cantik-baru-3-kamar-di-tumbak-bayuh-fully-furnished-hor41155178/
Mediterranean Style Villa In Canggu,Rp 48.000.000.000,year,Mediterranean Style Villa In Canggu | vlr230775,2,3,,,,Mediterranean Style | Paddy Field View | High Quality Build Vila mewah bergaya Mediterranean dengan kualitas bangunan premium dan detail finishing yang sangat diperhatikan. Berlokasi strategis dekat kawasan favorit Canggu dengan lingkungan yang tenang serta pemandangan sawah yang asri - kombinasi sempurna antara kenyamanan dan investasi. Dekat dengan kawasan Canggu Property Details Leasehold: 28 + 30 Years Land Size: 150 m² Building Size: 200 m² 2 Floors 2 Bedrooms 3 Bathrooms Fully Furnished ✨ Features Private Swimming Pool Water Filtration System Electricity 5500 Watt Garden Area Balcony with Paddy Field View Outdoor Bench / Lounge Area Kitchen with Island Carport & Motorcycle Parking Road Access 4.5 meters Quiet & Secure Neighborhood Price: IDR 4.8 Billion oca,,XM ParadiseAgen KorporatNIB:912030184****,,https:/picture.rumah123.com/r123-images/300x300-crop/customer/1373671/3953d6991e47c452b1f2c6ba004a4740.jpg,https://www.rumah123.com/properti/badung-canggu/mediterranean-style-villa-in-canggu-vlr230775/
For Rent/Sale Private Villa Full Furnish in Mainroad Canggu Bali,Rp 125.000.000,year,For Rent/Sale Private Villa Full Furnish in Mainroad Canggu Bali | Rumah123,3,2,100 m²,110 m²,SHM,For Rent: Private Vila Jl. Sri Krisna (Around 10 minutes to Atlas and Finns Beach Club. Walking Distance to Pepito Mart Liquor Store Drug Store and Conato Bakery at Jl. Raya Canggu) Bali. Land: 100 Sqm Building: 110 Sqm Bedrooms: 3 bedrooms incl. 1 spacious bedroom at attic) Bathroom: There are 2 bathrooms available with Hot and Cold Water facilities. The water flows very well. There is a modern style bathtub at the main bathroom downstair Kitchen: complete kitchen set incl. Modern Stove Fridge and Water dispenser. Air-conditioned in every bedroom. Fully furnished (incl. Built in wardrobes in each bedroom) Garage for 1 car Peaceful ambiance and friendly surrounding area. JUAL : 2.5 M SEWA : 125 Juta Per Tahun Tinneke FLOWY PROP,,Lily DevianiAgen KorporatNIB:020322003****,,https:/picture.rumah123.com/r123-images/300x300-crop/customer/1762953/a54e6c4103557f6dfa400b40653878a6.jpg,https://www.rumah123.com/properti/badung-canggu/for-rentsale-private-villa-full-furnish-in-mainroad-canggu-bali-hor40141016/
Modern Barnhouse Villa With Rooftop & Pool In Prime Ungasan Area,Rp 451.000.000.000,year,Ungasan Badung,2,3,,,,Discover a Modern Barnhouse Villa in prime Ungasan where contemporary design meets smart investment. This stylish 2-bedroom villa features soaring glass windows open-plan living and elegant interiors filled with natural light. Enjoy a private pool lush greenery and a rooftop terrace perfect for sunsets or BBQ nights. With a Pondok Wisata license it's fully legal for short-term rentals ideal for strong returns in Bali's booming tourism market. Turnkey and built with premium materials the villa sits minutes from Melasti Beach dining and main roads. An extension option adds future flexibility perfect for living renting or both. Key features: 151 M2 building size 200 M2 land size Yellow Zone 2024 Build year 2 Bedroom 3 bathroom PDAM Water 7.700 Wats electricity Full Furnish Interior : Sofa Enclosed Kitchen and kitchen set Living & Dinning Room TV & AC Working room Exterior : Swimming Pool Rooftop Drill water Garden Sun beds Parking space BBQ area Excellent Location 5 minutes to Melasti Beach 5 minutes to Nirmala Supermarket Ungasan 10 minutes to Uluwatu Medical Clinic 40 minutes to Ngurah Rai International Airport 5 minutes to Bukit Sunrise School,,Fullers PropertiesAgen KorporatNIB:170323002****,,https:/picture.rumah123.com/r123-images/300x300-crop/customer/1971389/84c991352576524703b5350b7759c55f.jpg,https://www.rumah123.com/properti/badung-ungasan/modern-barnhouse-villa-with-rooftop-pool-in-prime-ungasan-area-vlr230770/
Villa Cantik dengan Taman dan Pool di Pererenan 3 Kamar Tidur,Rp 245.000.000,year,Pererenan Badung,,2,250 m²,150 m²,Lainnya,PARERENAN BEACH 2 BEDROOMS VILLA FOR YEARLY RENTAL Enclosed Livingroom Opened Kitchen Price Yearly rental IDR : 245 Million per year negotiable Specification : 250 m2 2 Bedrooms 2 Bathrooms ‍♀ Swimming pool Garden ❄️ A/C in every room for your comfort Parking area,,Gusti ArikAgen Independen,,https:/picture.rumah123.com/r123-images/300x300-crop/customer/999072/e08086d2791d0b35bc2f4b6fb6056147.jpg,https://www.rumah123.com/properti/badung-pererenan/villa-cantik-dengan-taman-dan-pool-di-pererenan-3-kamar-tidur-hor40710686/
Villa Sekuta Sanur Bali,Rp 310.000.000,year,Villa Sekuta Sanur Bali | vlr230742,2,2,,,,Di sewakan villa modren industrial di sekuta Batur sari Sanur Spek: - hanya 7 menit ke pantai Sanur - kawasan villa - akses jalan mobil - 2+1 badroom+badtroom - pool - fullfunish - harga 310juta/thn,,YulisAgen IndependenNIB:912020578****,,https:/picture.rumah123.com/r123-images/300x300-crop/customer/2115992/93bc5cf0881e3b850c99e08a438a5a68.jpg,https://www.rumah123.com/properti/denpasar-sanur/villa-sekuta-sanur-bali-vlr230742/
Family Villa With Great Roi Potential For Lease In Kerobokan,Rp 46.000.000.000,year,Family Villa With Great Roi Potential For Lease In Kerobokan | vlr230755,5,6,,,,This spacious 5-bedroom family villa in Kerobokan is a smart blend of comfort and strong ROI potential. Designed with generous open-plan living a fully equipped kitchen and en-suite bedrooms it's ideal for both family living and high-performing rentals. A private swimming pool set among lush greenery creates a relaxed resort-style atmosphere. Strategically located with easy access to Seminyak Canggu and Petitenget plus cafés dining and international schools this villa is highly attractive to long- and short-term tenants alike. A turnkey property offering lifestyle appeal and excellent income potential in Bali's thriving market. Key features: 228 M2 building size 250 M2 land size Yellow Zone 2020 Build year 11.000 Wats electricity Full Furnish Interior : Sofa Kitchen and Full Equipped Living & Dinning Room TV & AC Exterior : Swimming Pool Car Port Balcony Drill water Excellent Location 10 minutes to Seminyak Beach 5 minutes to Frestive Supermarket Kerobokan 5 minutes to BIMC Hospital Umalas 40 minutes to Ngurah Rai International Airport 5 minutes to Canggu Community School,,Fullers PropertiesAgen KorporatNIB:170323002****,,https:/picture.rumah123.com/r123-images/300x300-crop/customer/1971389/5e327be48789941ae4cec5e91610169e.jpg,https://www.rumah123.com/properti/badung-kerobokan/family-villa-with-great-roi-potential-for-lease-in-kerobokan-vlr230755/
Villa 10 Kamar Strategis Pool Furnish View Sawah Pengosekan Ubud,Rp 42.000.000,month,Villa 10 Kamar Strategis Pool Furnish View Sawah Pengosekan Ubud | vlr230751,10,10,,,,Villa 10 Kamar Strategis Pool Furnish View Sawah Pengosekan Ubud 2502xxxxNO.293) (@TG) Detail Property Disewakan : Villa Kompleks (Izin Usaha Aktif) Provinsi : Bali Kota : Gianyar Area : Pengosekan - Ubud Lebar Jalan : 6 meter Luas Tanah : 900 m² (9 are) Total Bangunan : 4 unit bangunan Total Kamar : 10 kamar (tipe berbeda) Rincian Tipe Kamar - 4 Deluxe Room - 2 Suite Room - 2 Wooden Joglo Room - 2 Private Pool Room Lobby : Ada Kitchen : Lengkap Kolam Renang : 1 kolam bersama + 2 private pool Gudang Linen : 2 ruang Wifi : Lancar Air : Ada Daya Listrik : 3 meteran @ 7.700 watt Parkiran Mobil & Motor : Ada Legalitas : SHM IMB : Ada Akses Jalan : Dua arah Izin Usaha : Sudah ada View : Sawah (arah selatan) Keutamaan - Izin usaha lengkap & siap operasional - 10 kamar dengan variasi tipe - View sawah sisi selatan - Bisa kontrak panjang 10-15 tahun Harga Sewa Rp 500.000.xxx / tahun Rp 42.000.000 / bulan Nego halus,,HENDRIAgen KorporatNIB:230623011****,,https:/picture.rumah123.com/r123-images/300x300-crop/customer/1963996/ac6b99d715d9277eb8e5dd0b0f5b06cd.jpg,https://www.rumah123.com/properti/gianyar-ubud/villa-10-kamar-strategis-pool-furnish-view-sawah-pengosekan-ubud-vlr230751/
Villa Luas Westpass Sanur Bali,Rp 325.000.000,year,Villa Luas Westpass Sanur Bali | vlr230745,4,3,,,,PRIVATE VILLA Location In west By Pass Sanur for LEASE 16 years Minimum 2 Years READY UNIT !! To The Beach 10 Minutes By Motor Bike PRIVATE COMPLEX in SANUR SPECIFICATION : Land Size 300 sqm Villa area 250 sqm 4 Bedroom 3 bathroom Living are Dan Kitchen Open Private Pool Parking area Fully Furnished STRATEGIC : - 5 minute to Bypass Road Sanur - 10 minutes to ICON BALI - 10 minutes to semawang Beach - 10 minutes to Sindhu Beach - 7 minutes to McDonald's Sanur - 10 minutes to International Hospital - 20 minutes to Ngurah Rai Airport PRICE START FOR 16 YEARS : USD $ 187.500 IDR Rp 3.000.000.xxx PRICE FOR 2 YEARS IDR Rp 700000xxxx PRICE FOR 3 YEARS IDR Rp 975.000.xxx UNITS ARE VERY LIMITED ! Info & Check Location :,,YulisAgen IndependenNIB:912020578****,,https:/picture.rumah123.com/r123-images/300x300-crop/customer/2115992/eeb05fba7d9246ba3d6be3a7fa07131b.jpg,https://www.rumah123.com/properti/denpasar-sanur/villa-luas-westpass-sanur-bali-vlr230745/
Villa QuietStylish & Central Long-Term Villa In Kerobokan Forsale.,Rp 350.000.000,year,Villa QuietStylish & Central Long-Term Villa In Kerobokan Forsale. | vlr230735,2,2,,,,for Digital Nomads or Long-Term Expat Stay in Bali. Discover your private oasis in the heart of Kerobokan located in a quiet and peaceful gang yet only minutes away from cafes restaurants and hotspots. Villa Features: Luas tanah 350m2 Luas bangunan 200m2 - 2 spacious bedrooms and 1 bathrooms - Huge bright living room with sunken lounge - Large private swimming pool - Smart TV - Dedicated working area (perfect for remote work) - Big cooking island table - Fully equipped kitchen - Modern stylish design with open spaces This villa is ideal for digital nomads expats or anyone looking for a comfortable long-term stay in Bali - quiet private and still close to everything. Price: IDR 350Jt/ year Move in and enjoy Bali living at its best. Message me for viewing or more details. Meylinda P37570,,Vironica Meylinda MuliaAgen KorporatNIB:812001614****,,https:/picture.rumah123.com/r123-images/300x300-crop/customer/13544/0d63efe4c11cc5bd8312ed32feb8e157.jpg,https://www.rumah123.com/properti/badung-kerobokan/villa-quietstylish-central-longterm-villa-in-kerobokan-forsale-vlr230735/
Villa 3 Kamar Lokasi Strategis Premium Ada Pool Garasi di Umalas,Rp 200.000.000,year,Umalas Badung,3,3,,,,Villa 3 Kamar Lokasi Strategis Premium Ada Pool Garasi di Umalas 2502xxxxNO.292) (@TG) Detail Property Disewakan : Villa di Umalas 1 Provinsi : Bali Kota : Badung Area : Umalas 1 Lebar Jalan : 6 meter Luas Tanah : 250 m² Kamar Tidur : 3 Kamar Mandi : 3 Ruang Tamu : Open & closed living Dapur : Luas Kolam Renang : 4 x 7 meter Gudang : Ada Garase : 2 mobil + 4 motor Air : Ada Daya Listrik : Ada Legalitas : SHM Akses Jalan : Dua arah Keutaman - Lokasi premium Umalas 1 - Ruang tamu bisa buka & tutup - Garasi besar (2 mobil + 4 motor) - Cocok untuk hunian keluarga atau expatriate Harga Sewa Rp 200.000.xxx / tahun Nego halus,,HENDRIAgen KorporatNIB:230623011****,,https:/picture.rumah123.com/r123-images/300x300-crop/customer/1963996/0774d6e7943924c2e66152153205cacc.jpg,https://www.rumah123.com/properti/badung-umalas/villa-3-kamar-lokasi-strategis-premium-ada-pool-garasi-di-umalas-vlr230734/
Villa 2 Lantai Dekat dengan Kampus Udayana Jimbaran,Rp 350.000.000,year,Villa 2 Lantai Dekat dengan Kampus Udayana Jimbaran | vlr230731,3,3,,,,Goa Gong Jimbaran Spesifikasi; Luas Tanah 206 m2	 Luas Bangunan 150 m2 Jumlah Lantai 2 3 kamar Tidur 3 kamar mandi dalam + 1 powder room Loundry area living room Dapur Kolam Taman depan dan belakang Listrik 5.500 watt Air Sumur PDAM Hadap Barat Carpot muat 1 mobil dan 2 motor Full Furnished Legalitas SHM IMB Lokasi strategis dekat dengan: 10 menit ke Side Walkwalk 12 menit ke GWK 13 menit ke Pantai Jimbaran 15 menit ke pantai Pandawa 18 menit ke Airport Ngurah Rai Harga sewa: 350 juta / tahun,,ADI GUNANTIKAAgen KorporatNIB:912020578****,,https:/picture.rumah123.com/r123-images/300x300-crop/customer/4407385/dbe9770bd7f10bc6134cf1c16a463b8d.jpg,https://www.rumah123.com/properti/badung-goa-gong/villa-2-lantai-dekat-dengan-kampus-udayana-jimbaran-vlr230731/
For Rent Yearly Or Min 3 Month Ultra Cozy Private Villa For Rent - Berawa Canggu,Rp 290.000.000,year,For Rent Yearly Or Min 3 Month Ultra Cozy Private Villa For Rent - Berawa Canggu | vlr230723,2,,,,,for rent yearly or min 3 month :pray: ✨ ULTRA COZY PRIVATE VILLA FOR RENT - BERAWA ✨ AVAILABLE IMMEDIATELY for monthly or yearly rental. Discover an exclusive fully furnished private villa offering refined design premium comfort and absolute privacy ideally located in the prestigious Berawa area just moments from Nirvana Gym. VILLA HIGHLIGHTS: 	-	Elegant enclosed living area with sophisticated interior design * High-performance air conditioning * 68-inch smart TV * Custom-made ultra-luxury sofa (300 × 200 cm) 	-	Designer dining table accommodating up to 8 guests 	-	Soaring high ceilings creating a bright open and luxurious atmosphere 	-	Statement LED illuminated mirror 	-	2 spacious bedrooms each featuring a private en-suite bathroom - Bed 200x200 king size 	-	Two-level villa layout with a superb unobstructed view of nature 	-	Smart TVs with Netflix in every room 	-	Private swimming pool for total relaxation 	-	Fully equipped modern kitchen 	-	High-end furnishings and finishes throughout 	-	Private car parking 	-	Exceptional electricity capacity: 13000 W PREMIUM SERVICES INCLUDED: 	-	High-speed fiber internet TENANT RESPONSIBILITIES: 	-	Electricity water and gas consumption 	-	Personal daily living items RENTAL TERMS: 	-	Monthly: Rp 30 ml 	-	Yearly: Rp 290000xxxx-Year Lease: Rp 520000000 No pets allowed,,JEVI RAJAWALI PROPERTYAgen IndependenNIB:130324028****,,https:/picture.rumah123.com/r123-images/300x300-crop/customer/618325/322c8c15c08227879d508fad73273462.jpg,https://www.rumah123.com/properti/badung-canggu/for-rent-yearly-or-min-3-month-ultra-cozy-private-villa-for-rent-berawa-canggu-vlr230723/
3 Bedroom Villa With Rice Field View Near Beach And Canggu (388V),Rp 250.000.000,year,3 Bedroom Villa With Rice Field View Near Beach And Canggu (388V) | Rumah123,3,3,300 m²,200 m²,SHM,FOR RENT: Comfortable House with Rice Field Views Near Cemagi Beach and Canggu An annual rental property with premium facilities in a strategic location. Perfect for expats small families or those seeking peace with easy access to South Bali. Facilities: Land Area: 3 Are or 300 square meters 3 Bedrooms with AC Wardrobe and Bed 3 Bathrooms with Water Heater and Exhaust Fan Indoor Kitchen Set with AC Stove and Exhaust Fan Pool and Large Garden Spacious Parking that fits 2 cars Very Comfortable and Quiet Environment with Serene Rice Field Views Location: 5 minutes to Cemagi Beach 10 minutes to Nuanu Beach 15 minutes to Canggu Near Restaurants and Coffee Shops Price: IDR 280 Million/Year,,DANA (FGTB)Agen KorporatNIB:912020578****,,https:/picture.rumah123.com/r123-images/300x300-crop/customer/2161494/ff0663cbef0338f18e89b5733564a9fc.jpg,https://www.rumah123.com/properti/tabanan-beraban/3-bedroom-villa-with-rice-field-view-near-beach-and-canggu-388v-hor41102769/
Stylish 3Br Wood Villa Pool Epic Ricefield View,Rp 45.000.000,month,https://www.rumah123.com/properti/tabanan-kaba-kaba/stylish-3br-wood-villa-pool-epic-ricefield-view-vlr230697/,3,3,,,,Escape to this serene 3-bedroom villa in Kaba-Kaba surrounded by lush rice fields and warm natural wood interiors. Enjoy a private pool spacious living areas stylish décor and tranquil sunsets from the deck. yet you're only 13 minutes from Pererenan's cafés restaurants. With its cozy design and peaceful atmosphere this villa is perfect for families or friends seeking an authentic Bali retreat close to nature yet comfortably refined.,,Your HostAgen IndependenNIB:290824005****,,https:/picture.rumah123.com/r123-images/300x300-crop/customer/4370577/045d08e88f5588c2846ee58aaa8d6e34.png,https://www.rumah123.com/properti/tabanan-kaba-kaba/stylish-3br-wood-villa-pool-epic-ricefield-view-vlr230697/
Luxury 2Br Ricefield Villa Pool & Sunset Views,Rp 35.000.000,month,https://www.rumah123.com/properti/tabanan-kaba-kaba/luxury-2br-ricefield-villa-pool-sunset-views-vlr230692/,2,2,,,,Experience a tranquil escape in this stylish 2-bedroom villa overlooking lush rice fields in Kaba-Kaba. Warm wooden interiors large glass doors and a private pool create the perfect blend of comfort and nature. Enjoy peaceful views and total privacy while being just 13 minutes from Pererenan's cafés restaurants and beaches. Ideal for couples or small groups seeking a serene yet well-connected Bali retreat.,,Your HostAgen IndependenNIB:290824005****,,https:/picture.rumah123.com/r123-images/300x300-crop/customer/4370577/da41587cdbc56fc7f45cb326e9a3faa8.png,https://www.rumah123.com/properti/tabanan-kaba-kaba/luxury-2br-ricefield-villa-pool-sunset-views-vlr230692/
Villa Modern 4 Kamar di Pererenan Semi Furnished dengan Pool,Rp 350.000.000,year,Pererenan Badung,4,4,150 m²,285 m²,Lainnya,BRAND NEW VILLA 4 BEDROOMS AT PERERENAN SEMI FURNISHED IDR 350 Million/Year Features : - Land Size : 150 m² - Building Size : 285 m² - 4 Bedrooms - 5 Bathrooms - Enclosed Living Room - Kitchen - Private Pool - Garage - Deep Well Water - Semi Furnished Further Details Please Contact : +62818xxxxxxxx Whatsapp ),,Gusti ArikAgen Independen,,https:/picture.rumah123.com/r123-images/300x300-crop/customer/999072/3b3e9e24b81d61104db2b469c04d76fd.jpg,https://www.rumah123.com/properti/badung-pererenan/villa-modern-4-kamar-di-pererenan-semi-furnished-dengan-pool-hor40827513/
Private Rental Villa With Swimming Pool 4 Bedrooms 3 Bathrooms Land Size 250 Located In Nusa Dua,Rp 35.000.000,month,Nusa Dua Badung,4,3,,,,Private Rental Villa with Swimming pool 4 bedrooms 3 bathrooms land size 250 Located in Nusa Dua Land size: 250 sqm ️3 bedrooms + 2 bathrooms shower ️1 bedroom maid's + 1 bathroom shower 1 Storage room ) Enclosed kitchen + Tables and chairs Private swimming pool ️Living Room Smart tv Wi-Fi available ️ Parking space for car and motorbike Mini Garden Price Rent ; 35 Million/ per Month Negotiable for Long term. safety security deposit 5 mill We will refund your money if there is no damage or loss. 300 Mill / per Year Negotiable take 2 - 5 years.,,Firman hadiAgen IndependenNIB:140824006****,,https:/picture.rumah123.com/r123-images/300x300-crop/customer/2149488/0f35fc73cc14587142324e840c809250.jpg,https://www.rumah123.com/properti/badung-nusa-dua/private-rental-villa-with-swimming-pool-4-bedrooms-3-bathrooms-land-size-250-located-in-nusa-dua-vlr230752/
Modern & Spacious Newly Built Villa Close To Sanur And Renon,Rp 350.000.000,year,Modern & Spacious Newly Built Villa Close To Sanur And Renon | vlr229712,3,3,,,,Modern & Furnished Villa for Rent - Annual Lease Located Close to Sanur - Tukad Balian South Denpasar ✅ Brand New Building ✅ Modern and Spacious ✅ Free Flood Area ✅ Close to Sanur Beach and amenities ✅ Nice and Comfy layout with Big Pool Details : - Build Area: 140 sqm - Land Area: 270 sqm - 3 Bedrooms (1 Master Bedroom + 2 Bedrooms) - En-suite bathroom in each bedroom - Cozy swimming pool & garden - Bath tub & hot water in master bedroom - Fully Furnished - Air conditioner in every bedroom - Electricity: 5500 kWh - Water supply: PAM Premium Locations : - 2 mins to Jungle Padel Sanur - 5 mins to famous Danau Poso Street Sanur - 8 mins to Mertasari Beach - Sanur - 8 mins to International School - 12 mins to Bali International Hospital - 15 mins to Icon Mall Sanur - 22 mins to Airport Price : IDR 350 Million / Year,,Ivan (IVM)Agen KorporatNIB:912020578****,,https:/picture.rumah123.com/r123-images/300x300-crop/customer/2011876/ef6468ef9c3dcc10d9eb6e2f75af14e2.jpg,https://www.rumah123.com/properti/denpasar-sanur/modern-spacious-newly-built-villa-close-to-sanur-and-renon-vlr229712/
Villa Cantik 3 Kamar Tidur di Pererenan Hanya 4 Menit ke Pantai,Rp 550.000.000,year,Pererenan Badung,,3,300 m²,200 m²,Lainnya,3 bedrooms villa in Pererenan Only 3 Minutes To The Beach- Yearly Rent Location 2mins to Pererenan beach quiet location. -Land size 300m2 -Enclosed livingroom with AC -3 Bedrooms -3 Bathrooms -1 guest toilet -Storage -7700watt electricity -Basic furnished Price : 550 mil/year Further Details Please Contact : +62818xxxxxxxx Whatsapp ),,Gusti ArikAgen Independen,,https:/picture.rumah123.com/r123-images/300x300-crop/customer/999072/31f919366a28498c1e51055bcc7a85b5.jpg,https://www.rumah123.com/properti/badung-pererenan/villa-cantik-3-kamar-tidur-di-pererenan-hanya-4-menit-ke-pantai-hor40860681/
Villa 3 Kamar Tidur Disewakan 30tahun di Seminyak,Rp 57.000.000.000,year,Villa 3 Kamar Tidur Disewakan 30tahun di Seminyak | Rumah123,,3,225 m²,170 m²,Hak Sewa,Exclusive Listing!!! Best Investment 1 Unit Villa for Lease at jl.Dewi Saraswati-Seminyak. Land size around 225M2 3 bedrooms & private pool. 3 bathrooms+guest toilet 2 storeys Parking area for 1 Car Close living room & kitchen -drilled well water -fully furnished -electric 11.000 watts each -IMB pondok wisata Lease until March 2055(30yr more) IDR 5.45 Billions,,Victor PropertyAgen KorporatNIB:230124005****,,https:/picture.rumah123.com/r123-images/300x300-crop/customer/548688/bad206deb4bf308df556853c42439a53.jpg,https://www.rumah123.com/properti/badung-seminyak/villa-3-kamar-tidur-disewakan-30tahun-di-seminyak-hor38862873/
Villa 3Bedrooms For Lease Minimum 2Year Spacious Garden And River View At Pererenan,Rp 650.000.000,year,Pererenan Badung,3,3,1800 m²,500 m²,SHM,Villa for lease min 2year payment upfront located at Pererenan With river view Only 5mins to the beach Land.1800m2 3bedrooms with ensuite bathroom Loft livingroom Spacious garden Pool Electricity power 13500watts Pet allow IDR 650.000.xxx/year Nb.any big construction beside villa,,Victor PropertyAgen KorporatNIB:230124005****,,https:/picture.rumah123.com/r123-images/300x300-crop/customer/548688/0aef874ee5eb064dde16b4c3c1dad203.jpg,https://www.rumah123.com/properti/badung-pererenan/villa-3bedrooms-for-lease-minimum-2year-spacious-garden-and-river-view-at-pererenan-hor5977641/
Gorgeous Brand New 2Br 5Mn To The Beach,Rp 25.000.000,month,Cemagi Badung,2,2,,,,Enjoy a stylish experience Modern and stylish 2-bedroom villa in the peaceful village of Cemagi. Enjoy bright interiors lush garden views a cozy living area and two elegant bedrooms with ensuite bathrooms. Relax by the private pool or unwind on the spacious rooftop perfect for sunsets and gatherings. Close to cafés beachesyour ideal hideaway for a serene and comfortable stay at this centrally-located place. construction work are taking place in the surrounding area during daytime,,Your HostAgen IndependenNIB:290824005****,,https:/picture.rumah123.com/r123-images/300x300-crop/customer/4370577/d31b9e6e276c78f33737d058d0f28a84.png,https://www.rumah123.com/properti/badung-cemagi/gorgeous-brand-new-2br-5mn-to-the-beach-vlr230681/
Rumah Style Villa Modern Siap Huni Lokasi Premium & Jalan Lebar,Rp 150.000.000,year,https://www.rumah123.com/properti/badung-kerobokan/rumah-semi-villa-modern-siap-huni-lokasi-premium-hor41134843/,4,2,250 m²,150 m²,SHM,F O R R E N T Rumah Style Villa Modern dan Furnish di Muding Kerobokan Bali ✅ siap huni ✅ bebas banjir ✅ lokasi premium dekat fasum ✅ posisi hook dan jalan akses lebar 7 meter Spesifikasi: - Luas Tanah 250 m2 - Luas Bangunan 150 m2 - 4 kamar tidur - 2 kamar mandi - Ruang Tamu - Dapur - Ruang Makan - Carport - Listrik 4.400 kVA - Air PDAM - Hadap Utara Lokasi Strategis : - 2 menit ke Sekolah High Scope dan Kalam Kudus - 2 menit ke Tiara Gatzu - 5 menit ke Dalung - 5 menit ke Kerobokan Raya - 15 menit ke Umalas - Petitenget - 20 menit ke Canggu Harga sewa 150 juta/tahun,,Ivan (IVM)Agen KorporatNIB:912020578****,,https:/picture.rumah123.com/r123-images/300x300-crop/customer/2011876/23ae3710a7d5638d9e6d69ab769574f7.jpg,https://www.rumah123.com/properti/badung-kerobokan/rumah-semi-villa-modern-siap-huni-lokasi-premium-hor41134843/
Disewakan Villa Di Jl. Tukad Balian Renon Denpasar,Rp 216.000.000,year,Disewakan Villa Di Jl. Tukad Balian Renon Denpasar | Rumah123,2,2,105 m²,148 m²,Lainnya,Disewakan Villa di Jl. Tukad Balian Renon Denpasar LT. 105 M2 LB. 148 M2 2 lantai 2 KT 2 KM Barbeque area / pool deck Big swimming pool Semi Furnish Include : Water heater AC all bedroom master bedroom furnished Bathroom furnished Kitchen set Credenza harga sewa : Rp. 650 juta/min. 3 tahun 5 tahun = Rp. 950 juta 10 tahun = Rp. 14 M 19 tahun = Rp. 16 M 29 tahun = Rp. 19 M,,Stanley YapAgen Korporat,,https:/picture.rumah123.com/r123-images/300x300-crop/customer/456406/2024-06-13-03-37-35-9b595525-9f3b-479f-9d05-96f88674cef9.jpg,https://www.rumah123.com/properti/denpasar-renon/disewakan-villa-di-jl-tukad-balian-renon-denpasar-hor17345249/
Brand New Villa 2bedrooms At Sanur Area,Rp 250.000.000,year,Brand New Villa 2bedrooms At Sanur Area | vlr152427,2,2,,,,Brand New Villa for Lease located on Sanur Area 5mins to International Hospital 5mins to BIS International school 10mins ride to Sanur Beach and Icon Mall Land.120sqm Single floor +roof 2bedrooms with ensuites bathroom Furnished Pool Enclosed Livingroom Carport for 1 car Electricity power 4400watts SLF Price IDR 2.350.000.xxx for 24years left,,Victor PropertyAgen KorporatNIB:230124005****,,https:/picture.rumah123.com/r123-images/300x300-crop/customer/548688/24b0c17f859ef5f9c6762d5341baa36a.jpg,https://www.rumah123.com/properti/denpasar-sanur/brand-new-villa-2bedrooms-at-sanur-area-vlr152427/
High Roi Long Lease Villa In The Peaceful Area Of Tumbak Bayuh,Rp 19.000.000.000,year,Tumbak Bayuh Badung,4,6,,,,Located in the peaceful area of Tumbak this elegant four-bedroom villa blends modern comfort with tropical charm. Featuring spacious living areas ensuite bedrooms and stylish interiors it's ideal for both family living and rentals. Surrounded by a lush garden with a large swimming pool and gazebo the villa is fully furnished ready to operate and offered with a long lease-making it a strong investment opportunity. Just minutes from Canggu beaches cafés and fitness hubs yet tucked away from the crowds this villa is perfect for smart investors or homeowners seeking privacy convenience and solid returns in Bali. Key features: 425 M2 building size 650 M2 land size Yellow Zone 2025 Build year 2 levels 23.000 Wats electricity Full Furnish Interior : Sofa Kitchen and equipped kitchen Living & dinning Room TV & AC Storage Exterior : Swimming Pool Parking Space Gazebo GardenStaff & Security Room: With WCWifiBBQ area Electric generator Excellent Location 10 minutes to Pererenan Beach 5 minutes to Pepito Market Pererenan 5 minutes to Umalas Medical Clinic 45 minutes to Ngurah Rai International Airport 5 minutes to ProEd Global School Canggu,,Fullers PropertiesAgen KorporatNIB:170323002****,,https:/picture.rumah123.com/r123-images/300x300-crop/customer/1971389/23f47ebb001ff43e63fe3c555bdd3edc.jpg,https://www.rumah123.com/properti/badung-tumbak-bayuh/high-roi-long-lease-villa-in-the-peaceful-area-of-tumbak-bayuh-vlr230670/
Siap Huni Suite One Bedroom di Nusa Dua,Rp 242.000.000,year,https://www.rumah123.com/properti/badung-nusa-dua/siap-huni-suite-one-bedroom-di-nusa-dua-vlr230669/,1,1,,,,Nikmati kenyamanan dan kemudahan tinggal di Kana Suite unit apartemen modern yang berlokasi di dalam kawasan Nusa Dua Bali. Berada di lingkungan resor yang tenang dan tertata rapi apartemen ini menawarkan perpaduan sempurna antara hunian kontemporer dan fasilitas bergaya resor - ideal untuk tempat tinggal sewa jangka panjang maupun peluang investasi properti. Dirancang dengan interior modern dan tata ruang yang fungsional unit ini menghadirkan suasana hangat dan nyaman dengan kamar tidur yang luas area ruang tamu yang menyatu serta finishing berkualitas. Penghuni dapat menikmati fasilitas seperti kolam renang pusat kebugaran (gym) area hijau terbuka serta keamanan 24 jam yang memberikan rasa aman dan privasi. Terletak di kawasan premium Nusa Dua apartemen ini dekat dengan pantai-pantai indah pusat perbelanjaan restoran serta berbagai destinasi wisata ternama di Bali Selatan. Akses mudah ke fasilitas tambahan seperti restoran spa & wellness kids club hingga jogging track menjadikan hunian ini pilihan ideal bagi Anda yang menginginkan gaya hidup praktis dan nyaman.,,Semesta PropertyAgen IndependenNIB:030524005****,,https:/picture.rumah123.com/r123-images/300x300-crop/customer/4403508/c6d2635393c45df7b9e0c5d3900072ae.jpg,https://www.rumah123.com/properti/badung-nusa-dua/siap-huni-suite-one-bedroom-di-nusa-dua-vlr230669/
Villa Mewah Mediterania Strategis With Pool Puri Gading Jimbaran,Rp 239.000.000.000,year,Villa Mewah Mediterania Strategis With Pool Puri Gading Jimbaran | vlr230667,3,3,,,,Villa Mewah Mediterania Strategis With Pool Puri Gading Jimbaran 2502xxxxNO.303) (@Wan) Detail Property Dsewakan : Villa Mediterania Siap Huni Provinsi : Bali Kota : Badung Area : Puri Gading - Jimbaran Nama Jalan : Jl. Jaya Sari Lebar Jalan : 6 meter Luas Tanah : 200 m² Dimensi Tanah : Lebar ±8 meter x panjang ±25 meter Lantai : 1 Luas Bangunan : 173 m² Kamar Tidur : 3 (AC) Kamar Mandi : 3 Dapur : Ada Kolam Renang : Ada Furnitur : Semi furnished Air : Sumur bor Daya Listrik : 5.500 watt Legalitas : SHM IMB : Belum ada Akses Jalan : Dua arah Zona : Perumahan Hadap : Utara Tahun Bangun : 2024 Tahun Renovasi : 2025 Keutamaan - Konsep mediterania modern - Siap huni + kolam renang pribadi - Opsi Freehold & Leasehold - Lokasi strategis Jimbaran Akses Lokasi - ±9 menit ke Pantai Jimbaran - ±9 menit ke GWK - ±20 menit ke Gerbang Tol - ±25 menit ke Bandara Ngurah Rai - ±30 menit ke Water Sport Nusa Dua - ±38 menit ke Sanur Harga Rp 239000xxxxLeasehold 20 tahun) Nego halus,,HENDRIAgen KorporatNIB:230623011****,,https:/picture.rumah123.com/r123-images/300x300-crop/customer/1963996/7227c7a9474bf70ae1e134e17ef72ac1.jpg,https://www.rumah123.com/properti/badung-puri-gading/villa-mewah-mediterania-strategis-with-pool-puri-gading-jimbaran-vlr230667/
For Yearly rental Brand New Villa 4 bedrooms At Nusa Dua Area near Pandawa beach,Rp 320.000.000,year,Nusa Dua Badung,4,4,,,,Brand New Villa for yearly rental at Nusa Dua *5mins ride to Pandawa Beach *15mins ride to WaterBloo Beach *15mins ride to Padang-Padang *30mins to Airport Details: Land.221sqm build.325sqn 2floors Fully-furnished 4bedrooms with ensuite bathroom (1 connecting bathroom) Pool Enclosed Livingroom &kitchen Balcony Baru Electricity power 7700watts PDAM water Garden Storage Include: -pool cleaning 2x a week -Internet -Banjar fee & trash collect Price IDR 320.000.xxx- Location: ********,,Victor PropertyAgen KorporatNIB:230124005****,,https:/picture.rumah123.com/r123-images/300x300-crop/customer/548688/db5371e8f8126528b93743aa9e9a88b1.jpg,https://www.rumah123.com/properti/badung-nusa-dua/stunning-brand-new-villa-4bedrooms-at-nusa-dua-vlr153336/
Villa 3Bedrooms For Yearly Rental At Gunung Salak Kerobokan,Rp 235.000.000,year,Villa 3Bedrooms For Yearly Rental At Gunung Salak Kerobokan | Rumah123,3,4,160 m²,160 m²,SHM,VIlla for yearly rental @ jl kedampang kerobokan only 700m to SLK international school 2km to supermarket Pepito n Freshtive 400m to traditional market n minimarket 30minutes to airport and 15minutes to seminyak beach land 165m2 build 180m2 2floors furnished 3br 3+1bathrooms Drilled well water small garden carport Pool electricity 5500w Enclosed living room pet allowed(small dog) garage for 1 car price 235millions/year,,Victor PropertyAgen KorporatNIB:230124005****,,https:/picture.rumah123.com/r123-images/300x300-crop/customer/548688/e4b0e5e1c4f4004f1af4b63359c95ec6.jpg,https://www.rumah123.com/properti/badung-kerobokan/villa-3bedrooms-for-yearly-rental-at-kedampang-kerobokan-hor15179427/
A Modern Sanctuary 1 Bedroom Villa In The Heart Of Bingin,Rp 316.000.000.000,year,Uluwatu Badung,1,2,,,,A refined one-bedroom villa in an exclusive six-unit development in Bingin. Set over 71 m² on an 84-89 m² plot the two-story design features an ensuite bedroom with balcony sunken living area fully equipped kitchen and a private pool. Offered on a 29-year leasehold (+20-year extension) with tourism zoning this villa delivers up to 19% estimated annual returns. Just minutes from beaches cafés and world-class surf - ideal for modern living or a high-yield investment in Bali. Key Features: Building Size	: 71 m² Land Size	: 89 m² Bedrooms	: 1 Bathrooms	: 15 Zoning		: Pink Build year	: December 2026 Electricity	: 13.000 Watts Fully Furnished	 Indoor: Fully Equipped Kitchen						 Large Built-in Wardrobe Sunken living area Living & dinning room Kitchen & equipments Outdoor:			 Swimming Pool		 Garden			 Spacious Bedroom Balcony Large Built-in Wardrobe Outdoor storage PDAM water + holding tank Parking area Excellent Location 5 minutes to Bingin Beach 5 minutes to Nirmala Supermarket Pecatu 10 minutes to Uluwatu Medical Clinic 50 minutes to Ngurah Rai International Airport 5 minutes to Bukit Sunrise School,,Fullers PropertiesAgen KorporatNIB:170323002****,,https:/picture.rumah123.com/r123-images/300x300-crop/customer/1971389/c30baf0d23a458d9b7434aade9035bee.png,https://www.rumah123.com/properti/badung-uluwatu/a-modern-sanctuary-1-bedroom-villa-in-the-heart-of-bingin-vlr230648/
Cozy 2Bedrooms Villa At Umalas Bumbak,Rp 225.000.000,year,https://www.rumah123.com/properti/badung-umalas/cozy-2bedrooms-villa-at-umalas-bumbak-vlr131753/,2,3,,,,VILLA for yearly rental at Umalas Bumbak Close to PRo ed school 5mins to French school 5mins ride bike to Berawa-Canggu Close to every gym center 10mins to Seminyak area Details: - Land 159sqm build.90sqm - 2 rooms with ensuite bathrooms - enclosed living room - 3 AC - 1 guest toilet - swimming pool - shower with hot water - kitchen set - furnished Price IDR 225 millions,,Victor PropertyAgen KorporatNIB:230124005****,,https:/picture.rumah123.com/r123-images/300x300-crop/customer/548688/1fd680ac09676eb99a5e0e7c6f53dca2.jpg,https://www.rumah123.com/properti/badung-umalas/cozy-2bedrooms-villa-at-umalas-bumbak-vlr131753/
For Long Lease 25years Modern Villa With 4 Bedrooms Near To Icon Mall Sanur Beach,Rp 12.000.000.000,year,For Long Lease 25years Modern Villa With 4 Bedrooms Near To Icon Mall Sanur Beach | Rumah123,4,5,435 m²,450 m²,SHM,Luxury Villa for lease 25years at Central Sanur 1minutes to the Beach Close to Icon Mall Sanur One gate system Land.435m2 build.450m2 2storeys Fully furnished 4bedrooms 2living rooms 5bathrooms Big L pool 5x12m Masterroom(100m2) Laundry area Fishpond Spacious Garden Facing East #Lease price IDR 12.000000000,,Victor PropertyAgen KorporatNIB:230124005****,,https:/picture.rumah123.com/r123-images/300x300-crop/customer/548688/2024-05-22-05-09-39-4e1c59d3-daba-4e6d-8739-f07e232cb451.jpg,https://www.rumah123.com/properti/denpasar-sanur/for-long-lease-25years-modern-villa-with-4-bedrooms-near-to-icon-mall-sanur-beach-hor7131849/
Bali Villa 2Bedrooms 5Minutes To Sanur Beach,Rp 255.000.000,year,Bali Villa 2Bedrooms 5Minutes To Sanur Beach | Rumah123,2,3,120 m²,135 m²,Hak Sewa,Brand New Villa for yearly Rental at Sanur area At jl.kutat lestari 5minutes to Bali International hospital 5minutes to Grand Lucky Supermarket 5minutes to Bali Island School Only 10minutes to beach Land.135m2 build.150m2 2storeys Full furnished Enclosed living room 2br 3bathrooms Drilled well water Electricity 5500w No pet allow Price 255millions/year,,Victor PropertyAgen KorporatNIB:230124005****,,https:/picture.rumah123.com/r123-images/300x300-crop/customer/548688/2024-01-17-07-22-37-92c8709b-5048-4e4e-8566-23d40d6cdb04.jpg,https://www.rumah123.com/properti/denpasar-sanur/modern-villa-2br-for-yearly-rental-at-sanur-hor16079322/
Disewakan Rumah Semi Villa di Jl. Graha Melasti Sanur Pantai Tangtu,Rp 150.000.000,year,Disewakan Rumah Semi Villa di Jl. Graha Melasti Sanur Pantai Tangtu | Rumah123,3,3,100 m²,100 m²,SHM,Disewakan Rumah Semi Villa di Jl. Graha Melasti Sanur Pantai Tangtu LT. 100 M2 2 lantai 3 + 1 KT 3 KM parkir pool sumur bor garasi listrik : 2200 watt 3 menit pantai tangtu 3 menit dari bypass id bagus mantra 3 menit ke muara advanture 10 menit ke mall living world 10 menit le ICON mall suur dan international hospital harga sewa : Rp. 150 Juta/Tahun (ambil 2 ada diskon),,Stanley YapAgen Korporat,,https:/picture.rumah123.com/r123-images/300x300-crop/customer/456406/2024-04-17-02-59-40-60bf9037-bcd5-46f0-b0c8-2d22cfd579ce.jpg,https://www.rumah123.com/properti/denpasar-sanur/disewakan-rumah-semi-villa-di-jl-graha-melasti-sanur-pantai-tangtu-hor16888241/
Villa 3kamar Unik Yang Tenang Di Pererenan,Rp 415.000.000,year,https://www.rumah123.com/properti/badung-pererenan/villa-3kamar-unik-yang-tenang-di-pererenan-hor15205518/,3,3,130 m²,240 m²,SHM,Villa 3BR Private pool Pererenan Monthly : 50.000.000 Yearly : 450.000.xxx Rate excluding: - Electricity - Laundry (linen and towel & personal laundry) Including : - Wifi (speed standard villa) - Daily cleaning (accept day off) - Amenities (gas drinking water tissue essential) - Pool & garden maintenance (2 times a week) - Rubbish fees - Banjar fees Note: * security deposite 10% * no pet allowed * no party or any event * prices may change at any time,,Victor PropertyAgen KorporatNIB:230124005****,,https:/picture.rumah123.com/r123-images/300x300-crop/customer/548688/cc0ccc0b43ad48df83fde69767946ee5.jpg,https://www.rumah123.com/properti/badung-pererenan/villa-3kamar-unik-yang-tenang-di-pererenan-hor15205518/
Villa Cantik 3 Kamar Tidur dengan Pemandangan Sawah di Pererenan,Rp 230.000.000,year,Pererenan Badung,,3,180 m²,150 m²,Lainnya,FOR RENT: Spacious 3BR Villa in Pererenan - Yearly Rental ​Available now for yearly lease! A functional and well-located villa perfect for families or digital nomads looking for a reliable home base in Bali. ​Specifications: - ​Building Size: 180 m^2 - ​Bedrooms: 3 (All with AC) - ​Bathrooms: 3 Ensuite + 1 Guest Toilet - ​Pool: Private Swimming Pool - ​Garden: Tropical Garden - ​Extras: Storage Room & Private Parking Area ​Price : IDR 230000000 / Year (Great value for the Pererenan market!) ​Secure your stay in one of Bali's most sought-after neighborhoods.,,Gusti ArikAgen Independen,,https:/picture.rumah123.com/r123-images/300x300-crop/customer/999072/20e85badf6d6530e8182bb419b1fc184.jpg,https://www.rumah123.com/properti/badung-pererenan/villa-cantik-3-kamar-tidur-dengan-pemandangan-sawah-di-pererenan-hor41079000/
Disewakan Villa Modern di Kerobokan - Lokasi Strategis & Lingkungan Expatriate,Rp 325.000.000,year,Disewakan Villa Modern di Kerobokan - Lokasi Strategis & Lingkungan Expatriate | vlr205917,3,,,,,Disewakan Villa Modern di Kerobokan - Lokasi Strategis & Lingkungan Expatriate Villa eksklusif ini berlokasi di kawasan strategis Kerobokan area favorit ekspatriat yang tenang nyaman dan mudah diakses. Dikelilingi berbagai restoran dan kafe populer villa ini sangat ideal untuk hunian keluarga maupun ekspatriat yang mencari kenyamanan dan privasi. Hanya berjarak: - ±6 menit ke Le Français School - ±11 menit ke kawasan Canggu Villa dirancang dengan konsep modern tropis memiliki taman yang asri dengan pemandangan langsung ke kolam renang menciptakan suasana tinggal yang sejuk dan menenangkan. Detail Properti: - Luas Tanah: 300 m² - Luas Bangunan: 200 m² - 3 Kamar Tidur luas - 3 Kamar Mandi - 2 Lantai - Taman pribadi menghadap swimming pool - Listrik 5.400 watt - Sumber air sumur Harga Sewa: IDR 325.000.xxx / tahun Villa ini merupakan pilihan tepat bagi Anda yang menginginkan hunian berkualitas di lokasi premium Kerobokan dengan akses cepat ke Canggu dan pusat gaya hidup Bali.,,Ayunda PutriAgen KorporatNIB:812001614****,,https:/picture.rumah123.com/r123-images/300x300-crop/customer/1616144/4f1c720f3e45ca26da3ec6cd6712ec7f.jpg,https://www.rumah123.com/properti/badung-umalas/disewakan-villa-modern-di-kerobokan-lokasi-strategis-lingkungan-expatriate-vlr205917/
Luxury 3 Bedroom Villa With Rooftop & Gwk View In Jimbaran (144V),Rp 50.000.000,month,Luxury 3 Bedroom Villa With Rooftop & Gwk View In Jimbaran (144V) | Rumah123,3,4,150 m²,350 m²,SHM,VILLA FOR RENT - GARUDA HILLS JIMBARAN A spacious and fully furnished villa located in a quiet and strategic area of Jimbaran-Bukit offering a stunning GWK view surrounded by natural greenery. Ideal for families or professionals seeking comfort privacy and convenience. Location: Jimbaran - Bukit (near GWK) Property Details Land Size: 150 m² Building Size: 350 m² Building: 4.5 storeys Features Rooftop room with AC and rooftop area 3 bedrooms with AC 4 bathrooms 2 living rooms Private swimming pool Garage area Fully equipped kitchen set Laundry machine with ironing equipment Water heater Fully furnished Smart LED TV in every room WiFi available on each floor No pets allowed. Inclusions High-speed WiFi up to 200 Mbps PDAM water Cleaning service (twice per week) Linen and towel change (once per week) Pool cleaning (once per week) Gardening service (once per week) Garbage and Banjar monthly fee Two water gallons and one gas cylinder upon check-in Exclusions Electricity Personal expenses (gas refills soap shampoo tissue etc.) Rental Price IDR 47000000 per month Security deposit: IDR 5000000 Yearly rental option available,,DANA (FGTB)Agen KorporatNIB:912020578****,,https:/picture.rumah123.com/r123-images/300x300-crop/customer/2161494/c30fd2fa1f2c23c4e9cd6be855fa3695.jpg,https://www.rumah123.com/properti/badung-jimbaran/luxury-3-bedroom-villa-with-rooftop-gwk-view-in-jimbaran-144v-hor40929601/
Luxury Cabin In The Rice Fields B1 - Rumah Jati,Rp 22.000.000,month,https://www.rumah123.com/properti/tabanan-kaba-kaba/luxury-cabin-in-the-rice-fields-b1-rumah-jati-vlr230642/,1,1,,,,Escape to our modern Cabin in Bali where heritage meets contemporary luxury amidst the serene rice fields. This unique retreat offers a seamless blend of tradition and comfort. Wake up to stunning views from the bedroom's high glass windows inviting you to immerse yourself in the beauty of Bali. With a private garden offering a tranquil oasis amidst the sounds of nature experience the best of both worlds where serenity meets sophistication to create an unforgettable getaway in Bali. The space General - Easy check-in 24/7 (Safe Key-Box) - Lofted bedroom (30m2) - Spacious bathroom on ground floor - Private plunge pool & sun beds - Free High-speed Wi-Fi - Both floors fully air conditioned - Quiet area (in the middle of the rice fields) - Professionally Cleaned (multiple times a week) - Safe - Amenities (Nespresso yoga mats) Bedroom - King size bed - High quality natural latex mattress (Heveya) - Family friendly (baby bed available for additional fee) Bathroom - Hair dryer & full-length mirror - Hand soap Conditioner Body wash Shampoo - Towels & toiletries - Static shower head & seperate shower arm set - Toilet (incl. bidet function) - Laundry services available (additional fee) Living Space - Full HD 55' Samsung TV - Water dispenser (hot and cold water) - Access to Netflix Kitchen - Fully equipped kitchen - Dining table for up to 4 people - Induction plate 1 burner - Refrigerator & freezer *For check-in please bring your passport. A security deposit of IDR 2500000 or an equivalent in another currency is required. Alternatively you may leave an ID passport or driver's license as a deposit. This deposit is fully refundable at checkout provided there are no damages. Guest access Enjoy complete privacy and comfort with exclusive access to the entire space all ready just for you. We're excited to make your stay wonderful! Other things to note We are excited to ensure your stay is cozy and enjoyable. While we might not provide all amenities or services directly - as we are a young business still growing and learning - if you need anything just let us know - we are here to help!,,Your HostAgen IndependenNIB:290824005****,,https:/picture.rumah123.com/r123-images/300x300-crop/customer/4370577/c09a7b1d475d8c8b3d0d07c2384d8238.png,https://www.rumah123.com/properti/tabanan-kaba-kaba/luxury-cabin-in-the-rice-fields-b1-rumah-jati-vlr230642/
Villa dengan Pemandangan SawahCocok untuk Hilangkan Penat,Rp 200.000.000,year,https://www.rumah123.com/properti/gianyar-ubud/villa-dengan-pemandangan-sawahcocok-untuk-hilangkan-penat-hor18442759/,2,2,117 m²,60 m²,SHM,Kesempatan terbatas buat Anda dapatkan rumah strategis dengan return investasi tinggi di Ubud Gianyar. Rumah ini menawarkan lokasi yang strategis serta memiliki nilai tepat yang siap untuk segera Anda miliki utamanya bagi Anda yang mencari hunian di lokasi yang terjangkau. Kondisi properti ini baru dan memiliki desain unik yang menambah daya tarik dan estetika properti ini. Rumah ini berada di wilayah perumahan/komplek. Detail Properti ini adalah: - Kamar Tidur: 2 - Kamar Mandi: 2 - Sertifikat: SHM - Sertifikat Hak Milik - Daya Listrik: 5500 watt - Arah Bangunan: Menghadap Selatan - Kondisi Perabotan: Furnished Tersedia berbagai fasilitas lengkap seperti: - Wastafel. - Mesin Cuci. - Kompor. - AC. - Kulkas. - Kitchen Set. - Pemanas Air. - Akses Parkir. - Tempat Jemuran. - Kolam Renang. - Jalur Telepon. - Taman. - Tempat Jemuran. - Kolam Renang. - Jalur Telepon. - Taman. Tidak hanya itu namun properti ini juga memiliki keunggulan sebagai berikut: - Full Furnished. - Siap Huni. - Bebas Banjir. - Dekat Fasilitas Kesehatan. - Dekat Tempat Wisata. - Dekat Tempat Ibadah. - Adem & Sejuk. Lokasi Strategis terletak di Ubud properti ini memudahkan akses Anda ke fasilitas-fasilitas utama dan unggulan. Harga yang sangat kompetitif yaitu Rp. 16.666.667 rumah ini siap menjadi milik Anda! Nikmati segala kemudahan dan berbagai keunggulan menarik saat properti premium ini milik Anda.,,i gede artawanAgen KorporatNIB:812001416****,,https:/picture.rumah123.com/r123-images/300x300-crop/customer/1714713/73d1b2ede75ce098416e1bc50f183205.jpg,https://www.rumah123.com/properti/gianyar-ubud/villa-dengan-pemandangan-sawahcocok-untuk-hilangkan-penat-hor18442759/
Modern 3 Bedroom Villa In Berawa Prime Location,Rp 250.000.000,year,https://www.rumah123.com/properti/badung-canggu/modern-3-bedroom-villa-in-berawa-prime-location-vlr230608/,3,3,405 m²,277 m²,SHM,Modern 3 Bedroom Villa In Berawa Prime Location Live or invest in one of Bali's most sought-after neighborhoods Berawa. This spacious and stylish villa is ideally located just minutes from the beach and Canggu's vibrant lifestyle scene making it perfect for both private living and investment purposes. Property Details: Land Size: 405.87 m² Building Size: 277 m² Orientation: East-facing Bedrooms: 3 spacious bedrooms Bathrooms: 3 modern bathrooms Electricity: 5500 watts Water Source: Deep well Parking: Carport for 2 cars and 1-6 motorbikes Certificate: Freehold (SHM) Zoning (ITR): Mixed-use zone Price Options: Annual Rental: IDR 250 million per year (villa only) Open Leasehold Option: IDR 180 million per year (negotiable) Minimum lease term: 20 years with upfront payment Why This Villa Stands Out: Strategic and high-demand Berawa location Approximately 1 km to Berawa Beach Close to Atlas Beach Club and Finns Beach Club Walking distance to cafés restaurants and shops Near popular lifestyle destinations including 07 AM Bakers Suitable for private residence or rental investment Strong ROI potential in Bali's premium rental market A rare opportunity to secure a villa in one of Bali's most desirable lifestyle hubs. Contact for Viewing and Full Details: Dita 0882xxxxxxxx ditad917@********,,RE/MAX JAYA CANGGUAgen KorporatNIB:812001614****,,https:/picture.rumah123.com/r123-images/300x300-crop/customer/1964324/9c2fd8ebee36e188d922e8b0fecb202f.png,https://www.rumah123.com/properti/badung-canggu/modern-3-bedroom-villa-in-berawa-prime-location-vlr230608/
Villa Baru Full Furnished Disewakan di Padonan Canggu Area,Rp 200.000.000,year,Villa Baru Full Furnished Disewakan di Padonan Canggu Area | vlr230605,2,2,,,,,,Remax JayaAgen KorporatNIB:812001614****,,https:/picture.rumah123.com/r123-images/300x300-crop/customer/38769/72dfbe1dfb8c307f8c830b5c34361286.jpg,https://www.rumah123.com/properti/badung-canggu/villa-baru-full-furnished-disewakan-di-padonan-canggu-area-vlr230605/
Disewakan Villa Nusa Dua Bali,Rp 13.000.000.000,year,https://www.rumah123.com/properti/badung-nusa-dua/disewakan-villa-nusa-dua-bali-hor16921840/,2,1,50 m²,50 m²,Lainnya,Disewakan Villa Nusa Dua Bali LB. 50 M2 2 KT 1 KM ruang tamu dapur dan ruang makan semi furnish harga sewa : 1.3 M/20 Tahun,,Stanley YapAgen Korporat,,https:/picture.rumah123.com/r123-images/300x300-crop/customer/456406/2024-04-22-02-44-38-84ccdd9c-6879-4b96-8f7b-500bc94fbf33.jpg,https://www.rumah123.com/properti/badung-nusa-dua/disewakan-villa-nusa-dua-bali-hor16921840/
Villa Varu 3 Kamar di Pererenan Kurang Dari 10 Menit ke Pantai,Rp 220.000.000,year,Pererenan Badung,3,3,230 m²,130 m²,Lainnya,FOR RENT: STUNNING 3BR BRAND NEW VILLA - PERERENAN ​Available for immediate yearly lease. This newly finished villa offers a functional modern layout high ceilings and plenty of natural light. A perfect canvas for your Bali home. ​Details: - ​ 3 Bedrooms | 3 Bathrooms - ​ Private Swimming Pool & Deck - ​ Garden Area - ​❄️ Fully Air-Conditioned - ​ Private Parking - ​ Land Size: 230 m2 ​Annual Rent: IDR 22000xxxxNegotiable) Location: Pererenan Bali. ​For more information or to schedule a viewing:,,Gusti ArikAgen Independen,,https:/picture.rumah123.com/r123-images/300x300-crop/customer/999072/6661fd5fb970c269024a968c6c73e839.jpg,https://www.rumah123.com/properti/badung-pererenan/villa-varu-3-kamar-di-pererenan-kurang-dari-10-menit-ke-pantai-hor41094942/
Villa For Rent 2 Bedrooms One Gate System Canggu Bali,Rp 190.000.000,year,Villa For Rent 2 Bedrooms One Gate System Canggu Bali | vlr205580,2,2,,,,,,Esther LiemAgen KorporatNIB:812001614****,,https:/picture.rumah123.com/r123-images/300x300-crop/customer/2128100/a56aedda85bd5a3d2394cb379119527c.jpg,https://www.rumah123.com/properti/badung-canggu/villa-for-rent-2-bedrooms-one-gate-system-canggu-bali-vlr205580/
Disewakan Villa di Ungasan Badung Bali,Rp 20.000.000,month,Disewakan Villa di Ungasan Badung Bali | Rumah123,2,2,114 m²,84 m²,Lainnya,Disewakan Villa di Ungasan Badung Bali LT. 114 LB. 84 2 KT 2 KM + Powder room pool pribadi wifi biznet (sudah terpasang sampai oct) smart TV 55 inch harga sewa : Rp. 20 Juta/bulan harga sewa : Rp. 185 Juta/tahun (harga belum termasuk bayar IPL),,Stanley YapAgen Korporat,,https:/picture.rumah123.com/r123-images/300x300-crop/customer/456406/2024-04-17-07-51-03-a3c89793-311a-4dd6-b3c9-02c1aef2c760.jpg,https://www.rumah123.com/properti/badung-ungasan/disewakan-villa-di-ungasan-badung-bali-hor16892531/
Kbp1555 Brand New Villa With 2 Bedrooms And 2 Bathrooms The Location Of This Villa Has A Good Location Close To The Main Road.,Rp 250.000.000,year,Sanur Denpasar,2,2,,,,ID : KBP1555 SANUR Sanur - YEARLY RENTAL 2 Bedrooms Villa IDR 250 Mill / Year Westside Area Brand new villa with 2 bedrooms and 2 bathrooms The location of this villa has a good location close to the main road. Just 5 minute drive to the beach. 25 Minutes drive to The Airport Detail : - 2-Storey building - 140 Sqm land size - Building Size 120 Sqm - closed Living - 2 Bedrooms - 2 Bathrooms - Closed Kitchen - Unfuniture - Hot water - Ac 3 - Stove - Guest Toilet - Swimming pool - Storage - Parking Space - Well Water Supply - Electric 4400 Watt,,dessy yantiAgen Independen,,https:/picture.rumah123.com/r123-images/300x300-crop/customer/817697/53d7067d3a2c9f057c6a86d16ad43bdf.jpg,https://www.rumah123.com/properti/denpasar-sanur/kbp1555-brand-new-villa-with-2-bedrooms-and-2-bathrooms-the-location-of-this-villa-has-a-good-location-close-to-the-vlr228825/
Villa Dalam Kompleks 2 Lantai Kamar Tidur 2 View Laut Lingkungan Tenang di Nusa Dua,Rp 275.000.000,year,Nusa Dua Badung,,2,,,,Fully renovated 2-Bedrooms Private Villa for rent in Nusa Dua - Bali (IP02) AVAILABLE NOW and SMALL PETS ALLOWED Location : * 3 minutes to Bali Mandara Toll * 5 minutes to nearby Spa / Cafe / Restaurants * 11 minutes to Jimbaran Beach * 12 minutes to Tanjung Benoa / Nusa Dua Beach / ITDC / Bali Collection * 15 minutes to Airport * 25 minutes to Melasti Beach Specifications : * Quiet Villa Complex Area * Fully Furnished * 2-Suite Bedrooms with AC * 2-Bathrooms with Water Heater * Smart TV Cable TV & Wifi * Private Swimming Pool * Open Dining / Kitchen / Living Room with Chiller / Water Dispenser / 3 Burner Gas Stove / Sofa / Ceiling Fan * Laundry Area with Washing Machine * Indoor Garage * Storage room with Toilet * Ocean View from Balcony * One Gate System * 24/7 Security & CCTV * Electricity : 7700 kwh * Land size : 101 sqm * Building size : 180 sqm Monthly Rent Bills Included : * Cleaning Service 1x per week * Pool Maintenance 1x per week * Linen Change 1x per week (Upon Request) * Garbage Fee * Banjar Fee * Ground Water Supply * Gardening * Complex Security 24 hours * Wifi & Cable TV Monthly Rent Bills Excluded : * Electricity Bills (Token) * Laundry (Linen & Personal) * Personal Consumption (Drinking Water Tissues Soaps etc) Prices : * IDR 25.000.000 per month (with Facilities) * IDR 275.000.xxx per year (Villa Only) (Visit with Appointment) fia,,ICHA (TWKV)Agen KorporatNIB:230623011****,,https:/picture.rumah123.com/r123-images/300x300-crop/customer/1645895/17b7e989e8e3a659f57b9942cf8c80bd.jpg,https://www.rumah123.com/properti/badung-nusa-dua/villa-dalam-kompleks-2-lantai-kamar-tidur-2-view-laut-lingkungan-tenang-di-nusa-dua-vlr230595/
Kbp1556 Charming Villa With Modern Minimalist In Sanur,Rp 450.000.000,year,Kbp1556 Charming Villa With Modern Minimalist In Sanur | vlr228828,3,3,,,,ID : KBP1556 SANUR SANUR - Yearly Rental. 3 Bedrooms Villa IDR 450 Mill / Year AVAILABLE FOR LEASEHOLD 29 YEARS IDR 45 BILLION Beachside AREA Charming villa with modern minimalist in sanur The clean and bright villa has 3 bedrooms with en-suite bathrooms. With a living room at the front and close to the kitchen this villa also has a swimming pool that is kept clean this villa is a great location. 10 Minutes Walking Distance To the beach 25 minutes to ngurah rai airport Details: - 2-Storey building - 140 Sqm land size - Buillding Size 160 sqm - Closed living - 3 Bedrooms - 3 Bathrooms - Close kitchen - Stove - Refrigerator - Full furnish - Guest Toilet - AC 5 units - ceilling Fan - Hot water - Swimming Pool - Garage - Well water Supply - Electricity 5500 watt,,dessy yantiAgen Independen,,https:/picture.rumah123.com/r123-images/300x300-crop/customer/817697/63ee600f2e79a1e07b27066f039e7bdc.jpg,https://www.rumah123.com/properti/denpasar-sanur/kbp1556-charming-villa-with-modern-minimalist-in-sanur-vlr228828/
Upcoming Two Bedroom Mediterranean Style Villa In Strategic Area Of Batu Bolong Canggu,Rp 527.000.000.000,year,Upcoming Two Bedroom Mediterranean Style Villa In Strategic Area Of Batu Bolong Canggu | vlr230590,2,3,,,,Experience refined coastal living in this elegant two-bedroom villa at La Finca Canggu blending Mediterranean charm with Bali's relaxed bohemian lifestyle. Set on 115 m² of land with 141 m² of living space the two-story villa features two ensuite bedrooms a guest bathroom open-plan kitchen and seamless indoor-outdoor living. A private garden sun terrace and plunge pool complete the serene setting. Priced from USD 315000 this fully furnished villa is offered on a 25-year leasehold with a one-year construction warranty and a flexible 10-month payment plan. With potential returns of up to 24% annually it presents an excellent investment opportunity in high-demand Canggu. Just minutes from Batu Bolong and Echo Beach and close to top dining beach clubs and fitness hubs this villa is ideal as a luxury residence or high-yield holiday rental in one of Bali's most sought-after locations. Key Features: Building Size	: 1263 m² Land Size	: 994 m² Bedrooms	: 2 Bathrooms	: 3 Zoning		: Red Build year	: November 2025 Electricity	: 3.300 Watts Fully Furnished Indoor: Fully Equipped Open-Plan Kitchen	 Kitchen Sunken sofa Living & dining room TV & AC	 Outdoor: Swimming Pool		 Garden	 Drill water Parking Excellent Location 6 minutes to Pepito Market 5 minutes to Batu Bolong Beach 40 minutes to Ngurah Rai International Airport 5 minutes to Restaurants and Cafés,,Fullers PropertiesAgen KorporatNIB:170323002****,,https:/picture.rumah123.com/r123-images/300x300-crop/customer/1971389/5580c1a6c98057e39a7ec193176a10d4.jpg,https://www.rumah123.com/properti/badung-canggu/upcoming-two-bedroom-mediterranean-style-villa-in-strategic-area-of-batu-bolong-canggu-vlr230590/
For Rent Modern Villa In Nusa Dua Available October (144Va1),Rp 300.000.000,year,https://www.rumah123.com/properti/badung-nusa-dua/for-rent-modern-villa-in-nusa-dua-available-october-144v-hor40251906/,3,3,150 m²,300 m²,SHM,For Rent - New Modern Villa in Nusa Dua Discover comfort and convenience in this brand-new fully furnished villa located in the strategic area of Nusa Dua close to the beach markets supermarkets restaurants cafés toll road and the airport. Perfect for long-term living or a comfortable monthly stay. Property Details: Land Size: 150 m² 2-Storey Building with Rooftop Balcony Area 3 Bedrooms 3 Bathrooms Working Space Living Room and Dining Area Fully Furnished Kitchen Set and Equipment Water Heater Air Conditioner in Each Room TV in Each Bedroom Washing Machine Private Swimming Pool Garage Space Garden Area WiFi 200 Mbps Monthly Rental Includes: WiFi Water (PDAM) Cleaning Service twice per week Linen and Towel Change once per week Pool Cleaning once per week Gardening twice per month Rubbish Collection Fee One Gallon of Drinking Water upon Check-In Excludes: Electricity Personal Expenses Yearly: IDR 300 Million,,DANA (FGTB)Agen KorporatNIB:912020578****,,https:/picture.rumah123.com/r123-images/300x300-crop/customer/2161494/01811760242bc0193424c05332c96094.jpg,https://www.rumah123.com/properti/badung-nusa-dua/for-rent-modern-villa-in-nusa-dua-available-october-144v-hor40251906/
Disewakan Villa Eksklusif di Puri Gading Jimbaran,Rp 240.000.000,year,Disewakan Villa Eksklusif di Puri Gading Jimbaran | vlr207020,2,2,,,,Disewakan Villa Eksklusif di Puri Gading Jimbaran Villa modern yang nyaman berlokasi di kawasan Puri Gading Jimbaran lingkungan tenang dan strategis sangat cocok untuk hunian keluarga maupun ekspatriat. Lokasi Strategis: - Dekat Sekolah Taman Rama - ± 5 menit ke Garuda Wisnu Kencana (GWK) - ± 10 menit ke Sidewalk Jimbaran Mall - ± 25 menit ke Pantai Padang-Padang Detail Properti: - Luas Tanah: 100 m² - Luas Bangunan: 55 m² - 2 Kamar Tidur - 2 Kamar Mandi - Listrik 3.500 Watt - Sumber Air: Sumur bor Villa ini menawarkan desain fungsional dengan tata ruang yang efisien memberikan kenyamanan dan privasi bagi penghuninya. Akses mudah ke fasilitas umum pusat perbelanjaan sekolah internasional dan destinasi wisata menjadikannya pilihan ideal untuk tempat tinggal jangka panjang. Harga Sewa:  IDR 240.000.xxx per tahun Untuk informasi lebih lanjut atau penjadwalan survei silakan hubungi kami.,,Ayunda PutriAgen KorporatNIB:812001614****,,https:/picture.rumah123.com/r123-images/300x300-crop/customer/1616144/36f2e7419630e16d8a4de8502a3343a1.jpg,https://www.rumah123.com/properti/badung-jimbaran/disewakan-villa-eksklusif-di-puri-gading-jimbaran-vlr207020/
For Rent 3 New Luxury Villas In Pandawa - Nusa Dua,Rp 744.000.000,year,https://www.rumah123.com/properti/badung-nusa-dua/for-rent-3-new-luxury-villas-in-pandawa-nusa-dua-vlr225596/,3,3,170 m²,205 m²,Lainnya,For Rent 3 New Luxury Villas in Pandawa - Nusa Dua Just 5 minutes from the pristine shores of Pandawa Beach Discover a sanctuary of elegance and comfort in a private villa estate featuring a one gate system 24-hour security smart password door access and exclusive rooftop lounges with breathtaking panoramic views. Each villa is crafted with sophisticated interior design luxurious finishes and spacious layouts that blend modern living with serene tropical ambience. Each villa is beautifully crafted with premium finishes elegant interior design and spacious layouts for ultimate comfort. Features: - 3 Spacious Bedrooms - 3 Modern Bathrooms - Private Swimming Pool - Washing Machine Included - Stunning View & Elegant Interior Design - Premium Finishes - Rooftop with Exceptional Views - Private Garage Includes : House Cleaning 2 times/week Pool Maintenance Gardening Banjar Fees Wi-Fi Garbage Collection Common large garden Security 24/7 Excluded : Electricity Price : IDR 62 Million/ Month . (Minimum 3 months stay) IDR 595 Million/ Year,,Ray White KutaAgen KorporatNIB:912010636****,,https:/picture.rumah123.com/r123-images/300x300-crop/customer/1064247/0454dd6ffdc2d493dfde1f278b2ce230.jpg,https://www.rumah123.com/properti/badung-nusa-dua/for-rent-3-new-luxury-villas-in-pandawa-nusa-dua-vlr225596/
Kbp1561 Charming 2 Bedroom Villa In Complex Area.,Rp 250.000.000,year,Kesiman Denpasar,2,2,,,,ID : KBP1561 SANUR Kesiman - YEARLY RENTAL 2 Bedrooms Villa IDR 250 Mill / Year Minimum 2 Years WESTSIDE Charming 2 Bedroom Villa In complex Area. This villa stands on 175 sqm of land with a 1-story building has a modern minimalist design rented with full furniture can be rented long term and ready to be occupied immediately. The environment is very safe and comfortable far from the crowds and easy to find groceries only 10 minutes drive to Sanur beach. Details: - 1-Storey Building - 175 Sqm land space - 130 sqm building size - Full Furnish - Close living - 2 Bedrooms - 2 Bathrooms - Close kitchen - Hot Water - Stove - Fridge - Aircon 4 	 - Swimming Pool - Laundry Area - Secure parking - Storage - Well Water Supply - Electric City 5500 Watt For more information please PM or contact bellow : Phone : 0877xxxxxxxxCall SMS WhatsApp) Email Address :kububaliproperty.sanur@******** Website : ******** #baliyearlyrental #balimonthlyrental #balidailyrental #villasanur #agentpropertybali #balivilla #balivillabuy #balivillasell,,dessy yantiAgen Independen,,https:/picture.rumah123.com/r123-images/300x300-crop/customer/817697/094bb24824d2ddb97ef154cc4b829852.jpg,https://www.rumah123.com/properti/denpasar-kesiman/kbp1561-charming-2-bedroom-villa-in-complex-area-vlr230578/
Brand New 2-Bedroom Villa - Leasehold 20 Years - Kerobokan,Rp 90.000.000,year,Brand New 2-Bedroom Villa - Leasehold 20 Years - Kerobokan | vlr228440,2,2,100 m²,70 m²,Lainnya,Brand New 2-Bedroom Villa - Leasehold 20 Years - Kerobokan Modern brand new villa located in a quiet area of Kerobokan Taman Sari with excellent access to Petitenget and surrounding hotspots. Ideal for daily weekly or monthly rental investment. Location highlights : 8 minutes to Livingstone Petitenget 14 minutes to Petitenget Beach 38 minutes to Ngurah Rai International Airport Property Details : Land size : 100 sqm Building size : 70 sqm 2 bedrooms with ensuite bathrooms (bathtub included) Private swimming pool Closed living room Fully equipped kitchen Fully furnished Electricity : 3500 watt PBG & SLF in process Lease terms : Leasehold: 20 years Extension option: +5 years Price : IDR 1.8 Billion (negotiable) -YLDN-,,Ray White KutaAgen KorporatNIB:912010636****,,https:/picture.rumah123.com/r123-images/300x300-crop/customer/1064247/8d55fe48cc9458607be4f40c0a6c9adb.jpg,https://www.rumah123.com/properti/badung-kerobokan/brand-new-2bedroom-villa-leasehold-20-years-kerobokan-vlr228440/
Sewa Villa Murah Dan Cakep Disentral Seminyak,Rp 28.000.000,month,Sewa Villa Murah Dan Cakep Disentral Seminyak | Rumah123,2,2,108 m²,80 m²,Lainnya,Brand New Villa Seminyak For Rent located in the prime area of Seminyak and offers residents easy access to all the best places in town. Prime location with One Gate System and centralized Wide Road Quite Neighborhood/Environment Ready to Move in Fully Furnished Spesifikasi : Fully Furnished Land Size 102 sqm Building Size 80 sqm 2 Bedroom Ensuite 2 Bathroom - Bathub Swimming Pool Living and Kitchen Mini Garden Public/Central Parking Private Bike Parkirng Surrounded by Luxury Villas Hotel Cafe etc Public Facilities and Surrounding Area : • 2 minute to Louis Fitness Gym • 4 Minutes to Starbucks Dewata • ⁠4 Minutes to Frestive Supermarket • ⁠8 minutes to Indo Padel • 9 Minutes to Seminyak Beach • 10 Minutes to Siloam Hospital • 10 Minutes to La Favela Bali • 10 Minutes to Trans Studio Mall Bali • 12 Minutes to Kuta Beach • 14 Minutes to Monsieur spoon Petitenget • 16 Minutes to Potato Head • 16 Minutes to Ngurah Rai Airport • 18 Minutes to Atlas Beach Suitabale For Short Term Long Term Holiday Home Rent Weekly Monthly Yearly Yearly 275 Million ( Villa Only ) Monthly 28 Million Include • Cleaning twice a week • ⁠Change linen once a week • ⁠maintenance pool twice a week • ⁠garbage • ⁠Wifi Up to 200mbps Exclude : • Electricity • ⁠etc,,i gede artawanAgen KorporatNIB:812001416****,,https:/picture.rumah123.com/r123-images/300x300-crop/customer/1714713/f85e789eb2e68462476575984899df0a.jpg,https://www.rumah123.com/properti/badung-seminyak/sewa-villa-murah-dan-cakep-disentral-seminyak-hor40345533/
Sewa Villa Murah Canggu Tinggal Bawa Koper Saja,Rp 300.000.000,year,Sewa Villa Murah Canggu Tinggal Bawa Koper Saja | Rumah123,2,2,175 m²,90 m²,Lainnya,Rumah 1 lantai di Canggu Badung. For rent rumah di wilayah yang tenang dengan pemandangan perkotaan. Properti 1 lantai bergaya modern ini berada di lingkungan strategis. Kategorinya adalah sebagai berikut: - Kamar Tidur: 2 - Kamar Mandi: 2 - Sertifikat: - - Daya Listrik: 5500 W - Hadap: Selatan - Kondisi Perabotan: Furnished Tentunya properti ini layak untuk anda dapatkan karena: - Bonus Furniture. - Siap Huni. - Bebas Banjir. - Free Biaya Akad. - Free Biaya Notaris. - Dekat Pusat Perbelanjaan. - Dekat Sekolah Internasional. - Dekat Sekolah Negeri. - Dekat Universitas. - Dekat Fasilitas Kesehatan. - Dekat Tempat Wisata. - Dekat Tempat Ibadah. - Dekat Taman Kota. - Lingkungan Tenang dan Damai. Properti ini telah lengkap dengan fasilitas: - Wastafel. - Kulkas. - Kompor. - Pemanas Air. - Kitchen Set. - Akses Parkir. - Kolam Renang. - Taman. - Tempat Jemuran. - Kolam Renang. - Taman. - Tempat Jemuran. Lokasi rumah berikut terjangkau hanya selangkah menuju berbagai fasilitas utama dan menarik. Hanya Rp. 25.000.000 anda dapat langsung dapatkan rumah strategis di daerah Canggu ini. Tersedia juga untuk rental period Yearly.,,i gede artawanAgen KorporatNIB:812001416****,,https:/picture.rumah123.com/r123-images/300x300-crop/customer/1714713/235dff238283b828f9fd9bc2726ae471.jpg,https://www.rumah123.com/properti/badung-canggu/sewa-villa-murah-canggu-tinggal-bawa-koper-saja-hor40308815/
Villa Baru Di Canggu Siap Bawa Koper Saja,Rp 200.000.000,year,Villa Baru Di Canggu Siap Bawa Koper Saja | Rumah123,2,3,150 m²,75 m²,Hak Sewa,New villa padonan (under construction) Luas tanah:150m² Luas bangunan:74m² Kamar Tidur: 2 Kamar tidur: 2 Pool :3m x 6m Ruang tamu Carport Air sumur bor Listrik 5500watt Water heater Non furnished (hanya AC) Akses jalan 4 mtr Note :minimal pengambilan sewa 3tahun,,i gede artawanAgen KorporatNIB:812001416****,,https:/picture.rumah123.com/r123-images/300x300-crop/customer/1714713/aee2a477c8381de7a6ed931a40ba6d4e.jpg,https://www.rumah123.com/properti/badung-canggu/villa-baru-di-canggu-siap-bawa-koper-saja-hor19177213/
Villa Nyaman 2Kt dengan Kolam Renang Pribadi di Batur Sari,Rp 270.000.000,year,Sanur Denpasar,2,2,,,,Villa di Sanur. Dapatkan villa yang asri ini disewakan menawarkan lingkungan fasilitas yang lengkap cocok untuk Anda yang menginginkan hunian nyaman. Spesifikasi Utama Properti: - Kamar Tidur: 2 - Kamar Mandi: 2 - Sertifikat: SHM Fitur unggulan: - Siap Huni. - Bebas Banjir. - Dekat Pusat Perbelanjaan. - Dekat Akses Bandara. - Dekat Sekolah Internasional. - Dekat Sekolah Negeri. - Dekat Universitas. - Dekat Fasilitas Kesehatan. - Dekat Tempat Wisata. - Dekat Tempat Ibadah. - Dekat Taman Kota. - Dekat Landmark. - Kolam renang pribadi. - Private & tidak terganggu. - Cocok untuk keluarga. - Cocok untuk rombongan. - Desain minimalis. - Lokasi tenang & jauh dari keramaian. - Lokasi dipusat kota. - Sejuk. - Lokasi Strategis. - Lokasi Bebas Banjir. Terletak di Sanur villa ini memberikan kemudahan akses ke berbagai fasilitas menarik. Hubungi segera untuk informasi lebih lanjut!,,ETY (MEQG)Agen KorporatNIB:912020578****,,https:/picture.rumah123.com/r123-images/300x300-crop/customer/4407764/a28b3300dae59f7fc9e599ee8d1cbf19.jpg,https://www.rumah123.com/properti/denpasar-sanur/villa-nyaman-2kt-dengan-kolam-renang-pribadi-di-batur-sari-vlr200173/
Villa 1 Bedroom For Rent In Pererenan,Rp 220.000.000,year,https://www.rumah123.com/properti/badung-pererenan/villa-1-bedroom-for-rent-in-pererenan-vlr230554/,1,1,160 m²,40 m²,SHM,Villa 1 Bedroom For Rent In Pererenan Discover a cozy and well-located villa in the heart of Pererenan just moments from Lyma Beach Road a prime area known for its relaxed coastal lifestyle and convenient access to popular destinations. Property Details: Land Size: 5 x 8 m Building Size: 10 x 16 m 1 Bedroom 1 Bathroom Comfortable living space Easy access to cafés beach clubs and shops Price: IDR 220 million /year Location Highlights: Strategically located near Lyma Beach Road in a quiet neighborhood while remaining close to Pererenan Beach trendy cafés and popular Canggu hotspots. Ideal for singles or couples seeking a peaceful home in one of Bali's most desirable areas. Contact for More Information and Viewing Schedule: Dita 0882xxxxxxxx ditad917@********,,RE/MAX JAYA CANGGUAgen KorporatNIB:812001614****,,https:/picture.rumah123.com/r123-images/300x300-crop/customer/1964324/e64897d3f0989af9dc5dae8bc738e860.png,https://www.rumah123.com/properti/badung-pererenan/villa-1-bedroom-for-rent-in-pererenan-vlr230554/
Villa for Rent Jimbaran Classic Serasa Rumah Sendiri DD,Rp 295.000.000,year,Villa for Rent Jimbaran Classic Serasa Rumah Sendiri DD | vlr144616,4,4,,,,VILLA FOR RENT JIMBARAN Classic serasa rumah sendiri dengan suasana yang damai dan tenang namun letak sangat strategis. Luas Tanah 1200m² 4 Kamar Tidur 4 Kamar Mandi * 10 mnt dari airport ⁠ * 10 ke pusat destinasi wisata international (GWK) nusa dua * 20 mnt ke uluwatu * ⁠10 mnt dari jalan toll * ⁠10 mnt ke pantai nusa dua Area halaman yang luas dan nyaman dilengkapi private kolam renang gazeboTeras untuk acara gatheringdan carport serta teras depan/samping dan taman yang asri akan membuat momen anda sangat special bersama orang orang yang anda cintai dalam acara birthday party Gathering perpisahan acara sekolah/ keluarga small wedding dll. Harga: IDR 295000000/ Tahun,,Integrity Property PlannerAgen KorporatNIB:230623011****,,https:/picture.rumah123.com/r123-images/300x300-crop/customer/1904361/0c26617e7ec3d4bf39929a12517b9001.jpg,https://www.rumah123.com/properti/badung-jimbaran/villa-for-rent-jimbaran-classic-serasa-rumah-sendiri-dd-vlr144616/
Two Bedroom Villa Rent Yearly At Seminyak Area Full Furnished,Rp 200.000.000,year,Two Bedroom Villa Rent Yearly At Seminyak Area Full Furnished | vlr186794,2,2,,,,2 bedrooms minimalist Villa in BidadariSeminyak. Don't let this opportunity slips through your finger to rent a villa with yearly rental Thi villa has a minimalist design with a tropical twist occupies a spacious 200sqm plot of land.Located in Jalan Bidadari Seminyak. This modern villa comes fully furnished making it ready for immediate occupancy or an attractive rental property. The villa also includes private parking. Details: Land Size 2 ara ( 200 sqm) 2 bedrooms ensuite Open living Fully equipped kitchen Fully furnished Good size swimming pool Private parking Price IDR 200 Million / Year,,JamesAgen IndependenNIB:240822001****,,https:/picture.rumah123.com/r123-images/300x300-crop/customer/1258884/9f074d39870b45868340172dbd7462cf.jpg,https://www.rumah123.com/properti/badung-seminyak/cozy-minimalis-villa-at-seminyak-for-rent-yearly-near-kuta-and-legian-vlr186794/
Villa 2 Kt Hanya 700 Meter Dari Pantai Seminyak Bali,Rp 420.000.000,year,Villa 2 Kt Hanya 700 Meter Dari Pantai Seminyak Bali | vlr214820,2,2,,,,700 m dari Pantai | Villa 2 Kamar Tidur di Lokasi Premium Seminyak Terletak di area Seminyak yang tenang namun strategis villa ini menawarkan akses yang sangat mudah serta jarak yang dekat ke pantai dan berbagai destinasi gaya hidup populer. Destinasi Terdekat 7 menit ke Potato Head 5 menit ke Pepito Petitenget Detail Properti Luas tanah: 150 m² 2 kamar tidur dengan kamar mandi dalam Parkir untuk 1 mobil dan beberapa motor Akses jalan baik Lingkungan perumahan yang tenang Fasilitas Termasuk: Layanan housekeeping 2 kali seminggu Perawatan kolam renang dan taman Harga Sewa IDR 420.000.xxx per tahun Villa ini sangat ideal untuk tempat tinggal yang nyaman maupun sebagai properti sewa di salah satu lokasi paling diminati di Seminyak. Untuk informasi lebih lanjut atau untuk menjadwalkan kunjungan silakan hubungi kami melalui DM atau WhatsApp. (KHD),,VictoriaAgen KorporatNIB:912000578****,,https:/picture.rumah123.com/r123-images/300x300-crop/customer/1768630/f390a5f98072296af4e9ec15447f28f8.jpg,https://www.rumah123.com/properti/badung-seminyak/villa-2-kt-hanya-700-meter-dari-pantai-seminyak-bali-vlr214820/
Villa 2 Kt Hanya 700 Meter ke Pantai Padang Galak Sanur Bali,Rp 195.000.000,year,Villa 2 Kt Hanya 700 Meter ke Pantai Padang Galak Sanur Bali | vlr215366,2,2,,,,Sewa Tahunan - Tersedia Sekarang! Vila 2 Kamar Tidur di Sanur - Padang Galak (Terdapat pembangunan di sekitar area) Lokasi Strategis: ±700 meter ke pantai ±10 menit ke pusat Sanur (Icon Mall / Jalan Tamblingan) Fasilitas Vila: 2 Kamar Tidur dengan Kamar Mandi Dalam Area Ruang Tamu & Dapur Ruang Penyimpanan Carport Beratap Kolam Renang Ruang Tamu Terbuka (Open Living Space) Rooftop Harga Sewa Tahunan: IDR 195.000.xxx / tahun Tersedia juga untuk sewa bulanan Silakan DM untuk informasi harga bulanan. (KHD),,Agen Properti di Tangerang,,https:/picture.rumah123.com/r123-images/300x300-crop/customer/1768630/ee2d4afffb3c6f7b4405cc62fc7b6406.jpg,https://www.rumah123.com/properti/denpasar-sanur/villa-2-kt-hanya-700-meter-ke-pantai-padang-galak-sanur-bali-vlr215366/
Villa 5 Kt Taman Luas Dekat Pantai Batu Bolong Canggu Bali,Rp 65.000.000,month,Villa 5 Kt Taman Luas Dekat Pantai Batu Bolong Canggu Bali | vlr224445,5,4,,,,VILLA DISEWAKAN DI AREA PRIME BATU BOLONG CANGGU Villa berlokasi strategis di kawasan favorit Batu Bolong Canggu. Hanya jarak jalan kaki ke Blacksand ± 2 km ke Old Man's Beach Club & Pantai Batu Bolong. Pepito Supermarket hanya 300 meter serta dikelilingi café dan restoran ternama. Detail Properti Luas tanah: 1.085 m² Luas bangunan: 350 m² Spesifikasi 5 kamar tidur 4 kamar mandi Taman tropis & kolam renang Ruang tamu tertutup dengan pintu geser menghadap kolam renang Dapur luas cocok untuk aktivitas memasak sehari-hari Area parkir luas Parkir untuk 3 mobil Tidak ada proyek konstruksi di sekitar (tenang & nyaman) Harga Sewa Rp 65 juta / bulan Termasuk layanan (services) (KHD),,VictoriaAgen KorporatNIB:912000578****,,https:/picture.rumah123.com/r123-images/300x300-crop/customer/1768630/c964f282cb99f30074531dd621fea161.jpg,https://www.rumah123.com/properti/badung-canggu/villa-5-kt-taman-luas-dekat-pantai-batu-bolong-canggu-bali-vlr224445/
Villa Modern Kontemporer di Jantung Bali Padangsambian 3 Kamar,Rp 313.000.000,year,Padangsambian Kelod Denpasar,3,2,,,,Sewa Tahunan Bulanan Villa Modern Kontemporer Di Jantung Bali Padangsambian 3 Kamar Villa ini hadir dengan desain kontemporer yang modern berlokasi di Padangsambian Denpasar Barat. Letaknya sangat strategis hanya 8 menit ke Starbucks Reserve Dewata 10 menit ke Sunset Road dan 13 menit ke Grand Lucky Supermarket. Bandara Ngurah Rai dapat dicapai dalam waktu 30 menit. Villa ini berdiri di atas lahan seluas 105m2 dengan dimensi 65×166 dan luas bangunan 70m2 dengan dimensi 4×11. Villa terdiri dari 2 lantai yang dilengkapi dengan 3 kamar tidur dan 2+1 kamar mandi. Kamar tidur utama didesain dengan gaya modern minimalis memberikan kenyamanan optimal untuk istirahat Anda. Terdapat ruang tamu bergaya modern dapur lengkap kolam renang dan parkir yang dapat menampung 1 mobil atau 8 motor. Villa ini dilengkapi dengan listrik 5500 watt air sumur dengan water filter dan internet Biznet. Semua kamar ber-AC dan dilengkapi dengan water heater di setiap kamar mandi. Dapur menggunakan kompor listrik induksi mini oven kulkas serta piring gelas mangkuk dan alat makan yang sudah lengkap. Tersedia juga 2 Smart TV 55' di ruang tamu dan master bedroom. Layanan kebersihan tersedia 3 kali seminggu dan perawatan kolam 1 kali seminggu. Villa ini disewakan tahunan dengan harga 313 juta per tahun. Untuk yang membutuhkan juga tersedia opsi sewa bulanan dengan harga 31 juta per bulan. Villa dengan desain townhouse Lokasi Padangsambian Denpasar Barat Dekat Seminyak 8 menit ke Starbucks Reserve Dewata 10 menit ke Sunset Road 13 menit ke Grand Lucky Supermarket 30 menit ke bandara Ngurah Rai Luas tanah 105m2 Dimensi tanah 65×166 Luas bangunan 70m2 Dimensi bangunan 4×11 2 lantai 3 kamar tidur 2+1 kamar mandi kamar tidur utama dengan gaya modern minimalis membantu beristirahat lebih nyenyak. ruang tamu bergaya modern dapur pool parkir 1 mobil atau 8 motor Listrik 5500 watt Air sumur Sudah dipasang water filter agar air bersih Internet Biznet Full Furnished AC di setiap kamar Water Heater di setiap kamar mandi Dapur menggunakan kompor listrik Induksi Mini oven Kulkas Piring gelas mangkok dan utensils (alat makan) sudah lengkap,,HAN HSWCAgen KorporatNIB:912020578****,,https:/picture.rumah123.com/r123-images/300x300-crop/customer/1741417/8ce20a5d1306f367deaccb81d29272ab.jpg,https://www.rumah123.com/properti/denpasar-padangsambian-kelod/villa-modern-kontemporer-di-jantung-bali-padangsambian-3-kamar-vlr230520/
Villa Mewah Modern 2 Lantai 2 Kamar Pererenan Munggu,Rp 340.000.000,year,https://www.rumah123.com/properti/badung-munggu/villa-mewah-modern-2-lantai-2-kamar-pererenan-munggu-vlr230517/,2,2,,,,Sewa Villa Mewah Modern 2 Lantai 2 Kamar Pererenan Munggu Villa mewah modern 2 lantai ini berlokasi di kawasan premium Munggu - Pererenan Badung area yang semakin diminati karena suasananya yang tenang namun tetap dekat dengan pusat lifestyle. Hanya beberapa menit menuju Pantai Pererenan dan Pantai Seseh serta dikelilingi tempat populer seperti Mason Pescado dan Woods. Akses menuju properti sangat nyaman dengan jalan aspal lebar 4-6 meter dan lingkungan yang masih asri dengan pemandangan sawah. Berdiri di atas lahan seluas 229 m² dengan bangunan 210 m² villa ini dirancang dengan konsep modern elegan yang memaksimalkan pencahayaan alami karena menghadap timur laut. Terdiri dari 2 kamar tidur dan 2 kamar mandi serta ruang tamu terbuka yang menyatu dengan suasana tropis Bali menciptakan hunian yang nyaman sekaligus estetik. Dilengkapi listrik 13.200 watt dan legalitas SHM properti ini sesuai untuk hunian pribadi maupun investasi jangka panjang. Tersedia pilihan sewa fleksibel. Harga Rp 340 juta per tahun Rp 17 miliar untuk 5 tahun Rp 25 miliar untuk 10 tahun dan Rp 44 miliar untuk 35 tahun. Ini adalah kesempatan menarik untuk merasakan hunian eksklusif di salah satu area paling berkembang di Pererenan - Munggu dengan potensi investasi yang sangat menjanjikan. Lokasi Munggu Pererenan Badung Dekat pantai Pererenan Dekat pantai Seseh Dekat Mason Pescado dan Woods Jalan aspal lebar 4-6 meter View sawah Luas tanah 229m2 Luas bangunan 210m2 2 kamar tidur 2 kamar mandi ruang tamu terbuka Listrik 13200 watt SHM Hadap timur laut Harga 340 juta per tahun Sewa min 5 tahun Harga 17 milyar untuk 5 tahun Sewa 10 tahun Harga 25 milyar untuk 10 tahun Sewa 35 tahun Harga 44 milyar untuk 35 tahun,,HAN HSWCAgen KorporatNIB:912020578****,,https:/picture.rumah123.com/r123-images/300x300-crop/customer/1741417/3ce10cbd088cb1be1e6ccd35a6f7a2cc.png,https://www.rumah123.com/properti/badung-munggu/villa-mewah-modern-2-lantai-2-kamar-pererenan-munggu-vlr230517/
Villa Mewah Full Furnished 2 Lantai 3 Kamar Umalas Kerobokan,Rp 300.000.000,year,Villa Mewah Full Furnished 2 Lantai 3 Kamar Umalas Kerobokan | vlr230516,3,2,,,,Sewa Villa Mewah Full Furnished 2 Lantai 3 Kamar Umalas Kerobokan Disewakan villa mewah 2 lantai full furnished di kawasan Umalas Kerobokan Kuta Utara. Lokasi strategis dengan akses mudah menuju Seminyak dan Canggu menjadikan properti ini pilihan menarik untuk hunian nyaman di Bali. Berdiri di atas lahan 300 m² dengan luas bangunan 300 m² villa ini menawarkan ruang yang lega dan tata letak fungsional. Terdiri dari 3 kamar tidur dan 2 kamar mandi cocok untuk keluarga maupun ekspatriat yang menginginkan kenyamanan dan privasi dalam lingkungan yang tenang serta aman. Menghadap utara dengan pencahayaan alami yang baik dilengkapi listrik 5.500 watt serta status SHM. Kondisi siap huni dengan furnitur lengkap Anda bisa segera untuk langsung menempati. Harga sewa Rp 300 juta per tahun. Ini adalah pilihan yang layak dipertimbangkan untuk menikmati hunian eksklusif di lokasi terbaik Bali. Lokasi Umalas Kerobokan Kuta Utara Badung Akses mudah ke Seminyak dan Canggu Lingkungan tenang aman Luas tanah 300m2 Luas bangunan 300m2 3 kamar tidur 2 kamar mandi Listrik 5500 watt SHM Hadap utara Siap huni Full furnished Harga 300 juta per tahun,,HAN HSWCAgen KorporatNIB:912020578****,,https:/picture.rumah123.com/r123-images/300x300-crop/customer/1741417/7f5abe64cfa6e20dea2024a5211e9109.jpg,https://www.rumah123.com/properti/badung-kerobokan/villa-mewah-full-furnished-2-lantai-3-kamar-umalas-kerobokan-vlr230516/
Modern Tropical Villa In Seminyak Just 550 Meter From Beach,Rp 450.000.000,year,Modern Tropical Villa In Seminyak Just 550 Meter From Beach | Rumah123,3,4,280 m²,155 m²,SHM,Newly Renovated Modern Tropical Villa Walking Distance to the Beach Land Size: 280 m² | Building Size: 155 This newly renovated modern tropical villa offers a perfect blend of comfort and elegance located just 550 meters from the beach. With a sleek design bright interiors and functional layout it provides the ideal setting for a stylish Bali lifestyle. Features & Highlights -Freshly renovated with high-quality finishes -Modern tropical design with natural light and breezy atmosphere -3 spacious bedrooms including 1 upstairs with added privacy -Elegant ensuite bathrooms plus an additional guest toilet -Inviting 3x8m swimming pool perfect for relaxing under the sun -Fully enclosed living room ensuring year-round comfort -Functional kitchen and dining area for family and guests -Practical laundry space and private carport Location: Perfectly positioned in a highly sought-after area just a short walk (550m) to the beach. Enjoy the best of Bali’s coastal lifestyle with cafés shops and local attractions nearby. A rare opportunity to own a move-in-ready modern tropical villa in a prime beachside location! Price: IDR. 450000000 per year IDR. 6500000000 for 20 years,,Novi CheristinaAgen KorporatNIB:121021004****,,https:/picture.rumah123.com/r123-images/300x300-crop/customer/1043890/2023-11-27-08-48-21-00b3ea7d-a1f2-485a-ab11-5c31e6039cf3.jpg,https://www.rumah123.com/properti/badung-seminyak/modern-tropical-villa-in-seminyak-just-550-meter-from-beach-hor15598538/
Villa 3 Kamar Tidur dengan Suasana Pedesaan di Canggu,Rp 300.000.000,year,Villa 3 Kamar Tidur dengan Suasana Pedesaan di Canggu | vlr228548,,3,,,,Luas tanah 500 m² Luas bangunan 300 m² Bangunan 2 lantai Full furnished Ruang tamu & ruang makan terbuka 3 kamar tidur dengan kamar mandi dalam Kolam renang pribadi (35 m x 7 m) 2 kamar tidur staf/sopir + area layanan Listrik 4400 watt Bangunan tahun 2021 Dekat ke : 5 menit ke La Brisa Bali dan Pepito Market Eco Beach 6 menit ke Pantai Canggu dan Bali Social Club - Padel & Wellness 7 menit ke Asta Medical Center 9 menit ke Atlas Beach Club dan Finns Beach Club 17 menit ke Kota Denpasar 45 menit ke Bandara I Gusti Ngurah Rai Harga sewa : Rp. 300 juta / tahun *bisa nego jika masa sewa minimal 2 tahun,,Ida Bagus Made Surya PrabawaAgen KorporatNIB:121021004****,,https:/picture.rumah123.com/r123-images/300x300-crop/customer/4429941/aeea4ccfd38ac57961ae5dd5a0a525c1.jpg,https://www.rumah123.com/properti/badung-canggu/villa-3-kamar-tidur-dengan-suasana-pedesaan-di-canggu-vlr228548/
Villa Natural Klasik di Desa Mas Ubud,Rp 100.000.000,year,Villa Natural Klasik di Desa Mas Ubud | vlr228544,,2,,,,Jual / sewa : Sewa Leasehold Harga : 1.5 M / 15 Tahun Luas tanah : 150 m2 Luas bangunan: 100 m2 Sertifikat : IMB Tahun: Berapa lantai : 1 Kamar tidur: 2 Kamar mandi: 2 + 1 Powder room Fully furnished / non / semi : Fully furnished Carport/garasi : Carport 1 mobil Listrik: 35.000 watt Air: Sumur bor Hadap: Timur Lebar Akses jalan: 6 meter Keterangan : Villa Modern tropis di Mas Ubud Dekat dengan central Ubud Dekat ke Air Terjun Tegenungan Dekat dengan Pasar Seni Sukawati View Alami Dekat pasar tradisional dan coffee shop,,Ida Bagus Made Surya PrabawaAgen KorporatNIB:121021004****,,https:/picture.rumah123.com/r123-images/300x300-crop/customer/4429941/b71f956b341062deda98cb012d54d509.jpg,https://www.rumah123.com/properti/gianyar-ubud/villa-natural-klasik-di-desa-mas-ubud-vlr228544/
K195 Sewa Villa Bumbak Umalad Kuta Badung Bali Dekat Canggu Kerobokan Seminyak Denpasar,Rp 365.000.000,year,K195 Sewa Villa Bumbak Umalad Kuta Badung Bali Dekat Canggu Kerobokan Seminyak Denpasar | Rumah123,3,3,600 m²,1 m²,Lainnya,K195 sewa villa bumbak umalad kuta badung bali dekat canggu kerobokan seminyak denpasar Lantai 1 Furnished Kamar 3 kamar mandi 3 Garedent Kolam renang Harga 365 juta/ tahun,,Zaskia novy propertyAgen IndependenNIB:010324001****,,https:/picture.rumah123.com/r123-images/300x300-crop/customer/1969803/e7c372c9766e0a8883d6a95a7faed2de.jpg,https://www.rumah123.com/properti/badung-umalas/k194-sewa-villa-bumbak-umalad-kuta-badung-bali-dekat-canggu-kerobokan-seminyak-denpasar-hor40186391/
K476 Sewa Villa Seminyak Badung Bali Dekat Legian Sunset Road Denpasar Kerobokan,Rp 170.000.000,year,K476 Sewa Villa Seminyak Badung Bali Dekat Legian Sunset Road Denpasar Kerobokan | Rumah123,2,2,1 m²,1 m²,Lainnya,K476 Sewa villa seminyak badung bali dekat legian sunset road denpasar kerobokan 2Bedroom 2 bathrooms with bathtub Private pool Kitchen Living room Can walk to beach Full furnished Big Parking Price 170 million/ year,,Zaskia novy propertyAgen IndependenNIB:010324001****,,https:/picture.rumah123.com/r123-images/300x300-crop/customer/1969803/5733fbc468e470471de0371b4a451f72.jpg,https://www.rumah123.com/properti/badung-seminyak/k476-sewa-villa-seminyak-badung-bali-dekat-legian-sunset-road-denpasar-kerobokan-hor41108824/
Rent/ Sewa New Villa At Kerobokan Kuta Bali Near Canggu Seminyak,Rp 175.000.000,year,Rent/ Sewa New Villa At Kerobokan Kuta Bali Near Canggu Seminyak | vlr228506,,2,,,,BRAND NEW TWO BEDROOMS VILLA IN KEROBOKAN!! Details: Land size 100 sqm 2 bedrooms ensuite 1 storage Carport Open living and kitchen Pool IDR 175 mil/year NEGOTIABLE CONSTRUCTION ON GOING AT THE FRONT OF THE VILLA ( +- 3 MONTHS FINISHED rn,,RiskayaniAgen Independen,,https:/picture.rumah123.com/r123-images/300x300-crop/customer/1830827/6312d51ec824a57933e0a162cb583b1f.jpg,https://www.rumah123.com/properti/badung-kerobokan/rent-sewa-new-villa-at-kerobokan-kuta-bali-near-canggu-seminyak-vlr228506/
Rent/ Sewa Big New Villa At Umalas Kuta Bali Near Canggu,Rp 280.000.000,year,Rent/ Sewa Big New Villa At Umalas Kuta Bali Near Canggu | vlr228505,,3,,,,BRAND NEW HOUSE IN TEGAL CUPEK Land size 330 sqm 3 bedrooms en-suite Open living and kitchen Carport Unfurnished Ac Water heater Storage Guest toilet IDR 280 mil/year NEGOTIABLE rn,,RiskayaniAgen Independen,,https:/picture.rumah123.com/r123-images/300x300-crop/customer/1830827/283f07d29df805705aa0e69658eab570.jpg,https://www.rumah123.com/properti/badung-umalas/rent-sewa-big-new-villa-at-umalas-kuta-bali-near-canggu-vlr228505/
Villa Minimalis Canggu,Rp 200.000.000,year,Villa Minimalis Canggu | Rumah123,2,2,140 m²,70 m²,HGB,-.Lingkungan sekitar villa & mudah di akses -.Fully furnished -.Min sewa 5 tahun -.Harga sewa 200jt/tahun nego..,,M.Rahman IrawanAgen IndependenNIB:010324000****,,https:/picture.rumah123.com/r123-images/300x300-crop/customer/1889195/2024-01-30-12-02-35-a6e9f011-ff5b-41e8-9350-6370f738e160.jpg,https://www.rumah123.com/properti/badung-munggu/villa-minimalis-canggu-hor16223032/
Kbp1377 Beautiful Design Of 3 Bedrooms Villa Two Storey Building Ready To Move In Immediately.,Rp 300.000.000,year,Sanur Denpasar,3,3,,,,ID : KBP1377 SANUR Sanur - Yearly Rental. 3 Bedrooms Villa IDR 300 Million/ Year AVAILABLE TO VISIT ON MARCH BY APPOINTMENT!! Westside area Beautiful design of 3 bedrooms villa two storey building ready to move in immediately. Consist of 2 bedrooms upstairs and one bedroom on the ground floor. This beautiful villa is located in a residential area walking distance to get grocery cafés coffee shops and restaurants. Only 7 minutes ride to sanur beach. Detail : - 2-Storey building - 200 Sqm land size - Building Size 170 Sqm - Full furnish - Closed Living room - 3 Bedrooms - 3 Bathrooms - 3 Ac - Ceilling fan - closed Kitchen - Stove - Fridge - Hot Water - Swimming Pool - Storage - Laundry Area - Small Garden - Balcony - Garage - Well Water Supply - Electric 5500 Watt,,dessy yantiAgen Independen,,https:/picture.rumah123.com/r123-images/300x300-crop/customer/817697/f884273bc249a18612eb3cfc51ef35d4.jpg,https://www.rumah123.com/properti/denpasar-sanur/kbp1377-beautiful-design-of-3-bedrooms-villa-two-storey-building-ready-to-move-in-immediately-vlr220258/
Luxury Brand New Villa 4 BR In Batubolong,Rp 85.000.000,month,https://www.rumah123.com/properti/badung-canggu/luxury-brand-new-villa-4-br-in-batubolong-vlr228491/,4,4,,,,Luxury brand new villa available in Batu Bolong Discretion ‼️ 4 bedrooms ️ Located on a quiet street (no main roads or nearby construction) Fast and reliable internet (essential for work) ️ Mold-free ☀️ Good natural light and ventilation Pool with all day sun Fully furnished 950 mill Yearly 85 Mill Month ❌ Exclude Electricity,,SBSusan Property BaliAgen KorporatNIB:912000290****,,https:/picture.rumah123.com/r123-images/300x300-crop/customer/4392642/29d008414326e43243532a784347bf19.jpg,https://www.rumah123.com/properti/badung-canggu/luxury-brand-new-villa-4-br-in-batubolong-vlr228491/
For Rent 2 Bedroom Villa At Puri Gading Jimbaran Bali,Rp 180.000.000,year,For Rent 2 Bedroom Villa At Puri Gading Jimbaran Bali | vlr210112,2,1,,,,2-bedroom villa for rent in Puri Gading Jimbaran Bali Only IDR 180 million/year Land area 250 m2 Building area 120 m2 2 bedrooms 1 bathroom Freehold & East Facing Contact me now for more information,,Arul l LJH RealtyAgen KorporatNIB:912000178****,,https:/picture.rumah123.com/r123-images/300x300-crop/customer/10230/8c6880249a6aed1d49aa4f39af711bdc.jpg,https://www.rumah123.com/properti/badung-puri-gading/for-rent-2-bedroom-villa-at-puri-gading-jimbaran-bali-vlr210112/
Disewakan Villa di Sanur,Rp 350.000.000,year,Disewakan Villa di Sanur | vlr228482,3,3,,,,Detail : Land size 250 m2 Building size 200 m2 3 bedrooms ensuites 3 toilets 1 guest toilets Kitchen Living room Car park 1 car + 2 motorcycle Pool 3 m x 6 m Little garden Storage Electric 7.700 watt Deep well water Fully furnished,,AURELLIO (ECCP)Agen KorporatNIB:912020578****,,https:/picture.rumah123.com/r123-images/300x300-crop/customer/4414806/b850ed4ffe5f63721f6dbee256a6930d.jpg,https://www.rumah123.com/properti/denpasar-sanur/disewakan-villa-di-sanur-vlr228482/
Kbp1521 Brandnew Minimalist Villa 2 Bedroom In Area Complex.,Rp 300.000.000,year,https://www.rumah123.com/properti/denpasar-renon/kbp1521-brandnew-minimalist-villa-2-bedroom-in-area-complex-vlr221238/,2,2,,,,ID : KBP1521 SANUR Renon - Yearly Rental 2 Bedrooms Villa IDR 300 Million/ Year Westside area! Brandnew Minimalist Villa 2 Bedroom In Area Complex. This villa stands on a 270 sqm plot of land with 2 identical building units but different number of bedrooms rented with full furniture. There is a swimming pool in the middle area the environment is very comfortable and safe the house is clean and bright the location is very strategic close to the hospital the padle area is only a 7-minute drive to the beach. Detail : - 1-Storey building - 270 Sqm land size - 200 Sqm Building Size - Closed Living - 2 Bedrooms - 2 Bathrooms - Full Furnish - Closed kitchen - Stove - Fridge - 3 Aircon - Hot Water - Storage - Swimming Pool - Garden - Parking Space - PDAM Water Supply - Electric 4400 Watt,,dessy yantiAgen Independen,,https:/picture.rumah123.com/r123-images/300x300-crop/customer/817697/8b0741a0a916adb67591a58adbaa725f.jpg,https://www.rumah123.com/properti/denpasar-renon/kbp1521-brandnew-minimalist-villa-2-bedroom-in-area-complex-vlr221238/
Kbp1520 Brandnew Minimalist Villa 3 Bedroom In Area Complex.,Rp 350.000.000,year,https://www.rumah123.com/properti/denpasar-sanur/kbp1520-brandnew-minimalist-villa-3-bedroom-in-area-complex-vlr221229/,3,3,,,,ID : KBP1520 SANUR Renon - Yearly Rental 3 Bedrooms Villa IDR 350 Million/ Year Westside area! Brandnew Minimalist Villa 3 Bedroom In Area Complex. This villa stands on a 270 sqm plot of land with 2 identical building units but different number of bedrooms rented with full furniture. There is a swimming pool in the middle area the environment is very comfortable and safe the house is clean and bright the location is very strategic close to the hospital the padle area is only a 7-minute drive to the beach. Detail : - 1-Storey building - 270 Sqm land size - 200 Sqm Building Size - Closed Living - 3 Bedrooms - 4 Bathrooms - Full Furnish - Closed kitchen - Stove - Fridge - 3 Aircon - Hot Water - Storage - Swimming Pool - Garden - Parking Space - PDAM Water Supply - Electric 5500 Watt,,dessy yantiAgen Independen,,https:/picture.rumah123.com/r123-images/300x300-crop/customer/817697/e6fe0626bf0b61bbe6a9ac6b29aaab13.jpg,https://www.rumah123.com/properti/denpasar-sanur/kbp1520-brandnew-minimalist-villa-3-bedroom-in-area-complex-vlr221229/
Kbp0598 Longterm Rental.cozy Villa With A Unique Design That Combines Balinese And Minimalist Styles.,Rp 220.000.000,year,Sanur Denpasar,3,3,,,,ID : KBP0598 SANUR SANUR - Longterm Rental. 3 Bedrooms Villa IDR 220 mill / Year Minimum 5 years Rental IDR 200 Mill/ Year Minimum 10 Years Rental Cozy Villa with a unique design that combines Balinese and minimalist styles. 3rd floor building with a view of the sky off. It has 3 bedrooms with ensuite bathrooms. The kitchen and living area open to the pool. Having a maid's room storage and laundry space in one area with a garage is very convenient. Don't disturb the main area. Near warung and daily needed Close to Supermarket 5 Minutes drive to the Beach 20 Minutes drive to the Airport Detail : - 3-Storey building - 200 Sqm land size - Open Living - 3 Bedrooms - 3 Bathrooms - Semi Furnished - Open kitchen - Stove - AC 3 - Ceiling Fan 2 - hot water - Swimming Pool - Small Garden - Balcony - Maid room + Toilet - Storage - Laundry Area - Garage + Parking area - Well Water Supply - Electricity 5500 watt,,dessy yantiAgen Independen,,https:/picture.rumah123.com/r123-images/300x300-crop/customer/817697/27954f65a5f0a6e0da71296e726fc06d.jpg,https://www.rumah123.com/properti/denpasar-sanur/kbp0598-longterm-rentalcozy-villa-with-a-unique-design-that-combines-balinese-and-minimalist-styles-vlr221658/
Kbp1509 Charming Villa With Modern Minimalist In Sanur,Rp 150.000.000,year,Kbp1509 Charming Villa With Modern Minimalist In Sanur | vlr213002,3,3,,,,ID : KBP1509 SANUR SANUR - Yearly Rental. 3 Bedrooms Villa IDR 150 Mill / Year WESTSIDE AREA Charming villa with modern minimalist in sanur The clean and bright villa has 3 bedrooms with en-suite bathrooms. With a living room at the front and close to the kitchen this villa also has a swimming pool that is kept clean this villa is a great location. close to bypass close to the market 5 minutes to traditional market 7 minutes to the beach 10 minutes to Bali Mandara Hospital 25 minutes to ngurah rai airport Details: - 1-Storey building - 150 Sqm land size - Buillding Size 110 sqm - Closed living - 3 Bedrooms - 3 Bathrooms - Close kitchen - Stove - Refrigerator - Full furnish - AC 4 units - Hot water - Swimming Pool - Parking area - Storage - Well water Supply - Electricity 5500 watt,,dessy yantiAgen Independen,,https:/picture.rumah123.com/r123-images/300x300-crop/customer/817697/cc9eef1b818707003e27245cf52f94a5.jpg,https://www.rumah123.com/properti/denpasar-sanur/kbp1509-charming-villa-with-modern-minimalist-in-sanur-vlr213002/
Kbp1530 Modern Minimalist Beautiful Villa With 3 Bedrooms.,Rp 275.000.000,year,https://www.rumah123.com/properti/denpasar-sanur/kbp1530-modern-minimalist-beautiful-villa-with-3-bedrooms-vlr222337/,3,3,,,,ID : KBP1530 SANUR SANUR - YEARLY RENTAL 3 Bedrooms Villa IDR 275 Mill/ Year WESTSIDE AREA!!! Modern Minimalist Beautiful Villa with 3 bedrooms. equipped with furniture that has a 2-storey building and has a closed living room and all bedrooms are connected to the living room. only a 7 minute walk across the traffic light get to the beach as well as restaurants to eat. Close to the Bypass 7 Minutes Drive to the Beach 25 Minutes drive to the airpot Detail : - 2-Storey building - 150 Sqm land size - Building Size 170 Sqm - Close Living - 3 Bedrooms - 3 Bathrooms - Closed Kitchen - Stove - Full Furnish - Hot Water - Aircon 4 - Ceilling Fan - Guest Toilet - Laundry Area - Swimming Pool - Garage - Well water supply - Electric 4400 Watt,,dessy yantiAgen Independen,,https:/picture.rumah123.com/r123-images/300x300-crop/customer/817697/3b34752ca89e434c6de83ee3e82fc0dd.jpg,https://www.rumah123.com/properti/denpasar-sanur/kbp1530-modern-minimalist-beautiful-villa-with-3-bedrooms-vlr222337/
Kbp1363 Brandnew Villa In Complex Area Of ​​Sanur.,Rp 250.000.000,year,Kbp1363 Brandnew Villa In Complex Area Of ​​Sanur. | vlr223671,2,2,,,,ID : KBP1363 SANUR Sanur - Yearly Rental. 2 Bedrooms Villa IDR 250 Mill/Year Negotiable Westside area Brandnew Villa in complex area of ​​Sanur. This villa has 2 bedrooms with en-suite bathrooms has an Closed kitchen and Closed living room for rent with full furniture there is a small storage room and a guest toilet is also provided for guests. The location is very quiet and far from the crowds only 5 minutes looking for groceries 5 minutes to the hospital and 7 minutes driving to the beach. Detail : - 1-Storey building - 150 Sqm land size - Building Size 110 Sqm - Full Furnish - Closed Living room - 2 Bedrooms - 2 Bathrooms - 2 Ac - Ceilling Fan - Closed Kitchen - Stove - Fridge - Hot Water - Swimming Pool - Outdoor shower - Guest Toilet - Small Storage - Garden - Parking Space - Well Water Supply - Electric 3500 Watt,,dessy yantiAgen Independen,,https:/picture.rumah123.com/r123-images/300x300-crop/customer/817697/cb0158cd9dc8f4b19baaa6f2ef14b58a.jpg,https://www.rumah123.com/properti/denpasar-sanur/kbp1363-brandnew-villa-in-complex-area-of-sanur-vlr223671/
Kbp1531 Brandnew Villa 3 Bedroom In Sanur.,Rp 275.000.000,year,Kbp1531 Brandnew Villa 3 Bedroom In Sanur. | vlr223676,3,3,,,,ID : KBP1531 SANUR SANUR - YEARLY RENTAL 3 Bedrooms Villa IDR 275 Mill/ Year WESTSIDE AREA!!! Brandnew Villa 3 Bedroom In Sanur. This villa which stands on 150 sqm of land is designed in a modern minimalist style rented with full furniture 1 bedroom is on the ground floor and 2 bedrooms are on the upper floor. There is a swimming pool in the yard with walls decorated with murals adding a unique and beautiful impression located in a local residential area with a quiet and safe area ready for immediate occupancy. 7 Minutes Drive to the Beach 25 Minutes drive to the airpot Detail : - 2-Storey building - 150 Sqm land size - Building Size 180 Sqm - Close Living - 3 Bedrooms - 3 Bathrooms - Closed Kitchen - Stove - Fridge - Full Furnish - Hot Water - Aircon 5 - Swimming Pool - Small Garden - Garage - Well water supply - Electric 5500 Watt,,dessy yantiAgen Independen,,https:/picture.rumah123.com/r123-images/300x300-crop/customer/817697/260faf1f23747d2c6c409673797e225a.jpg,https://www.rumah123.com/properti/denpasar-sanur/kbp1531-brandnew-villa-3-bedroom-in-sanur-vlr223676/
Kbp1150 Modern Minimalist Villa In A Prime Location,Rp 175.000.000,year,Sanur Denpasar,3,3,,,,ID : KBP1150 SANUR Sanur - For Yearly Rental 3 Bedrooms Villa IDR 175 Mill/ Year		 Minimum Rental 2 Years !!! WESTSIDE AREA modern minimalist villa in a prime location This house stands on 100 square meters of land with a 2nd floor buildingthere are 3 bedrooms. This house is in a strategic location quiet safe and comfortable. Close to the Maindroad Close to the Restaurant and Cafe 7 Minutes drive to the Beach 25 Minutes drive to the Airpot Details: - 2-Storey building - 100 Sqm land area - 150 Sqm Building Size - Unfurnished or Furnished - Close Living - 3 Bedrooms - 3 Bathrooms - Close Kitchen - Hot Water - Stove - Fridge - Aircon 3 - Balcony - Guest Toilet - Swimming Pool - Secure Parking - Well Watter supply,,dessy yantiAgen Independen,,https:/picture.rumah123.com/r123-images/300x300-crop/customer/817697/0f55aa53d34856c8130db1536ba38daa.jpg,https://www.rumah123.com/properti/denpasar-sanur/kbp1150-modern-minimalist-villa-in-a-prime-location-vlr218304/
Kbp1541 Charming Villa With Modern Minimalist Design.,Rp 275.000.000,year,Sanur Denpasar,2,3,,,,ID : KBP1541 SANUR SANUR - YEARLY RENTAL 2 Bedrooms Villa IDR 275 Mill / Year Westside Area Charming Villa with modern minimalist design. This villa stands on 270 sqm of land with a 1-storey building has 2 bedrooms with en-suite bathrooms located in a complex with 4 private villa units sharing Parking The location is very strategic close to the center of Sanur close to the hospital only 7 minutes drive to the beach. 25 Minutes drive to The Airport Detail : - 1-Storey building - 270 Sqm land size - Building Size 150 Sqm - closed Living - 2 Bedrooms - 3 Bathrooms - Closed Kitchen - Unfurnish/ Full funiture - Hot water - Ac 3 - 3 Ceilling Fan - Stove - FRidge - Guest Toilet - Swimming pool - Laundry Area - Garden - Sharing Parking - Well Water Supply - Electric 5500 Watt,,dessy yantiAgen Independen,,https:/picture.rumah123.com/r123-images/300x300-crop/customer/817697/b99ded9746f268349a8b3035e9873818.jpg,https://www.rumah123.com/properti/denpasar-sanur/kbp1541-charming-villa-with-modern-minimalist-design-vlr225398/
Villa Furnished 3 Kamar di Umalas - Luas Elegan & Lokasi Premium!,Rp 575.000.000,year,https://www.rumah123.com/properti/badung-umalas/villa-furnished-3-kamar-di-umalas-luas-elegan-lokasi-premium-vlr228463/,3,4,,,,Villa Furnished 3 Kamar di Umalas - Luas Elegan & Lokasi Premium! Disewakan villa full furnished di kawasan eksklusif Umalas. Properti ini menawarkan lahan luas dengan desain nyaman dan fasilitas lengkap cocok untuk keluarga maupun ekspatriat yang mencari hunian premium di Bali. Spesifikasi: * Luas Tanah: 8 are (800 m²) * 3 Kamar Tidur * 4 Kamar Mandi * Full furnished * Air sumur * Ruang tamu 2 area (indoor & outdoor) * Dapur tersedia * Sertifikat SHM + IMB * Minimum sewa 5 tahun * Lokasi strategis area Umalas Harga sewa: 575 juta per tahun (nego tipis) Villa siap huni dengan suasana tenang dan akses cepat ke Seminyak Canggu serta pusat lifestyle Bali. ⸻ **English Version** Fully Furnished 3-Bedroom Villa in Umalas - Spacious Elegant & Prime Location! For rent: a fully furnished villa located in the exclusive area of Umalas. This property offers a large land size with a comfortable design and complete facilities perfect for families or expatriates seeking a premium home in Bali. Property Details: * Land Size: 8 are (800 m²) * 3 Bedrooms * 4 Bathrooms * Fully furnished * Well water supply * Two living room areas (indoor & outdoor) * Kitchen available * Freehold certificate (SHM) + Building permit (IMB) * Minimum lease 5 years * Prime location in Umalas Rental price: 575 million IDR per year (slightly negotiable) A move-in-ready villa in a peaceful neighborhood with easy access to Seminyak Canggu and Bali's lifestyle hotspots. Listing Code: **UML-vla003**,,Manael AdityaputraAgen KorporatNIB:912020578****,,https:/picture.rumah123.com/r123-images/300x300-crop/customer/1464792/3e307f1ba8ef76fb5f9de7d902a5da87.png,https://www.rumah123.com/properti/badung-umalas/villa-furnished-3-kamar-di-umalas-luas-elegan-lokasi-premium-vlr228463/
For Sale / Rent Private Villa Furnish in Mainroad Canggu Bali,Rp 125.000.000,year,For Sale / Rent Private Villa Furnish in Mainroad Canggu Bali | Rumah123,3,2,100 m²,110 m²,SHM,For Rent/Disewakan : Private Vila/House Jl. Sri Krisna (Around 10 minutes to Atlas and Finns Beach Club. Walking Distance to Pepito Mart Liquor Store Drug Store and Conato Bakery at Jl. Raya Canggu) Bali. Land: 100 Sqm Building: 110 Sqm Bedrooms: 3 bedrooms incl. 1 spacious bedroom at attic) Bathroom: There are 2 bathrooms available with Hot and Cold Water facilities. The water flows very well. There is a modern style bathtub at the main bathroom downstair Kitchen: complete kitchen set incl. Modern Stove Fridge and Water dispenser. Air-conditioned in every bedroom. Fully furnished (incl. Built in wardrobes in each bedroom) Garage for 1 car Peaceful ambiance and friendly surrounding area. SALE/RENT : IDR 2.5 M/RENT 125.000.xxx /Year Tinneke FLOWY PROP,,Tinneke SAgen KorporatNIB:020322003****,,https:/picture.rumah123.com/r123-images/300x300-crop/customer/2032666/8d67b44cbf1f5ec3eb883741b27121d2.jpg,https://www.rumah123.com/properti/badung-canggu/for-ren-private-villa-furnish-in-mainroad-canggu-bali-hor40141673/
Villa 2 Kamar di Umalas - Lokasi Premium Nyaman & Strategis!,Rp 280.000.000,year,Kerobokan Kelod Badung,2,2,,,,Villa 2 Kamar di Umalas - Lokasi Premium Nyaman & Strategis! Disewakan rumah semi villa modern di kawasan favorit Umalas Kerobokan Kelod Kuta Utara. Hunian ini cocok untuk pasangan maupun keluarga kecil yang mencari tempat tinggal nyaman dengan akses cepat ke berbagai area populer di Bali. Spesifikasi: * LT/LB: 120 / 168 m² * 2 Kamar Tidur * 2 Kamar Mandi * Carport 1 mobil * Air sumur * Non-furnished * Sertifikat SHM (dijamin di bank) * Minimum sewa 5 tahun hingga 20 tahun * Lokasi strategis area Umalas Harga sewa: 280 juta per tahun Hunian ideal di kawasan berkembang dengan suasana tenang namun dekat ke Seminyak Canggu dan pusat aktivitas Bali. ⸻ **English Version** 2-Bedroom Villa in Umalas - Prime Location Comfortable & Strategic! For rent: a modern semi-villa house located in the popular area of Umalas Kerobokan Kelod North Kuta. Perfect for couples or small families seeking a comfortable home with easy access to Bali's top destinations. Property Details: * Land/Building Size: 120 / 168 m² * 2 Bedrooms * 2 Bathrooms * Carport for 1 car * Well water supply * Non-furnished * Freehold certificate (SHM guaranteed at bank) * Minimum lease 5 years up to 20 years * Strategic location in Umalas Rental price: 280 million IDR per year An ideal home in a fast-growing neighborhood peaceful yet close to Seminyak Canggu and Bali's lifestyle hubs. Listing Code: **UML-vla002**,,Manael AdityaputraAgen KorporatNIB:912020578****,,https:/picture.rumah123.com/r123-images/300x300-crop/customer/1464792/ea43369fbb63d6dca97300f04570574f.jpg,https://www.rumah123.com/properti/badung-kerobokan-kelod/villa-2-kamar-di-umalas-lokasi-premium-nyaman-strategis-vlr228456/
Kbp0513 Charming Villa With Modern Minimalist In Sanur,Rp 170.000.000,year,Kbp0513 Charming Villa With Modern Minimalist In Sanur | vlr148865,3,3,,,,ID : KBP0513 SANUR SANUR - Yearly Rental. 3 Bedrooms Villa IDR 170 Million / Year IDR 22 Mill / Month WESTSIDE AREA Charming villa with modern minimalist in sanur The clean and bright villa has 3 bedrooms with en-suite bathrooms. With a living room at the front and close to the kitchen this villa also has a swimming pool that is kept clean this villa is a great location. close to bypass close to the market 5 minutes to traditional market 7 minutes to the beach 10 minutes to Bali Mandara Hospital 25 minutes to ngurah rai airport Details: - 1-Storey building - 150 Sqm land size - Buillding Size 110 sqm - Closed living - 3 Bedrooms - 3 Bathrooms - Close kitchen - Stove - Refrigerator - Full furnish - AC 4 units - Hot water - Swimming Pool - Parking area - Storage - Well water Supply - Electricity 5500 watt,,dessy yantiAgen Independen,,https:/picture.rumah123.com/r123-images/300x300-crop/customer/817697/2ff72970b23698de761fd43a1e7d8f64.jpg,https://www.rumah123.com/properti/denpasar-sanur/kbp0513-charming-villa-with-modern-minimalist-in-sanur-vlr148865/
Kbp0377 Beautiful Clean And Safe Villa With Spacious Garden In Sanur.,Rp 200.000.000,year,Kbp0377 Beautiful Clean And Safe Villa With Spacious Garden In Sanur. | vlr226066,2,2,,,,ID : KBP0377 SANUR SANUR - Yearly Rental. 2 Bedrooms Villa IDR 200 mill / Year Minumum Rent 5 years Beautiful Clean and Safe Villa with Spacious Garden in Sanur. This villa has 2 bedrooms with ensuite bathrooms has a large and beautiful garden and there is a gasebo near the pool which is safe for children to play. This villa also has a large space for each room. and for the location of this villa is great Close to the Bypass Close to the Market Close to the Traditional Market 7 Minutes drive to the Beach 30 Minutes drive to the Airpot Detail : - 1-Storey building - 500 Sqm land size - 200 Sqm Building Size - Closed Living - 2 Bedrooms - 2 Bathrooms - Semi Furnish - Closed kitchen - Stove - Refrigerator - Aircon 3 - Hot Water - Swimming Pool - Out Door Shower - Big Garden - Garage - Gazebo - Maidroom + Bathroom - Storage - Fish Pond - Well + PDAM Water Supply - Electric 5500 Watt,,dessy yantiAgen Independen,,https:/picture.rumah123.com/r123-images/300x300-crop/customer/817697/4670f004e60e7135177dda3dc8b44c51.jpg,https://www.rumah123.com/properti/denpasar-sanur/kbp0377-beautiful-clean-and-safe-villa-with-spacious-garden-in-sanur-vlr226066/
Brand New Villa 2 Bedrooms Nusa Dua Bali Full Furnished Private Pool Jungle View,Rp 450.000.000,year,Nusa Dua Badung,2,2,200 m²,258 m²,Hak Sewa,Disewakan Villa cantik di nusa dua bali one gate system dan lingkugan cluster Spesifikasi : • 2 Lantai • Luas Tanah 200m2 • Luas Bangunan 258m2 • Akses Jalan Paving 6 mtr • 2 Bedrooms • 2+1 bathroom • Living Room • Diving Room • Kitchen Set Area • Private Pool • Listrik 5500 watt • Air Sumur Bor • Carpot • Jungle View • Kawasan Villa Elite • One Gate System Securty 24 Selling point : • 3 menit ke Kampus STP Nusa Dua • 5 menit ke Minimarket • 10 menit ke Pantai Pandawa • 11 menit ke Tempat Ibadah (Puja Mandala) • 12 menit ke Hospital • 15 menit ke Tol Bali Mandara • 20 menit ke Bandara Ngurah Rai Price Idr 450.000.xxx/th More Info Agung Ade Indradi INDOLION PROPERTY,,Agung Ade IndradiAgen KorporatNIB:050922013****,,https:/picture.rumah123.com/r123-images/300x300-crop/customer/55664/2024-04-01-07-14-21-4f9591c6-8254-4798-9a28-ff6c2f9048a3.jpg,https://www.rumah123.com/properti/badung-nusa-dua/brand-new-villa-2-bedrooms-nusa-dua-bali-full-furnished-private-pool-jungle-view-hor16814109/
Kbp1543 Charming Villa With Modern Minimalist Design.,Rp 280.000.000,year,https://www.rumah123.com/properti/denpasar-sanur/kbp1543-charming-villa-with-modern-minimalist-design-vlr226006/,2,2,,,,ID : KBP1543 SANUR SANUR - YEARLY RENTAL 2 Bedrooms Villa IDR 280 Mill / Year Westside Area Charming Villa with modern minimalist design. This villa stands on 250 sqm of land with a 1-storey building has 2 bedrooms with en-suite bathrooms. The location is very strategic close to the center of Sanur only 7 minutes drive to the beach. 25 Minutes drive to The Airport Detail : - 1-Storey building - 250 Sqm land size - Building Size 200 Sqm - closed Living - 2 Bedrooms - 2 Bathrooms - Closed Kitchen - Full funiture - Hot water - Ac 2 - Stove - Swimming pool - Garden - Parking Space - Well Water Supply - Electric 4400 Watt,,dessy yantiAgen Independen,,https:/picture.rumah123.com/r123-images/300x300-crop/customer/817697/7dc178d5a92b97b40a05e5c84bf33efb.jpg,https://www.rumah123.com/properti/denpasar-sanur/kbp1543-charming-villa-with-modern-minimalist-design-vlr226006/
For Rent Modern Tropical Villa In Canggu,Rp 300.000.000,year,For Rent Modern Tropical Villa In Canggu | vlr228452,3,4,,,,*Modern Tropical Villa In Canggu* A beautifully designed single-level villa that blends modern comfort with tropical charm. Featuring an enclosed living and dining area with a fully equipped kitchen the space is thoughtfully arranged for both relaxation and entertaining. Large glass doors invite natural light and provide seamless access to the private swimming pool. Nearby : 4 minutes to itsumō Headquarter 5 minutes to Bali Padel Academy 8 minutes to Desa Kitsuné 10 minutes to Batu Bolong Beach Property details : Land Size: 300 sqm Building Size: 275 sqm Bedrooms: 3 Bathrooms: 4 Electricity : 7500 Watts Enclosed Living & Dining Area Fully Equipped Kitchen Private Swimming Pool *Price : IDR 300000000/ year*,,SELA PROPERTYAgen IndependenNIB:300424023****,,https:/picture.rumah123.com/r123-images/300x300-crop/customer/1889887/91a8f715cd12ff223092f156ff81a309.png,https://www.rumah123.com/properti/badung-canggu/for-rent-modern-tropical-villa-in-canggu-vlr228452/
Vila Baru Siap Huni Dekat ke Pantai Berawa,Rp 315.000.000,year,https://www.rumah123.com/properti/badung-canggu/vila-baru-siap-huni-dekat-ke-pantai-berawa-vlr218157/,3,3,,,,*LEASEHOLD* _antony Villas 2_ _Brand new villa_ _Jalan_ raya padonan_ *.3 kamar tidur* *.3 toilet* *.1 stored *. *Large parking* . *1 living room +* *. kitchen* *..*kolam renang*** *Di lengkapi dengan* *.ac greee* *.water heater* *.kulkas sharp 2 pintu* . *dispenser* *.kompor fotile* *kitchen modena* * *.Tv 55inch* . *Full* *furnisd** _Luas tanah 2 are_ _Luas bangunan 120m_ _yelow zone_ _Leasehold 2 tahun_ _paling minim_ *Harga 315 JT/th* manik,,Kila HamdaAgen IndependenNIB:310124006****,,https:/picture.rumah123.com/r123-images/300x300-crop/customer/1969747/5e29616352a48f518948c9b0f265bb3c.jpg,https://www.rumah123.com/properti/badung-canggu/vila-baru-siap-huni-dekat-ke-pantai-berawa-vlr218157/
Kbp1074 Charming Villa With 3 Bedrooms In A Comfortable Residential Complex Area.,Rp 300.000.000,year,Sanur Denpasar,3,2,,,,ID : KBP1074 Sanur Sanur - FOR YEARLY RENTAL 3 Bedrooms Villa IDR 300 Mill / Year WESTSIDE AREA Charming villa with 3 bedrooms in a comfortable residential complex area. This villa with Modren design is very cool and comfortable to live in there is a very large swimming pool and a beautiful garden because it is very neat and clean. there is a terrace above the gazebo to enjoy tea and coffee while chatting each room has a large enough space to put some furniture. the area is very quiet and safe far from the hustle and bustle of the city very easy to find groceries and restaurants nearby. Close to the Bypass Close to the Restauran and Cafe Close to the Balimandra Hospital 5 Minutes Drive to the Beach 25 Minutes Drive to the Beach Details: - 1-Storey Building - 500 Sqm land Size - 200 Sqm Building size - Close Living - 3 Bedrooms - 2 Bathrooms - Close Kitchen - Semi Furnish - Hot Water - Aircon 3 - Celling Fan 3 - Terrace - Swimming Pool - Outdoor Shower - Storage - Laundry Area - Maidroom + Toilet - Garden - Parking Space - PDAM water Supply - Electric Capacity 7700 Watt,,dessy yantiAgen Independen,,https:/picture.rumah123.com/r123-images/300x300-crop/customer/817697/1e917338d6c931cdf7f84bcac97e219b.jpg,https://www.rumah123.com/properti/denpasar-sanur/kbp1074-charming-villa-with-3-bedrooms-in-a-comfortable-residential-complex-area-vlr226764/
Villa 3 Kamar Tidur dengan Nuansa Hunian Tenang di Cepaka (R-Vb02),Rp 37.000.000,month,Cepaka Tabanan,,3,,,,Sebuah villa tiga kamar tidur yang dirancang dengan baik dan berlokasi di desa Cepaka yang tenang menawarkan gaya hidup residensial yang nyaman dikelilingi oleh suasana hijau dan asri. Dibangun di atas dua lantai villa ini memiliki area living yang terang dengan sirkulasi udara yang baik menciptakan lingkungan hunian tropis yang sejuk dan nyaman. Ditawarkan dalam kondisi fully furnished dan siap huni villa ini memiliki tiga kamar tidur yang masing-masing dilengkapi kamar mandi pribadi sehingga ideal untuk keluarga maupun shared living. Kolam renang pribadi menambah suasana santai dan privat sementara lokasinya memberikan akses mudah ke Pererenan Canggu serta pantai-pantai terdekat tanpa mengorbankan ketenangan dan privasi.,,BBBali Home BaseAgen Korporat,,https:/picture.rumah123.com/r123-images/300x300-crop/customer/2171415/4f3b050ecc1d380b297aedba613cc1ff.jpg,https://www.rumah123.com/properti/tabanan-cepaka/villa-3-kamar-tidur-dengan-nuansa-hunian-tenang-di-cepaka-rvb02-vlr228448/
Kbp1494 Brand-New 3-Bedroom Villa For Rent In Sanur,Rp 250.000.000,year,Kbp1494 Brand-New 3-Bedroom Villa For Rent In Sanur | vlr206331,3,3,,,,ID : KBP1494 SANUR SANUR - Yearly Rental 3 bedrooms Villa IDR 250 Mill/ Year ( Unfurnish) IDR 300 Mill/ Year ( Full funiture) Westside Area Brand-new 3-bedroom villa available now Located in a pleasant and convenient area just steps from traditional markets and grocery stores and only 7 minutes' drive to the nearest beach. Set on 300 sqm (3 are) of land this villa features a large swimming pool and a spacious enclosed living room. All bedrooms face the pool offering beautiful views and an excellent natural breeze throughout the house creating a comfortable tropical living environment. Perfect for comfortable long-term living in one of Sanur's most practical locations. 20 Minutes drive to the airport Details: - 1-storey building - 300 Sqm land size - Close Living - 3 Bedrooms - 3 Bathrooms - Unfurnish/Furnished - Close kitchen - Stove - Ac 4 Units - Ceilling Fan - Hot Water - Swimming pool - Outdoor Shower - Laundry Area - Storage - garden - Parking Space - Well + PDAM Water - Electricity 7700 Kwh,,dessy yantiAgen Independen,,https:/picture.rumah123.com/r123-images/300x300-crop/customer/817697/e797da1024479c0cc4c58d70ccc3d4dc.jpg,https://www.rumah123.com/properti/denpasar-sanur/kbp1494-brandnew-3bedroom-villa-currently-in-its-finishing-stage-and-scheduled-to-be-ready-by-the-end-of-december-vlr206331/
Kbp1548 Charming Villa Located In A Complex Area With Guaranteed Security.,Rp 180.000.000,year,Sanur Denpasar,3,3,,,,ID : KBP1548 SANUR Renon - YEARLY RENTAL 3 Bedrooms Villa IDR 180 Mill / Year Westside Area A charming villa located in a complex area with guaranteed security. This villa has a land area of ​​​​100 sqm with 3 bedrooms with en-suite bathrooms rented with full furniture also equipped with a swimming pool in it. The house is very clean and bright the environment is clean and well-maintained easy to find groceries close to the padel area only a 10-minute drive to the beach ready to be occupied immediately 25 Minutes drive to The Airport Detail : - 2-Storey building - 100 Sqm land size - Building Size 150 Sqm - closed Living - 3 Bedrooms - 3 Bathrooms - Closed Kitchen - Full funiture - Hot water - Ac 3 - Stove - FRidge - Guest Toilet - Swimming pool - Parking Space - Well Water Supply - Electric 3200 Watt,,dessy yantiAgen Independen,,https:/picture.rumah123.com/r123-images/300x300-crop/customer/817697/e9046aed6544400f302fe9bbb3775880.jpg,https://www.rumah123.com/properti/denpasar-sanur/kbp1548-charming-villa-located-in-a-complex-area-with-guaranteed-security-vlr227205/
Kbp1390 Brand New Cozy And Minimalist Designed Of 2 Bedrooms Villa Available In Furnished Or Unfurnished For Yearly Rental.,Rp 250.000.000,year,Sanur Denpasar,2,2,,,,ID : KBP1390 SANUR Sanur - Yearly Rental 2 Bedrooms Villa IDR 250 Million/ Year AVAILABLE ON April 2026 WESTSIDE AREA Brand new cozy and minimalist designed of 2 bedrooms villa available in furnished or unfurnished for yearly rental. This villa is located in a nice and quiet residential area a minute to get traditional market and grocery. Only 7 minutes ride to sanur beach. Detail : - 1-Storey building - 170 Sqm land size - Building Size 104 Sqm - Full funiture /Unfurnish - Close Living - 2 Bedrooms - 2 Bathrooms - Closed Kitchen - Stove - Fridge - Hot Water - Aircon 3 - Terrace - Swimming Pool - Garden - Garage - Well Water Supply - Electric 5500 Watt,,dessy yantiAgen Independen,,https:/picture.rumah123.com/r123-images/300x300-crop/customer/817697/ba84fb35091809886f5173a9769110ec.jpg,https://www.rumah123.com/properti/denpasar-sanur/kbp1390-brand-new-cozy-and-minimalist-designed-of-2-bedrooms-villa-available-in-furnished-or-unfurnished-for-yearly-vlr227920/
Disewakan Villa Baru Disakah Ubud Bagus,Rp 15.000.000,month,Disewakan Villa Baru Disakah Ubud Bagus | vlr197674,2,2,,,,Sewa VILLA BARU sakah UBUD 15 juta per bulan SAKAH SELATAN UBUD 5 MENIT KE NIRMALA MAS UBUD LUAS TANAH 1 ARE LUAS BANGUNAN 85M2 2 KAMAR TIDUR 2 KAMAR MANDI FULL FURNISHED POOL GARASI RUANG MAKAN LISTRIK 3500 W AIR SUMUR BOR JALAN MOBIL PAPASAN VIEW SAWAH VIEW SUNSET LINGKUNGAN VILLA COCOK UNTUK BISNIS RENTAL DKO,,Kila HamdaAgen IndependenNIB:310124006****,,https:/picture.rumah123.com/r123-images/300x300-crop/customer/1969747/d2d216af453c6f251d82a7926dcab093.jpg,https://www.rumah123.com/properti/gianyar-ubud/disewakan-villa-baru-disakah-ubud-bagus-vlr197674/
3Br Villa Buduk Canggu Leasehold 25Y & Yearly Monthly Rent V411,Rp 200.000.000,year,3Br Villa Buduk Canggu Leasehold 25Y & Yearly Monthly Rent V411 | Rumah123,3,3,100 m²,100 m²,Lainnya,Charming 3BR Villa - Monthly Rental in Buduk (Canggu Area) Peaceful location only 7 minutes to Canggu & Pererenan A cozy and fully furnished boho-style villa perfect for families couples or remote workers seeking long-term comfort in a quiet yet central area of Bali. Villa Features - 3 Ensuite Bedrooms - Electricity 5500 kWh - Closed living room + equipped kitchen - Private pool (1.6 × 2 × 5 m) - Storage room & garden - Carport (1 small car + motorbike) - WiFi & CCTV - Fully furnished move-in ready Inclusions WiFi Garden Pool maintenance Banjar fee Trash fee Cleaning Exclusions Water Gas Laundry Leasehold 25 years 2.5 billion Monthly 25 million In the year 200 million,,ANANDINI (SVUA)Agen KorporatNIB:912020578****,,https:/picture.rumah123.com/r123-images/300x300-crop/customer/2098658/b0edd08182ff99d5e2a1499291004077.jpg,https://www.rumah123.com/properti/badung-dalung/3br-villa-buduk-canggu-leasehold-25y-yearly-monthly-rent-v411-hor41106585/
Rumah Semi Villa Didaerah Pemogan Denpasar Selatan Jarak Ideal ke Kuta Seminyak Sesetan dan Pintu Tol,Rp 115.000.000,year,Rumah Semi Villa Didaerah Pemogan Denpasar Selatan Jarak Ideal ke Kuta Seminyak Sesetan dan Pintu Tol | Rumah123,4,3,150 m²,250 m²,Lainnya,Rumah Semi Villa Didaerah Pemogan Denpasar Selatan Jarak Ideal Ke Kuta Seminyak Sesetan Dan Pintu Tol Sewa Rumah Tahunan Full Furnished Kamar Tidur: 4+1 Kamar Mandi:3 Kolam Renang Kolam lkan Taman AC:3 CCTV Smart Home Semua komplit termasuk kitchen set kulkas tempat tidur sofa meja makan treadmill Garasi:1 mobil Biaya maintenance internet listrik dll menjadi tanggungan penyewa. Harga Sewa: 115 jt/tahun nego Deposit : 20 jt,,Dewa Bagus Dwi MantaraAgen Independen,,https:/picture.rumah123.com/r123-images/300x300-crop/customer/875914/2e3646589a8ba2b1f856f833c1c43385.jpg,https://www.rumah123.com/properti/denpasar-denpasar-selatan/rumah-semi-villa-didaerah-pemogan-denpasar-selatan-jarak-ideal-ke-kuta-seminyak-sesetan-dan-pintu-tol-hor41005445/
For Rent 3 Bedroom Villa In Sanur Bali,Rp 365.000.000,year,For Rent 3 Bedroom Villa In Sanur Bali | vlr211244,3,3,,,,3-bedroom villa for rent in Sanur Bali Located on Bypass Garden Sanur Oge gate system Wide and well-maintained road access Strategic location Land area 150 m2 Building area 150 m2 3 bedrooms 3 bathrooms Living room Fully furnished 5500 watt electricity East facing 1 carport Rental price 365 million rupiah/year,,Arul l LJH RealtyAgen KorporatNIB:912000178****,,https:/picture.rumah123.com/r123-images/300x300-crop/customer/10230/8a0c08f5721c21ea2174a96db736c596.jpg,https://www.rumah123.com/properti/denpasar-sanur/for-rent-3-bedroom-villa-in-sanur-bali-vlr211244/
Disewakan Villa 21 Tahun di Bumbak Umalas Bali,Rp 12.000.000.000,year,https://www.rumah123.com/properti/badung-umalas/disewakan-villa-21-tahun-di-bumbak-umalas-bali-hor41105484/,3,4,750 m²,100 m²,SHM,Hak sewa Lokasi: Bumbak Umalas Luas tanah: 75 are Masa sewa: 21 tahun Kamar tidur: 2 + 1 (artistik) Kamar mandi: 3 + 1 (artistik) Ruang teater: 1 Dapur: 1 Kolam renang: 1 Garasi: 2 mobil Pintu masuk: 25 meter (1 mobil) Menghadap: Timur AC: PDAM Listrik: Prabayar Daya listrik: - Harga: 12 miliar iNTAN,,Next Level properti BaliAgen KorporatNIB:111225000****,,https:/picture.rumah123.com/r123-images/300x300-crop/customer/4443538/bd8f02d84d7a4dc427b38334323d1b23.jpg,https://www.rumah123.com/properti/badung-umalas/disewakan-villa-21-tahun-di-bumbak-umalas-bali-hor41105484/
Villa Disewakan 18 Tahun di Kerobokan Bali,Rp 95.000.000.000,year,Villa Disewakan 18 Tahun di Kerobokan Bali | Rumah123,4,4,720 m²,720 m²,SHM,villa Kerobokan (Rumah Hak Sewa) Lokasi: Banjar Anyar Luas tanah: 72 are Masa sewa: 18 tahun Kamar tidur: 3 + 1 (art) Kamar mandi: 4 + 1 (art) Dapur: 1 Kolam renang: 2 Jacuzzi: 1 Garasi: 2 mobil Pintu masuk: 5 meter (2 mobil bisa lewat bersama) Menghadap: Timur AC: PDAM Listrik: Prabayar Daya: 5500 watt Harga: 95 miliar Intan,,Next Level properti BaliAgen KorporatNIB:111225000****,,https:/picture.rumah123.com/r123-images/300x300-crop/customer/4443538/81060f8232239b38d09a2d7736003982.jpg,https://www.rumah123.com/properti/badung-kerobokan/villa-disewakan-18-tahun-di-kerobokan-bali-hor41105463/
Modern 2Br Villa For Rental/Leasehold Near Canggu Area,Rp 35.000.000,month,Modern 2Br Villa For Rental/Leasehold Near Canggu Area | vlr209339,2,3,,,,Rental & Lease Option : - Monthly Rent (IDR 35000000/month) - Yearly Rent (IDR 350000000/year) - Leasehold 19 Years (IDR 38000xxxx Property Details : - Land Size: 432 m² - Building Size: 180 m² - 1 Floor - 2 Bedrooms - 3 Bathrooms - Water Heater - Fully Furnished - Carport: 1 - Electricity: 4000 watts - Water: Borehole - Facing: South - Access: 4-meter road Location Highlights : - 10 min -> Pepito Tibubeneng - 15 min -> Batu Bolong Beach - 15 min -> Berawa Beach - 15 min -> Atlas Beach Club - 17 min -> Canggu Community,,NurlelaAgen KorporatNIB:121021004****,,https:/picture.rumah123.com/r123-images/300x300-crop/customer/4419957/59d9b1af82923e7156cb9c514a8b52cb.jpg,https://www.rumah123.com/properti/badung-tibubeneng/modern-2br-villa-for-rentalleasehold-near-canggu-area-vlr209339/
Disewakan Villa Tumbak Bayuh Prerenan Canggu Rice Field View.,Rp 300.000.000,year,Disewakan Villa Tumbak Bayuh Prerenan Canggu Rice Field View. | Rumah123,3,4,260 m²,200 m²,SHM,New brand villa Dijual/disewakan villa tumbak bayuh prerenan canggu rice field view. Spesifikasi Luas tanah 260m² Luas bangunan 200m² 3 bedroom 4 bathroom Kitchen Close lving room Dinning room Carport 2 car Garden Swimming pool Rooftop Akses road 5 meter Lingkungan villa dan tenang Sumur bor Electric 5.500 Fully furnish SHM SLF/IMB belum ada Harga freehold IDR 22 milyar Harga leasehold 50 tahun IDR 2.2 milyar Tersedua juga untuk sewa tahunan Harga sewa 1 tahun 300.000.xxx net Harga sewa 200.000.xxx / tahun net minimal 3 tahun Harga sewa 150.000.xxx / tahun net minimal 6 tahun FINA,,Next Level properti BaliAgen KorporatNIB:111225000****,,https:/picture.rumah123.com/r123-images/300x300-crop/customer/4443538/48bd5d39bd76759d3580e60fcc764e08.jpg,https://www.rumah123.com/properti/badung-canggu/disewakan-villa-tumbak-bayuh-prerenan-canggu-rice-field-view-hor41104733/
Smart Tropical Design - Two Bedroom Modern Villa In Ungasan Yrv4603,Rp 350.000.000,year,Ungasan Badung,2,2,300 m²,250 m²,Hak Sewa,This modern and cozy two-bedroom villa is ideally located in the prime area of Ungasan Kuta Selatan. Designed on a single-storey layout the property offers comfort functionality and privacy in a peaceful residential setting. The villa features two spacious bedrooms each with an ensuite bathroom an enclosed living area perfect for year-round comfort and a fully equipped kitchen. The property comes fully furnished and also includes a guest toilet and an additional security/staff room. Outdoor amenities include a private swimming pool measuring 4 x 7 meters and a convenient carport. Specifications: Electricity: 5500 Watts Water supply: Government water (PDAM) with ground tank backup system The location provides easy access to some of Bali's most popular destinations including Melasti Beach Garuda Wisnu Kencana Pandawa Beach Balangan Beach as well as Nirmala Ungasan Supermarket restaurants and other daily conveniences.,,Maria KibarerAgen KorporatNIB:812001519****,,https:/picture.rumah123.com/r123-images/300x300-crop/customer/546485/0944cf59d77ea58884a71bbc592c2340.png,https://www.rumah123.com/properti/badung-ungasan/smart-tropical-design-two-bedroom-modern-villa-in-ungasan-yrv4603-hor41105265/
Villa Mewah dan Cantik,Rp 180.000.000,year,https://www.rumah123.com/properti/badung-tumbak-bayuh/villa-mewah-dan-cantik-vlr181584/,3,3,,,,Kesempatan terbatas buat Anda dapatkan villa nyaman dengan return investasi tinggi di Tumbak Bayuh Badung. Villa ini menawarkan lokasi yang strategis serta memiliki jumlah lantai 1 yang siap untuk segera Anda miliki utamanya bagi Anda yang mencari hunian di lokasi yang terjangkau. Detail Properti ini adalah: - Kamar Tidur: 3 - Kamar Mandi: 3 - Sertifikat: - Tidak hanya itu namun properti ini juga memiliki keunggulan sebagai berikut: - Siap Huni. - Bebas Banjir. - Full Furnished. - Bonus Furniture. - Dekat Sekolah Negeri. - Dekat Tempat Wisata. - Dekat Fasilitas Kesehatan. - Lokasi Pinggiran Kota. - Lokasi di Pedesaan. - Adem & Sejuk. - Lingkungan Tenang dan Damai. - Pemandangan Alam. - Ada Kebun Pribadi. - Cocok Untuk Investasi. - Aset Kepemilikan Pribadi (Tangan Pertama). - Properti Bisa Nego. - Akses Jalan Muat 2 Mobil. - Lokasi Strategis. - Lokasi Bebas Banjir. Lokasi Strategis terletak di Tumbak Bayuh properti ini memudahkan akses Anda ke fasilitas-fasilitas utama dan unggulan Harga yang sangat kompetitif yaitu Rp. 15.000.000 villa ini siap menjadi milik Anda! Nikmati segala kemudahan dan berbagai keunggulan menarik saat properti berkualitas ini milik Anda. Hubungi segera dan dapatkan informasinya ataupun cek unit!,,I GUSTI NYOMAN ALIT DIANAAgen IndependenNIB:260824005****,,https:/picture.rumah123.com/r123-images/300x300-crop/customer/4399569/81d7cfc82f0d0620a756cf3ce7b25edc.jpg,https://www.rumah123.com/properti/badung-tumbak-bayuh/villa-mewah-dan-cantik-vlr181584/
Rumah/Villa Full Furnish Area Sanur Denpasar Dekat Bypass Ngurah Rai,Rp 450.000.000,year,Rumah/Villa Full Furnish Area Sanur Denpasar Dekat Bypass Ngurah Rai | Rumah123,4,5,1100 m²,350 m²,SHM,Rumah/Villa Disewakan Area Sanur Denpasar Dekat Bypass Ngurah Rai Luas tanah 11 are ( 1100m²) Luas bangunan 350m² 4KT 5KM Listrik 7800w Air bor Kolam renang 1 Bathtup Wifi AC 6 unit Kipas 2 unit Taman luas dapur Parkir 5 mobil Full furnish Harga : 450jt/thn,,ERLINDA LIEM (KYUT)Agen KorporatNIB:912020578****,,https:/picture.rumah123.com/r123-images/300x300-crop/customer/1894487/989f1bda6d2c8af61855fe0ab32b2277.jpg,https://www.rumah123.com/properti/denpasar-sanur/rumahvilla-full-furnish-area-sanur-denpasar-dekat-bypass-ngurah-rai-hor40957412/
Villa Fully Furnished 2 Bedrooms For Yearly Rental In Canggu,Rp 300.000.000,year,Villa Fully Furnished 2 Bedrooms For Yearly Rental In Canggu | vlr206401,2,2,,,,Spec: land size 300 m2 building size 180 m2 2 bedrooms 2 bathrooms living room kitchen dining area garden 7700 va elictricity deep weell water service area fully furnished strategic loc: central canggu 5 mins to berawa beach 5 mins to finns and atlas beachclub the area surounded by villa near to sport center (gym & padel) price: 350 mill/year contact: Lanang IEMU wa.me/62878xxxxxxxx Brighton Circle Sanur,,LANANG (IEMU)Agen KorporatNIB:912020578****,,https:/picture.rumah123.com/r123-images/300x300-crop/customer/2117887/ae0e1776552bd7e5025b12a3ab96b072.jpg,https://www.rumah123.com/properti/badung-canggu/villa-fully-furnished-open-for-yearly-rental-in-canggu-vlr206401/
For Rent Brand New Villa In Petulu Gunung Ubud,Rp 165.000.000,year,For Rent Brand New Villa In Petulu Gunung Ubud | vlr228316,1,1,,,,For Rent Brand New Villa in Petulu Gunung Ubud Price: IDR 165 million/year - Negotiable Yearly rent Details: Land size 180 sqm 1 bedroom en-suite bathroom Open living and kitchen Fully Furnished Pool 3 x 6 CCTV installed Wi-Fi installed,,Vidya HarsonoAgen KorporatNIB:221022002****,,https:/picture.rumah123.com/r123-images/300x300-crop/customer/1335432/a3d297465e62e44b2f6b566cac755cbb.jpg,https://www.rumah123.com/properti/gianyar-ubud/for-rent-brand-new-villa-in-petulu-gunung-ubud-vlr228316/
For Rent Villa Tamansari Kerobokan Dekat Bali Koddy School Bali,Rp 180.000.000,year,For Rent Villa Tamansari Kerobokan Dekat Bali Koddy School Bali | vlr228285,3,3,,,,Lokasi jalan tamansari Teuku Umar barat Luas tanah 128m Luas bangunan 120m KT 3 KM 3 Listrik 4400 Air sumur bor Pool Hadap selatan Dapur lengkap kitchen set modern Full furnished SHM Garasi bisa 2 mobil Akses jalan 5m 10 sampai 15 menit ke seminyak petitenget dan sunset road 30 menit ke bandara kodeness Harga 180jt/nego Minimal sewa 2th wenwen.property 0812xxxxxxxx,,WEN WENAgen KorporatNIB:912020578****,,https:/picture.rumah123.com/r123-images/300x300-crop/customer/4348172/f66a8fc51e713ce697a7670d7cfa4a1f.jpg,https://www.rumah123.com/properti/badung-kerobokan/for-rent-villa-tamansari-kerobokan-dekat-bali-koddy-school-bali-vlr228285/
Villa Furnished 2 Lantai Siap Huni Area Teuku Umar Barat Denpasar Barat,Rp 180.000.000,year,Villa Furnished 2 Lantai Siap Huni Area Teuku Umar Barat Denpasar Barat | vlr228279,3,3,,,,Disewakan Villa 2 Lantai Di Tamansari Dekat Bali Kiddy School Sewa Lokasi jalan tamansari Teuku Umar barat Luas tanah 128m Luas bangunan 120m KT 3 KM 3 Listrik 4400 Air sumur bor Pool Hadap selatan Dapur lengkap kitchen set modern Full furnished SHM Garasi bisa 2 mobil Akses jalan 5m 10 sampai 15 menit ke seminyak petitenget dan sunset road 30 menit ke bandara Harga 180jt/nego Minimal sewa 2th Dewi ins 0819xxxxxxxx,,DEWI (PQYS)Agen KorporatNIB:912020578****,,https:/picture.rumah123.com/r123-images/300x300-crop/customer/1830719/f66a8fc51e713ce697a7670d7cfa4a1f.jpg,https://www.rumah123.com/properti/denpasar-denpasar-barat/villa-furnished-2-lantai-siap-huni-area-teuku-umar-barat-denpasar-barat-vlr228279/
Villa Furnished Area Sanur Dekat Bypass Ngurah Rai,Rp 280.000.000,year,Villa Furnished Area Sanur Dekat Bypass Ngurah Rai | vlr218471,2,2,,,,Villa Area Sanur Dekat Bypass Ngurah Rai Luas tanah 2.56 are (256m²) Luas bangunan +- 1.1 are (+- 110m²) 2 bedroom + toilet 1 open living + kitchen (bisa request indoor) 1 powder room 1 laundr room Pool 7x26m + sunbed decking Parkir mobil Furnsihed 2AC 1 Kulkas Waterheather Well water Power 4400kwh Harga : 280jt/thn,,ERLINDA LIEM (KYUT)Agen KorporatNIB:912020578****,,https:/picture.rumah123.com/r123-images/300x300-crop/customer/1894487/a3b66d554c6e0dc7971b4403c9617cbb.jpg,https://www.rumah123.com/properti/denpasar-sanur/villa-furnished-area-sanur-dekat-bypass-ngurah-rai-vlr218471/
Vila 1 Lantai Tanpa Pool Full Furnished Siap Huni,Rp 70.000.000,year,https://www.rumah123.com/properti/denpasar-denpasar-barat/vila-1-lantai-tanpa-pool-full-furnished-siap-huni-vlr227693/,2,2,,,,For Rent 2 BR without pool villa in penamparan padangsambian Denpasar Bali Specs Stand on 100 sqm of land completed with : - 2 Bedrooms - 2 Bathrooms - wi-fi - Hot water - Living room & kitchen - Balcony with full garden view - Carport for 1 city car or 5 motorbikes Rate : - IDR 70 Million/ year #Dw,,LinaAgen KorporatNIB:812001416****,,https:/picture.rumah123.com/r123-images/300x300-crop/customer/4374457/cfcc723ea6e7177c157b5c7b2b346895.jpg,https://www.rumah123.com/properti/denpasar-denpasar-barat/vila-1-lantai-tanpa-pool-full-furnished-siap-huni-vlr227693/
Rumah Bagus 2 Kamar Tidur Di Pererenan 5 Menit Ke Pantai Lima,Rp 230.000.000,year,Pererenan Badung,,2,200 m²,100 m²,Lainnya,PARERENAN 2 BEDROOMS BRAND NEW VILLA FOR YEARLY RENTAL Price Yearly rent IDR : 230 Million per year Specification :,,Gusti ArikAgen Independen,,https:/picture.rumah123.com/r123-images/300x300-crop/customer/999072/635c87ed1d89ab85ee366cf4e3f013d9.jpg,https://www.rumah123.com/properti/badung-pererenan/rumah-bagus-2-kamar-tidur-di-pererenan-5-menit-ke-pantai-lima-hor40133009/
Beautiful Villa Strategis Location Komplek Villa In Sekuta Sanur,Rp 330.000.000,year,Beautiful Villa Strategis Location Komplek Villa In Sekuta Sanur | vlr228257,4,5,,,,Location : West Bypass Sanur Details : - Land Size : 4 Are - Building Size : 2 Are - 3 Bedroom - 1 Bedroom - 4 Bathroom - Living & Kitchen - Items Included : cutleries microwave oven fridge sink stove exhaust included Essentials : - Swimming Pool - Garage - Service Room Price : IDR 330 Million Per year NOTE : Minimal 2 years of rentals only. or/gg/ester,,Anik RosidaAgen IndependenNIB:290124004****,,https:/picture.rumah123.com/r123-images/300x300-crop/customer/1553709/c24f5a0f273b39971a8f7d722499498a.jpg,https://www.rumah123.com/properti/denpasar-sanur/beautiful-villa-strategis-location-komplek-villa-in-sekuta-sanur-vlr228257/
Pab789 Disewakan Villa Mewah 3 Bedroom Full Furnished di Jimbaran,Rp 350.000.000,year,Pab789 Disewakan Villa Mewah 3 Bedroom Full Furnished di Jimbaran | vlr228258,3,4,,,,Newly built house located at Jimbaran. Land size 150 sqm Building size 220 sqm Number of Bedrooms 3 (all with ensuite bathrooms) Number of Bathrooms 3 Powder Room 1 Swimming Pool 3m x 6.5m x 1.3m depth Fully furnished Furniture with solid teak wood Electricity: 7700 watts Water source: Deep well (bore well) Rental Price: IDR 40 million/month including: - internet - pool and garden maintenance - trash collection - cleaning twice a week - bed sheet laundry Doesn't include: - electricity IDR 350 million/year,,SATYA PRIYANA (JENM)Agen KorporatNIB:912020578****,,https:/picture.rumah123.com/r123-images/300x300-crop/customer/1448043/9e975cc73f29bc427990d684c2690cc5.jpg,https://www.rumah123.com/properti/badung-jimbaran/pab789-disewakan-villa-mewah-3-bedroom-full-furnished-di-jimbaran-vlr228258/
Beautiful Villa,Rp 230.000.000,year,https://www.rumah123.com/properti/badung-umalas/beautiful-villa-hor40555766/,2,2,200 m²,150 m²,Lainnya,- BEAUTIFUL VILLA - one floor villa - 2 bedrooms - 2 bathrooms - kitchen - pool - ac - waterheater - wifi - Furnished - Garage,,Putu SukmaAgen Korporat,,https:/picture.rumah123.com/r123-images/300x300-crop/customer/5805/245bb254236d89d5434d1b6e331aaa67.jpg,https://www.rumah123.com/properti/badung-umalas/beautiful-villa-hor40555766/
Rumah Semi Villa Siap Huni Dekat dengan Jalan Toll,Rp 250.000.000,year,Denpasar Selatan Denpasar,3,4,360 m²,250 m²,Lainnya,Disewakan Rumah Semi Villa dikawasan Pemogan - Denpasar Selatan Dekat Dengan Sekolah Chiss Dekat Dengan Airport Ngurah Rai Dekat Dengan by pass Dekat Dengan Rumah sakit Dekat Dengan jalan Toll Dekat Dengan Seminyak kuta imam bonjol Dekat Dengan Pusat Bisnis Luas Tanah 360 Luas Bagunan 250 Kamar Tidur 3 Kamar Mandi 4 Kamar ART 1 Kamar Mandi ART 1 Garasi Mobil Air PDAM Listrik 5500 Pool Gazebo Semi Furnised Harga 250.000.xxx/ tahun nego #ok,,LinaAgen KorporatNIB:812001416****,,https:/picture.rumah123.com/r123-images/300x300-crop/customer/4374457/6ca3a0b0debe1b14b637a6a69c4d1108.jpg,https://www.rumah123.com/properti/denpasar-denpasar-selatan/rumah-semi-villa-siap-huni-dekat-dengan-jalan-toll-hor41103503/
Off Plan Villa 2 Lantai 3 Kamar Kesambi Kerobokan,Rp 395.000.000,year,Off Plan Villa 2 Lantai 3 Kamar Kesambi Kerobokan | vlr228253,3,3,,,,Sewa Jangka Panjang Off Plan Villa 2 Lantai 3 Kamar Kesambi Kerobokan Villa dua lantai ini berlokasi di Kesambi Kerobokan dekat dengan pusat kota seperti Canggu Seminyak Legian Kuta dan Denpasar. Dengan luas tanah 104m2 dan luas total bangunan 170m2 villa ini dirancang untuk memberikan kenyamanan bagi keluarga dengan 4-5 orang. Aksesnya sangat mudah hanya 100 meter dari jalan utama dan berada di dalam sistem one gate. Di lantai pertama terdapat kamar tidur utama dengan kamar mandi dalam dapur ruang makan ruang tamu kolam renang 105m2 gazebo pancuran luar ruangan toilet dan carport untuk satu mobil. Lantai kedua menyediakan ruang keluarga dua kamar tidur balkon ruang cuci baju dan kamar mandi tambahan. Villa ini dilengkapi dengan listrik 3500 watt dan air sumur bor serta semi furnished dengan AC. Dengan harga sewa 395 juta per tahun untuk minimum 5 tahun atau opsi sewa 30 tahun dengan harga 43 milyar dan sewa 25 tahun dengan harga 39 milyar properti ini menawarkan investasi jangka panjang yang menarik. Pembayaran dilakukan dengan sistem bertahap mulai dari tanda jadi 25 juta hingga pelunasan saat handover. Off plan villa 2 lantai SHM Hadap utara Dekat dengan pusat kota seperti Canggu Seminyak Legian Kuta Denpasar 100m dari jalan utama Memiliki fasilitas dan ruang yang memadai untuk melakukan berbagai aktivitas di rumah Cocok untuk keluarga dengan 4-5 orang untuk ditinggali One gate system Lantai 1 1 kamar tidur utama dengan kamar mandi Dapur Ruang makan Ruang tamu Kolam renang 105m2 Gazebo Pancuran luar ruangan Toilet Carport 1 mobil Lantai 2 Ruang keluarga 2 Kamar tidur Balkon Ruang cuci baju Kamar mandi Luas tanah 104m2 Ukuran tanah 65×16 Luas total bangunan 170m2 Luas bangunan lantai I 80m2 Luas bangunan lantai II 90m2 3 kamar tidur 3 kamar mandi Listrik 3500 watt Air sumur bor Semi furnished AC Harga 395 juta per tahun min 5 tahun Sewa 30 tahun Harga 43 milyar Sewa 25 tahun Harga 39 milyar Sistem pembayaran Tanda jadi 25 juta 30% deposit Saat atap naik 50% Saat handover/pelunasan 20%,,HAN HSWCAgen KorporatNIB:912020578****,,https:/picture.rumah123.com/r123-images/300x300-crop/customer/1741417/bd37c2192b8f8abfdaabcffc4c1b2aa6.png,https://www.rumah123.com/properti/badung-kerobokan/off-plan-villa-2-lantai-3-kamar-kesambi-kerobokan-vlr228253/
Villa Modern 2 Kamar di Kerobokan dengan Private Pool Min 2 Tahun,Rp 210.000.000,year,Villa Modern 2 Kamar di Kerobokan dengan Private Pool Min 2 Tahun | Rumah123,2,2,141 m²,135 m²,Lainnya,Prime 2BR Modern Villa for Rent - Kerobokan (Teuku Umar Barat) ​Discover the perfect balance of style and functionality. This modern architectural gem offers a spacious 136 m² of living space on a 141 m² plot. Strategically located in Kerobokan providing easy access to both Seminyak and Denpasar. ​Villa Highlights: - ​Living Area: Enclosed living room with premium sunken sofa design. - ​Bedrooms: 2 generous bedrooms with ensuite bathrooms and pool views. - ​Kitchen: Modern island kitchen with gold-accented fixtures. - ​Outdoor: Private swimming pool surrounded by lush greenery. ​Facilities: Carport and manicured garden. Price : 210 Million/Year ( Minimum 2 years ) ​,,Gusti ArikAgen Independen,,https:/picture.rumah123.com/r123-images/300x300-crop/customer/999072/1dbe29189f32e7e32fd87915643f8c98.jpg,https://www.rumah123.com/properti/badung-kerobokan-kelod/villa-modern-2-kamar-di-kerobokan-dengan-private-pool-min-2-tahun-hor41103463/
Spacious Villa Pererenan Near Beach For Rent,Rp 730.000.000,year,https://www.rumah123.com/properti/badung-canggu/spacious-villa-pererenan-near-beach-for-rent-hor40528683/,4,4,900 m²,500 m²,Lainnya,Pererenan Beachside Villa for Rent in Canggu Detail: Land size 900 sqm Building size 500 sqm Built in 2011-Renovated 2025 2 bedrooms ensuites Open living and kitchen area Internet fiber optic 2 Gladak bungalows (1 bedroom + 1 meditation room/office all with ensuites bathrooms) Laundry room + guest toilet Swimming pool 3 x 7 m With huge lush tropical garden & terraces outside every room Fully Furnished with 4 AC's Electricity 15.000kwh Deep well water supply Parking for 3 cars + motorbikes Price: IDR 66 mil/month IDR 730 mil/year IDR 33 billion FOR 5 YEARS Info detail: @arumbaliproperty WA +62857xxxxxxxx,,ArumAgen KorporatNIB:812001416****,,https:/picture.rumah123.com/r123-images/300x300-crop/customer/1710298/97d0c2c76911a3ee76adb457e3ef1c60.jpg,https://www.rumah123.com/properti/badung-canggu/spacious-villa-pererenan-near-beach-for-rent-hor40528683/
Eksklusif Villa Yehgangga,Rp 145.000.000,year,Tabanan Tabanan,2,2,,,,For Lease : Eksklusif Villa Yehgangga Features : - One Gate System - Spacious Parking area - Permanent Building Size : 122.58 sqm - Land Size : 111.105 sqm - 2 Bedrooms - 2 Bathrooms - Spacious Living Room & Kitchen - Joglo Style - Private Garden - Full Furnished - Jogging Track Price (IDR) : - 1 Years -> IDR 145.000.xxx The most comfortable place to live in Tabanan! Contact us for leasing details and make this prime property yours.,,WinaAgen KorporatNIB:291121003****,,https:/picture.rumah123.com/r123-images/300x300-crop/customer/1816259/2769233f5208b882d4d8d0583f463346.jpg,https://www.rumah123.com/properti/tabanan-tabanan/eksklusif-villa-yehgangga-vlr225863/
Brand New Beach Side Villa Sanur Fully Furnished,Rp 235.000.000,year,Brand New Beach Side Villa Sanur Fully Furnished | Rumah123,2,2,200 m²,100 m²,Lainnya,For Rent New villa beachside at Sanur Denpasar Bali located at villa complex at sanur 2 minute walking distance to the beach green and peaceful environment land area 200 m2 facilities : - 2 BR with bathroom - Living room - Dining room - Kitchen - Hot water - Filltered water - AC (3 unit) - TV on each room (2 unit) - water Dispenser - Guest toilet - Plunge pool (2.5x4m) - Fountain - Garden - Electricity 5500 watt - Fan (main room and living room) - Bathtub and shower (main room) - Parking area Price: - monthly - 28 million - yearly - 235 million - 10 yrs - 1.9 billion,,RianaAgen Independen,,https:/picture.rumah123.com/r123-images/300x300-crop/customer/1353153/6d0430ad98aa3e80ffce61138548c055.jpg,https://www.rumah123.com/properti/denpasar-sanur/brand-new-beach-side-villa-sanur-fully-furnished-hor41069557/
Eksklusif Villa Yehgangga,Rp 210.000.000,year,https://www.rumah123.com/properti/tabanan-tabanan/eksklusif-villa-yehgangga-vlr225859/,3,3,,,,For Lease : Eksklusif Villa Features : - One Gate System - Spacious Parking area - Multi-storey Building Size : 110.88 sqm - Permanent Building Size : 42.9 sqm - Land Size : 200 sqm - 3 Bedrooms - 3 Bathrooms - Spacious Living Room & Kitchen - Private Garden - Private Swimming Pool - Motorcycle Parking - Full Furnished - Jogging Track Price (IDR) : - 1 Years Lease -> 210.000.xxx The most comfortable place to live in Tabanan! Contact us for leasing details and make this prime property yours.,,WinaAgen KorporatNIB:291121003****,,https:/picture.rumah123.com/r123-images/300x300-crop/customer/1816259/a03e7cc2caae6613a6a01184522b72d8.jpg,https://www.rumah123.com/properti/tabanan-tabanan/eksklusif-villa-yehgangga-vlr225859/
Modern 1-Bedroom Villa For Rent In Ubud Bali - Private Pool,Rp 12.000.000,month,Modern 1-Bedroom Villa For Rent In Ubud Bali - Private Pool | vlr225849,1,1,,,,Private 2-Storey Villa for Rent in Ubud - Fully Furnished Private Pool & 200 Mbps WiFi | 15 Min to Ubud Center Looking for a peaceful villa for rent in Ubud? This fully furnished 2-storey villa offers a private swimming pool strong 200 Mbps WiFi and modern tropical living - perfect for digital nomads remote workers or long-term stays. Just 15 minutes from Ubud Center enjoy privacy comfort and easy access to cafes yoga studios and restaurants in a quiet and serene location. FIRST FLOOR (Separate Access) - Land size 150 m² - 1 Spacious Bedroom - 1 Bathroom with Bathtub - 1 Additional Toilet - Powder Room - Kitchen - Cozy Living Room - Private Swimming Pool - Fully Furnished - Strong WiFi 200 Mbps (perfect for remote work) Prime Location - Ubud - Only 15 minutes to Ubud Center - Quiet & peaceful area - Close to cafes yoga studios & restaurants Price: IDR 12000000 / month (Approx. USD 745) Private comfortable and ready to move in. DM now to schedule a viewing before it's taken! [TCOVUR-249],,Tionar ManikAgen KorporatNIB:812001416****,,https:/picture.rumah123.com/r123-images/300x300-crop/customer/1898857/5b2afcf72b37b0bc83e33203d2e68268.jpg,https://www.rumah123.com/properti/gianyar-ubud/modern-1bedroom-villa-for-rent-in-ubud-bali-private-pool-vlr225849/
Private Pool Villa Full Furnished dengan Rooftop View Sawah Hijau - Pantai Nyanyi Tabanan,Rp 230.000.000,year,Private Pool Villa Full Furnished dengan Rooftop View Sawah Hijau - Pantai Nyanyi Tabanan | vlr225847,2,2,,,,Nikmati kenyamanan tinggal di area yang tenang dengan suasana alam yang asri sekaligus dekat dengan destinasi lifestyle dan pantai. Villa ini menawarkan perpaduan sempurna antara privasi kenyamanan dan pemandangan hijau yang menenangkan. Spesifikasi Properti: Lokasi: Pantai Nyanyi Tipe: Villa Full Furnished Luas Tanah: 130 m² ️ Luas Bangunan: 80 m² ️ Kamar Tidur: 2 Kamar Mandi: 2 Keunggulan: ✨ Full furnished siap huni Private pool pribadi Rooftop dengan view sawah hijau yang menenangkan ±8 menit ke Nuanu Creative City ±8 menit ke Pantai Nyanyi Pilihan ideal untuk hunian pribadi maupun investasi di kawasan yang terus berkembang.,,SUGI (TGFV)Agen KorporatNIB:912020578****,,https:/picture.rumah123.com/r123-images/300x300-crop/customer/4357880/b427d420ea92a36db4268a2098e17d78.jpg,https://www.rumah123.com/properti/tabanan-tabanan/private-pool-villa-full-furnished-dengan-rooftop-view-sawah-hijau-pantai-nyanyi-tabanan-vlr225847/
Villa Eksklusif Yehgangga,Rp 135.000.000,year,Tabanan Tabanan,2,2,,,,For Lease : Villa Eksklusif Features : * Permanent Building Size : 122 sqm * Land Size : 216 sqm * 2 Bedrooms * 2 Bathrooms * Motorcycle Parking * Spacious Living Room & Kitchen * Joglo Style * Private Garden * Private Swimming Pool * Full Furnished * Jogging Track Price (IDR) : * 1 Years Lease -> 135.000.xxx The most comfortable place to live in Tabanan! Contact us for leasing details and make this prime property yours.,,WinaAgen KorporatNIB:291121003****,,https:/picture.rumah123.com/r123-images/300x300-crop/customer/1816259/45de7cf65efcab5791326b47fcc4d825.jpg,https://www.rumah123.com/properti/tabanan-tabanan/villa-eksklusif-yehgangga-vlr225842/
Villa Eksklusif Yehgangga,Rp 120.000.000,year,Tabanan Tabanan,2,2,,,,For Lease : Villa Eksklusif Features : - One Gate System - Spacious Parking area - Permanent Building Size : 101.46 sqm - Land Size : 118.108 sqm - 2 Bedrooms - 2 Bathrooms - Spacious Living Room & Kitchen - Joglo Style - Private Garden - Full Furnished - Jogging Track Price (IDR) : - 1 Years -> IDR 120.000.xxx The most comfortable place to live in Tabanan! Contact us for leasing details and make this prime property yours.,,WinaAgen KorporatNIB:291121003****,,https:/picture.rumah123.com/r123-images/300x300-crop/customer/1816259/4f944651d2c789369e4cdb412b6e8ff6.jpg,https://www.rumah123.com/properti/tabanan-tabanan/villa-eksklusif-yehgangga-vlr225836/
Ready For Annual Rent 4 B R Beautyfull Villa,Rp 671.000.000,year,Canggu Badung,4,4,,,,CANGGU ECOBEACH - 4 BEDROOM VILLA | YEARLY RENTAL | CLOSE TO BEACH OVERVIEW - Villa Type: Modern Family Villa - Location: Berawa Canggu | Jl. Echo Beach - Rental Price: IDR 671000000/year | USD 39600/year - Lease Term: Min. 1 Year - Available: NOW ✅ - Map Link: ******** ️ PROPERTY DETAILS - Bedrooms: 4 ️ (all with AC) - Bathrooms: 4 - Land Area: 313 m² - Floors: 2 Levels - Key Spaces: - Open-plan living area with pool views ️ - Fully-equipped modern kitchen - Private pool + shaded gazebo ‍♂️✨ - Secure parking AMENITIES ✅ Fully furnished throughout ✅ Air conditioning in every room ✅ Reliable electricity & water supply ✅ High-speed WiFi ✅ Move-in ready - no extra setup needed! ✨ WHY CHOOSE THIS VILLA? - Sleek contemporary design perfect for modern living - Spacious layout great for families or shared stays - Unbeatable location in Berawa's most popular villa zone - Just minutes from beaches cafes & hotspots - Complete privacy with all daily needs covered NEARBY HIGHLIGHTS - Echo Beach - 0-5 mins walk/drive ️ - La Brisa Bali - 2-8 mins - COMO Beach Club - 3-10 mins - Batu Bolong Cafés/Boutiques - 5-10 mins ☕️ - FINNS Beach Club & Waterpark - 10-15 mins - Seseh Beach - 10-15 mins IDEAL FOR - Families seeking a comfortable spacious home - Remote workers & entrepreneurs wanting a prime Canggu base - Long-term residents valuing convenience & privacy - Anyone looking for a turnkey villa in a top location ADMIN : WA/CALL : ☎ 0813xxxxxxxx ☎ 0813xxxxxxxx *FOR MORE DETAILS PLEASE CHECK MY LISTING ON IT* ✅ ⁠*CHECK IT OUT*: ******** ✅ *CHECK IT OUT* : ******** ✅ *CHECK IT OUT* : ******** ✅ *CHECK IT OUT* : ******** ✅ *CHECK IT OUT* : ******** ✅ ********,,Marisa Dewi KamilaAgen IndependenNIB:031022005****,,https:/picture.rumah123.com/r123-images/300x300-crop/customer/1624134/dc2dffed477212988b33a8c5ee5697b7.jpg,https://www.rumah123.com/properti/badung-canggu/ready-for-annual-rent-4-b-r-beautyfull-villa-vlr225825/
Villa In Tumbak Bayuh Close To Raya Canggu Yearly / Monthly 3 BR,Rp 350.000.000,year,Villa In Tumbak Bayuh Close To Raya Canggu Yearly / Monthly 3 BR | vlr214262,3,3,,,,AVAILABLE NOW!! Villa in Tumbak Bayuh close to Raya Canggu Yearly / Monthly 3 BR Available : Yearly : IDR 350000000 Monthly (minimum 3 months) : IDR 33000000 Villa Obo (2are building size) 3BR 3BA + Pool + Living Space 1 min to supermarket 5 mins to Pererenan Beach 3 bedrooms with AC 3 bathrooms Enclosed Living Room Air Conditioning + Ceiling Fan 43' Smart TV 16m2 swimming pool Storage Room Inside Parking spot Quiet & Safe Neighborhood Package : Yearly -> Pool & Garden Maintenance 2x weekly Monthly -> included Pool & Garden Cleaning 2x / week Banjar & Trash Wifi and IPL,,Jhonny SinapaAgen IndependenNIB:020424000****,,https:/picture.rumah123.com/r123-images/300x300-crop/customer/1011608/4c972c5e8faf4f98430c615fe3f37235.jpg,https://www.rumah123.com/properti/badung-canggu/villa-in-tumbak-bayuh-close-to-raya-canggu-yearly-monthly-3-br-vlr214262/
Beautiful House Stlye Villa Near BarRestauran And Shoping Center Sanur,Rp 175.000.000,year,Beautiful House Stlye Villa Near BarRestauran And Shoping Center Sanur | Rumah123,3,3,200 m²,120 m²,Lainnya,Di sewakan Rumah Cantik Stlye Villa Lokasi Strategis di Batursari Sanur Luas tanah 200m2 3 kamar tidur 3 kamar mandi Ruang tamu Closed kitchen Garasi Balkon belakang dan depan 5 Ac pemanas udara kipas langit-langit. Kompor lemari dapur. Listrik 3500watt Sumur bor SHM Water heater Semi perabotan Kawasan tenangdekat dengan pusat perbelanjaan 7 menit ke pantai Mertasari. Harga 170 juta/tahun,,Anik RosidaAgen IndependenNIB:290124004****,,https:/picture.rumah123.com/r123-images/300x300-crop/customer/1553709/c57f2a284249ed24d053acbae9f408f0.jpg,https://www.rumah123.com/properti/denpasar-sanur/beautiful-house-stlye-villa-near-barrestauran-and-shoping-center-sanur-hor41068124/
Ready For Rent 4 B R Luxury Villa In Seseh Bali,Rp 110.000.000,month,https://www.rumah123.com/properti/badung-seseh/ready-for-rent-4-b-r-luxury-villa-in-seseh-bali-vlr225731/,4,4,,,,SESEH-MENGWI 4 BEDROOM VILLA Luxury Villa - AVAILABLE NOW VILLA SPECIFICATIONS - 4 bedrooms (3 king-size beds 1 double bed) ️ - 4 bathrooms - Accommodates 8 guests - 300 m² in size - Rated 4.88/5 stars * CLOSE TO ALL AMENITIES - Omni Gym Munggu ️: Right next to the villa - 50-100 meters (walkable!). Restaurant on-site. - Seseh Beach : 1 km away - 3-5 minutes by scooter/car. - Seseh ST Cafe ☕: 800 meters away - 10 minutes on foot or 2 minutes by vehicle. - Alfamart/Indomaret : 300 meters - 5 minutes on foot. - Pererenan Beach ️: 3 km away - 8-10 minutes by vehicle. - La Brisa Canggu : 5 km away - 12-15 minutes by vehicle. - Bali Direct Store Bumbak ️: 4 km away - 10-12 minutes by vehicle. VILLA AMENITIES - Private swimming pool - Rooftop terrace with jacuzzi & views - High-speed Wi-Fi + dedicated workspace - Fully equipped kitchen - 65-inch smart TV - Daily cleaning - Night security - Parking ️ SERVICES ✅ Free: Welcome drink towels safe box assistance Extra (chargeable): Airport transfer ✈️ vehicle rental breakfast private chef massage tours PRICING & BOOKING - Monthly rate: IDR 110000000 - Check-in: 3:00 PM | Check-out: 11:00 AM - Location: Mengwi Bali (Link: ******** Contact us now to book! ADMIN : WA/CALL : ☎ 0813xxxxxxxx ☎ 0813xxxxxxxx *FOR MORE DETAILS PLEASE CHECK MY LISTING ON IT* ✅ ⁠*CHECK IT OUT*: ******** ✅ *CHECK IT OUT* : ******** ✅ *CHECK IT OUT* : ******** ✅ *CHECK IT OUT* : ******** ✅ *CHECK IT OUT* : ******** ✅ ********,,Marisa Dewi KamilaAgen IndependenNIB:031022005****,,https:/picture.rumah123.com/r123-images/300x300-crop/customer/1624134/3c3b9b7e1791d435fd4d7c882f1f53e5.jpg,https://www.rumah123.com/properti/badung-seseh/ready-for-rent-4-b-r-luxury-villa-in-seseh-bali-vlr225731/
Villa 2Br Brand New Modern Style In Ungasan,Rp 275.000.000,year,https://www.rumah123.com/properti/badung-ungasan/villa-2br-brand-new-modern-style-in-ungasan-vlr185285/,2,2,,,,FOR RENT - UNGASAN BRAND NEW MODERN 2BR VILLA #UVR47 This villa boasts a stunning modern design with an elegant touch featuring a façade beautifully accented with natural wood elements that create warmth and sophistication. Nestled within a secure one-gate system complex it offers both privacy and comfort complemented by a 6-meter-wide paved access road that ensures easy entry and a premium residential feel. Details: Luas tanah : 120m2 Luas bangunan : 145m2 Villa 2 lantai 2 Kamar tidur 2 Kamar mandi 1 Powder room Fully Furnished Listrik 5500VA Air PDAM Kitchen + Island table Dining area Living room Swimming pool Storage room Carport untuk 1 mobil One gate system + akses jalan paving 6 meter Price include: Cleaning 1x a week Pool maintenance 1x a week Free Wifi Nearby Point of Interest: 9 Minutes to Greenbowl Beach 10 Minutes to GWK Cultural Park 10 Minutes to White Rock Beach Club 12 Minutes to Sidewalk Mall Jimbaran 25 minutes to Airport Price: IDR 290.000.xxx/year #UVR47,,UTTAM PROPERTYAgen IndependenNIB:230424030****,,https:/picture.rumah123.com/r123-images/300x300-crop/customer/1975836/8f5f409d155a867983e4a334c8f4891f.jpg,https://www.rumah123.com/properti/badung-ungasan/villa-2br-brand-new-modern-style-in-ungasan-vlr185285/
For Rent Monthly 3Bedroom Modern Villa Tranquil Location In Ungasan Bali,Rp 450.000.000,year,Ungasan Badung,3,3,,,,Ba918 For rent monthly 3Bedroom Modern Villa Tranquil Location in ungasan bali Premium Living Villa Terrava is a refined modern residence located in a quiet enclave of bukit ungasan surrounded exclusively by private villas. Designed for comfort and elegance this villa offers peaceful living with convenient access via a 5-meter road. Property Highlights 	 3 spacious bedrooms 	Contemporary modern design 	 Calm and private environment 	 Scenic open views from top rooms 	Ground-floor bedroom with outdoor jacuzzi 	 Master suite featuring a bathtub 	 Open-living with dining area 	Fully furnished with quality fittings Property Specifications 	Land size: 200 sqm 	Building size: 180 sqm 	Fully furnished & move-in ready 	Open living room concept 	Dining area & fully equipped kitchen 	Laundry area with washing & drying machine 	Water heater water filter & dispenser 	Smart TV & high-speed Wi-Fi 	Private parking for 2 cars Included Services 	Swimming pool maintenance twice per week 	House cleaning every 2nd weeks Electricity excluded Rental Investment 	Monthly: IDR 45000000 	Yearly: IDR 450000000,,Amelia Property ConsultantAgen Korporat,,https:/picture.rumah123.com/r123-images/300x300-crop/customer/670475/f4c5a5074cc0228d975a5ebfa0256dda.jpg,https://www.rumah123.com/properti/badung-ungasan/for-rent-monthly-3bedroom-modern-villa-tranquil-location-in-ungasan-bali-vlr225694/
For Rent Villa 2 Bedroom In Cemongkak Bingin Bali,Rp 50.000.000,month,Ungasan Badung,2,2,,,,Ba765 FOR rent villa 2 bedroom in cemongkak bingin bali,,Amelia Property ConsultantAgen Korporat,,https:/picture.rumah123.com/r123-images/300x300-crop/customer/670475/11869604ce071c3b99ae2e235121cf2f.jpg,https://www.rumah123.com/properti/badung-ungasan/for-rent-2-in-n-bali-vlr225683/
Villa Dekat Restaurant Gajah Putih - Lodtunduh Gianyar,Rp 500.000,day,Villa Dekat Restaurant Gajah Putih - Lodtunduh Gianyar | vlr225680,4,4,,,,Villa Asri di Lodtunduh Ubud - Lingkungan Sawah & Tenang Berlokasi di Lodtunduh Ubud kompleks villa ini menawarkan suasana Bali yang autentik dengan pemandangan sawah dan alam yang menenangkan. Cocok untuk hunian jangka panjang digital nomad pasangan maupun keluarga kecil yang menginginkan ketenangan namun tetap dekat dengan pusat Ubud. Kompleks ini terdiri dari 4 kamar tidur dengan kolam renang bersama serta 1 unit kamar tidur dengan kolam renang pribadi didesain dengan sentuhan arsitektur Bali dan interior kayu yang hangat. Spesifikasi Properti: - Luas tanah: ± 800 m² - 4 Kamar tidur - 4 Kamar mandi - 1 Kolam renang bersama - 1 Kamar tidur + kolam renang pribadi - Dapur & toilet (unit private pool) - Lingkungan tenang view sawah - Akses mudah ke Ubud Center Harga Sewa: Kamar dengan Kolam Renang Bersama (4 unit): - IDR 500.000 / kamar / hari - IDR 8.000.000 / kamar / bulan - IDR 80.000.000 / kamar / tahun Kamar dengan Kolam Renang Pribadi + Dapur: - IDR 700.000 / hari - IDR 15.000.000 / bulan - IDR 170.000.xxx / tahun Lokasi: Lodtunduh Ubud Gianyar - Bali Pilihan ideal untuk tinggal nyaman di Ubud dengan fleksibilitas sewa dan suasana alam yang menenangkan. Hubungi kami untuk info & survei lokasi. #47841,,Devata Agung PropertyAgen KorporatNIB:190924012****,,https:/picture.rumah123.com/r123-images/300x300-crop/customer/4407900/0680ec44ced36fcdcbb844a8d2c886d4.jpg,https://www.rumah123.com/properti/gianyar-lodtunduh/villa-dekat-restaurant-gajah-putih-lodtunduh-gianyar-vlr225680/
3Br Villa Sanur Area Yearly Rental [Sbp 1516],Rp 225.000.000,year,3Br Villa Sanur Area Yearly Rental [Sbp 1516] | vlr225668,3,2,,,,WEST BYPASS SANUR Yearly Rental: IDR 225 Million / Year Spacious 3-bedroom villa located in a quiet and secure villa complex consisting of only 3 units. The location is excellent - just 5 minutes to the beach and close to daily amenities such as shops cafés and supermarkets. The villa features an open living room concept with the option to convert one of the bedrooms into an enclosed living room if preferred. All bedrooms are connected to the living and kitchen area creating a practical and family-friendly layout. Enjoy a large swimming pool a nice garden and complete facilities including a washing machine and oven stove. Property Details: Land size: 2.5 are Electricity: 5500 kWh Water source: Well water Open kitchen 3 Bedrooms 2 Bathrooms AC in each room Guest toilet Storage room Laundry area with washing machine Shared parking A great choice for comfortable living in Sanur,,Ni Made OrniariAgen Independen,,https:/picture.rumah123.com/r123-images/300x300-crop/customer/1709859/10f251c504d689d17b015c6e282c7e3b.jpg,https://www.rumah123.com/properti/denpasar-sanur/3br-villa-sanur-area-yearly-rental-sbp-1516-vlr225668/
Disewakan Villa Cantik di Pecatu,Rp 580.000.000,year,Kuta Selatan Badung,4,4,500 m²,240 m²,SHM,Kesempatan terbatas buat Anda dapatkan rumah strategis dengan return investasi tinggi di Kuta Selatan Badung. Rumah ini menawarkan lokasi yang strategis serta memiliki nilai tepat yang siap untuk segera Anda miliki utamanya bagi Anda yang mencari hunian di lokasi yang terjangkau. Kondisi properti ini bagus dan memiliki desain unik yang menambah daya tarik dan estetika properti ini. Rumah ini berada di area yang mudah dijangkau. Detail Properti ini adalah: - Kamar Tidur: 4 - Kamar Mandi: 4 - Sertifikat: SHM - Sertifikat Hak Milik - Kondisi Perabotan: Furnished Tidak hanya itu namun properti ini juga memiliki keunggulan sebagai berikut: - Dekat Pusat Bisnis. - Perkampungan. - Sejuk. - City View. - Lokasi Bebas Banjir. - Properti Bisa Nego. Lokasi Strategis terletak di Kuta Selatan properti ini memudahkan akses Anda ke fasilitas-fasilitas utama dan unggulan. Harga yang sangat kompetitif yaitu Rp. 48.333.333 rumah ini siap menjadi milik Anda! Nikmati segala kemudahan dan berbagai keunggulan menarik saat properti premium ini milik Anda.,,Joiske LeksalaAgen KorporatNIB:912010324****,,https:/picture.rumah123.com/r123-images/300x300-crop/customer/1963907/b26fa79b6e79aefcde5906a43ad65858.jpg,https://www.rumah123.com/properti/badung-kuta-selatan/disewakan-villa-cantik-di-pecatu-hor41066481/
Villa 4 BR Berawa Canggu For Rent,Rp 60.000.000,month,Villa 4 BR Berawa Canggu For Rent | vlr225660,4,4,,,,MODERN FOUR BEDROOM LUXURY VILLA IN THE HEART OF CANGGU (BERAWA) This near-new modern villa is located in one of Canggu's most sought-after areas offering a quiet residential feel while being just moments from Berawa's best cafés supermarkets gyms and beaches. The location is exceptionally convenient: only 1 minute to Luigi's 3 minutes to Batu Bolong Beach and Supermarket 4 minutes to Atlas and Finns Beach Club and 5 minutes to Berawa Beach. The property is located beside the renowned Montessori schools. The villa features four spacious bedrooms each with its own ensuite bathroom air-conditioning blackout curtains and built in wardrobes. All bedrooms and the living room are fully air-conditioned ensuring comfort throughout the year. A maid's room is included for additional space. The bathrooms are fitted with quality fixtures and include a 160cm bathtub ensuring a comfortable and relaxing space. The kitchen is fully equipped for long-term living offering a microwave toaster pot and pan set cutlery glassware and a cold water and icemaker dispenser connected to the fridge. The layout is ideal for comfortable living cooking at home or hosting. The living room includes a 55' 4K Smart TV and opens directly to the outdoor area allowing natural light and airflow throughout the day. Outside the villa has an 8m x 3.5m private pool with both shallow and deep sections and is maintained twice weekly. Sun loungers and an outdoor dining area create a relaxing environment for residents. The property includes parking for up to 8 motorbikes in the villa's garage accessed by remote control for convenient access with an additional private car space located adjacent to the villa. This villa is offered fully furnished and is suitable for families remote workers or anyone seeking a comfortable modern long-term home in Berawa. The combination of a quiet setting and close proximity to Canggu's most popular amenities makes this property an ideal choice for long-term living. Price: IDR 60 Million/ month IDR 650 Million / year,,SBSusan Property BaliAgen KorporatNIB:912000290****,,https:/picture.rumah123.com/r123-images/300x300-crop/customer/4392642/3b5a3d947018fa9b8bb9a898f59ebcfe.jpg,https://www.rumah123.com/properti/badung-canggu/villa-4-br-berawa-canggu-for-rent-vlr225660/
Villa Luas Tanah 500M2 4 Kamar Pecatu Badung,Rp 580.000.000,year,Villa Luas Tanah 500M2 4 Kamar Pecatu Badung | Rumah123,4,4,,240 m²,Lainnya,Kesempatan terbatas buat Anda dapatkan rumah nyaman dengan return investasi tinggi di Pecatu Badung. Rumah ini menawarkan kelengkapan fasilitas serta memiliki nilai tepat yang siap untuk segera Anda miliki utamanya bagi Anda yang mencari hunian di lokasi yang terjangkau. Kondisi properti ini bagus dan memiliki desain modern yang menambah daya tarik dan estetika properti ini. Rumah ini berada di area strategis. Detail Properti ini adalah: - Kamar Tidur: 4 - Kamar Mandi: 4 - Sertifikat: - - Daya Listrik: 8000 watt - Arah Bangunan: Menghadap Timur Laut - Kondisi Perabotan: Furnished Tersedia berbagai fasilitas lengkap seperti: - Wastafel. - Kitchen Set. - Pemanas Air. - Kolam Renang. Tidak hanya itu namun properti ini juga memiliki keunggulan sebagai berikut: - Siap Huni. - Dekat Tempat Wisata. - Dekat Landmark. - Dekat Pusat Bisnis. - Properti Bisa Nego. - Lokasi Strategis. Lokasi Strategis terletak di Pecatu properti ini memudahkan akses Anda ke fasilitas-fasilitas utama dan unggulan. Harga yang sangat kompetitif yaitu Rp. 580jt/th rumah ini siap menjadi milik Anda! Nikmati segala kemudahan dan berbagai keunggulan menarik saat properti premium ini milik Anda.,,Putu SuartiniAgen KorporatNIB:912010324****,,https:/picture.rumah123.com/r123-images/300x300-crop/customer/625591/b26fa79b6e79aefcde5906a43ad65858.jpg,https://www.rumah123.com/properti/badung-pecatu/villa-luas-tanah-500m2-4-kamar-pecatu-badung-hor41066410/
For Rent Villa 2 Bedroom Ocean View In Nyang Nyang Bali,Rp 50.000.000,month,Ungasan Badung,2,2,,,,For rent villa 2 bedroom Ocean View in nyang nyang bali Ocean view from bedroom. Ocean view from terrace. All designer furniture. Perched near Bvlgari Hotel. No construction. No noise. Included - wifi - trash - cleaning 2x Not included - Electricity - Water 50 million per month. There are 3 villas the smaller one is 45 million. Thank you Ba917,,Amelia Property ConsultantAgen Korporat,,https:/picture.rumah123.com/r123-images/300x300-crop/customer/670475/8b9db44fccef234bddea4063a25e39cb.jpg,https://www.rumah123.com/properti/badung-ungasan/for-rent-villa-2-bedroom-ocean-view-in-nyang-nyang-bali-vlr225658/
Villa Menarik 4 Kamar di Pecatu Badung Bali,Rp 580.000.000,year,Villa Menarik 4 Kamar di Pecatu Badung Bali | Rumah123,4,4,500 m²,240 m²,Lainnya,Rumah di Pecatu. Cek segera rumah 1 lantai yang nyaman ini disewakan dengan pemandangan asri yang menambah nilai estetika di lingkungan hunian. Rumah ini berada di area yang mudah dijangkau serta menghadirkan lingkungan fasilitas yang lengkap cocok untuk Anda yang menginginkan hunian strategis. Spesifikasi Utama Properti: - Kamar Tidur: 4 - Kamar Mandi: 4 - Sertifikat: - - Daya Listrik: 3500 W - Arah Bangunan: Menghadap Timur Laut - Kondisi Perabotan: Furnished Dilengkapi dengan: - Wastafel. - Kitchen Set. - Pemanas Air. - Kolam Renang. Fitur unggulan: - Siap Huni. - Dekat Tempat Wisata. - Dekat Landmark. - Lokasi Strategis. - Properti Bisa Nego. Berlokasi di Pecatu rumah ini memberikan kemudahan akses ke berbagai fasilitas menarik. Dengan harga Rp. 580jt/th anda bisa memiliki hunian istimewa yang sudah siap huni. Ambil kesempatan untuk menikmati investasi di kawasan Pecatu yang nyaman ini! Hubungi segera untuk informasi lebih lanjut!,,SarahAgen KorporatNIB:912010324****,,https:/picture.rumah123.com/r123-images/300x300-crop/customer/1308176/b26fa79b6e79aefcde5906a43ad65858.jpg,https://www.rumah123.com/properti/badung-pecatu/villa-menarik-4-kamar-di-pecatu-badung-bali-hor41066329/
6 Unit Villa Dekat Sunset Point Lembongan - Nusa Penida Bali,Rp 180.000.000,year,Nusa Penida,6,6,,,,Villa Private 6 Kamar - Sunset Point Nusa Penida Villa private bergaya resort ini berlokasi di kawasan Sunset Point Nusa Penida - Klungkung salah satu area paling diminati dengan potensi sewa tinggi dan suasana tropis yang tenang. Sangat ideal untuk investasi hospitality maupun hunian eksklusif. Berdiri di atas lahan luas 1.300 m² properti ini terdiri dari 6 unit kamar tidur ensuite dikelilingi taman tropis dan kolam renang bersama yang luas. Desain menggabungkan arsitektur Bali tradisional dan gaya tropis modern menciptakan atmosfer resort yang hangat dan nyaman. Cocok untuk operasional villa rental atau boutique hospitality. Spesifikasi Properti: - Luas tanah: 1.300 m² - 6 unit kamar tidur ensuite - 1 kolam renang bersama (outdoor) - Fully furnished - Taman tropis & area bersantai - Carport/area parkir tersedia - Listrik: 5.500 KVA (3 unit) - Sumber air: PDAM & sumur bor - Akses jalan ± 35 meter - Legalitas: SHM (Freehold) / Leasehold (maks. 30 tahun) Harga Sewa: IDR 180.000.xxx / villa / tahun Properti premium dengan potensi sewa stabil lokasi sunset favorit dan lingkungan resort yang sudah terbukti diminati wisatawan. Hubungi kami untuk detail lengkap & jadwal survei lokasi. #47712,,Devata Agung PropertyAgen KorporatNIB:190924012****,,https:/picture.rumah123.com/r123-images/300x300-crop/customer/4407900/6c497a4f01244c543e03ce653d3f2d15.jpg,https://www.rumah123.com/properti/klungkung-nusa-penida/6-unit-villa-dekat-sunset-point-lembongan-nusa-penida-bali-vlr225643/
Disewakan Villa Open View Area Tenang di Ketewel Gianyar - Bali,Rp 400.000.000,year,Disewakan Villa Open View Area Tenang di Ketewel Gianyar - Bali | vlr225641,3,5,,,,DISEWAKAN VILLA OPEN VIEW AREA TENANG DI KETEWEL GIANYAR - BALI Rp. 400 JUTA perTAHUN MINIMAL SEWA 1 TAHUN SHM IMB LT : 300 M² LB : 320 M² BANGUNAN 2 LANTAI + ROOFTOP KT : 3 KM : 3+2 AIR : SUMUR BOR LISTRIK : 7.500 WATT HADAP SELATAN AC 6 UNIT RUANG LAUNDRY RUANG TAMU + ROOFTOP DAPUR SWIMMING POOL CARPORT 2 MOBIL AKSES JALAN 5 METER KETERANGAN: - LINGKUNGAN ASRI COCOK UNTUK TINGGAL JANGKA PANJANG - OPEN UNBLOCK VIEW - ROOF GARDEN SPOT SANTAI SEMPURNA UNTUK KUMPUL KELUARGA ATAU MENIKMATI SUNSET - NUANSA BALI MASIH KUAT TRADISI & BUDAYA LOKAL TERJAGA - PENCAHAYAAN & SIRKULASI UDARA ALAMI - MINIM KEBISINGAN JAUH DARI KERAMAIAN KOTA - AKSES MUDAH KE SANUR & PUSAT GIANYAR - HANYA 5 MENIT KE PANTAI KETEWEL - COCOK UNTUK EXPAT KELUARGA ATAU WORKING FROM HOME,,PT Galaxy Property UtamaAgen KorporatNIB:121021004****,,https:/picture.rumah123.com/r123-images/300x300-crop/customer/982031/722bafa17f1621aa9c43bad41c501483.png,https://www.rumah123.com/properti/gianyar-ketewel/disewakan-villa-open-view-area-tenang-di-ketewel-gianyar-bali-vlr225641/
Villa Mewah Dikawasan Premium dan Lokasi Strategis - Umalas Badung,Rp 575.000.000,year,Villa Mewah Dikawasan Premium dan Lokasi Strategis - Umalas Badung | vlr225556,3,2,,,,VILLA LUXURY FULLY FURNISHED DI UMALAS - LAHAN 8 ARE DI AREA PREMIUM EXPAT Disewakan villa eksklusif di kawasan Umalas salah satu area paling premium dan high-demand di Bali yang menjadi favorit ekspatriat dan long-term tenant. Properti ini menawarkan lahan luas listrik besar dan desain hunian nyaman dengan konsep open & closed living. INFORMASI PROPERTI Tipe Properti: Villa Tipe Transaksi: Sewa Alamat: Badung Bali Arah Hadap: Utara SPESIFIKASI PROPERTI Luas Tanah (LT): 8 are (800 m²) Luas Bangunan (LB): - Kamar Tidur: 3 Kamar Mandi: 2 Kondisi Furnish: Fully Furnished Listrik: 23.000 Watt Sumber Air: Sumur Fasilitas Ruang: 2 Living room (open & closed living) Dapur Area taman luas LEGALITAS Sertifikat: SHM IMB: Ada HARGA & KETENTUAN Harga Sewa: Rp 575.000.xxx / tahun Nego: Bisa nego tipis sesuai kesepakatan KEUNGGULAN PROPERTI - Lokasi premium Umalas dekat Seminyak Kerobokan dan Canggu - Lahan luas 8 are sangat jarang tersedia untuk sewa di area ini - Fully furnished siap huni tanpa renovasi - Listrik besar 23.000 watt cocok untuk family residence atau villa rental - Living area terbuka & tertutup memberikan fleksibilitas konsep tropis modern - Potensi strong rental demand dari ekspatriat dan long-term tenant bcb040226FSBO24),,KETUT (XNKL)Agen KorporatNIB:912020578****,,https:/picture.rumah123.com/r123-images/300x300-crop/customer/2164991/caeb6e7a9b03202c84d1fe1ed5d33a1d.jpg,https://www.rumah123.com/properti/badung-umalas/villa-mewah-dikawasan-premium-dan-lokasi-strategis-umalas-badung-vlr225556/
Disewakan - Villa Furnished - Jl. Bidadari,Rp 540.000.000,year,https://www.rumah123.com/properti/badung-seminyak/disewakan-villa-furnished-jl-bidadari-vlr225546/,3,3,,,,DISEWAKAN - VILLA FURNISHED - JL. BIDADARI 3 Villa nyaman dan siap huni di kawasan strategis Jl. Bidadari cocok untuk hunian pribadi maupun ekspatriat. Lokasi: Jl. Bidadari Seminyak Arah Hadap: Timur Spesifikasi Properti: Luas Tanah: 300 m² Luas Bangunan: 180 m² Kamar Tidur: 3 Kamar Mandi: 3 Listrik: 14.500 watt Air: Sumur bor Furnish: Furnished Sertifikat: SHM IMB: Ada Harga Sewa: Rp 1620000xxxx tahun (± Rp 540.000.xxx / tahun) Kontrak: 3 tahun Keunggulan: Lokasi strategis dan mudah diakses Fully furnished - siap langsung ditempati Cocok untuk keluarga atau ekspatriat,,GOMESAgen KorporatNIB:912020578****,,https:/picture.rumah123.com/r123-images/300x300-crop/customer/1929523/5ddbe5530c5aeb2b6eacdd866174e487.jpg,https://www.rumah123.com/properti/badung-seminyak/disewakan-villa-furnished-jl-bidadari-vlr225546/
For Rent Villa In Bumbak Umalas,Rp 450.000.000,year,Kerobokan Badung,3,,,,,For Rent Villa in Bumbak Umalas In strategic location: 3 minutes to Sinamon Cafe Umalas 3 minutes to Meat Emporium 7 minutes to Lycee Francais School 8 minutes to Atlas and Fins Beach Club This villa Beautiful villa located in the heart umalas with 3 bed rooms facing swimming pool with garden. Detail Property : Land Size 400sqm Building Size +- 300sqm 3 Bed rooms ensuite with Bath rooms Closed living room 1 guest toilet and Storage Water well Electricity 5500 watt Open prize IDR 450 juta,,Ayunda PutriAgen KorporatNIB:812001614****,,https:/picture.rumah123.com/r123-images/300x300-crop/customer/1616144/3a658823831d60ed11964335bbe6cb2c.jpg,https://www.rumah123.com/properti/badung-umalas/for-rent-villa-in-bumbak-umalas-vlr168552/
3 Bedroom Villa Near The Beach Tanjung Benoa Nusa Dua (162V),Rp 200.000.000,year,Tanjung Benoa Badung,3,3,150 m²,170 m²,SHM,Modern minimalist villa available for rent in the prime area of Tanjung Benoa Nusa Dua just 1 minute walking distance to the beach. Located in a peaceful yet strategic neighborhood ideal for residential living. Property Details: Land Size: 150 sqm Building Size: 170 sqm 2 Floors 3 Bedrooms 3 Bathrooms Closed living room Dining room with dining table Fully equipped kitchen Private swimming pool Fully furnished Utilities & Facilities: Electricity: 10000 watts (PLN) Water supply: PDAM Includes: Pool maintenance Garbage collection Banjar fee Tenant pays electricity token and WiFi separately. This villa offers a comfortable and functional layout perfect for families or long-term residents seeking a modern home just steps away from the beach. Price: IDR 240000000 per year (Negotiable),,DANA (FGTB)Agen KorporatNIB:912020578****,,https:/picture.rumah123.com/r123-images/300x300-crop/customer/2161494/72a8bb543922a9326c97f21599c63bbc.jpg,https://www.rumah123.com/properti/badung-tanjung-benoa/3-bedroom-villa-near-the-beach-tanjung-benoa-nusa-dua-162v-hor41064771/
Villa West Side Sanur Dekat dengan Warung Men Tingen,Rp 225.000.000,year,Villa West Side Sanur Dekat dengan Warung Men Tingen | vlr225529,,2,,,,Villa west side sanur dekat dg warung men tingen Luas tanah : 3.10 m2 2 bedroom 2 bathroom Living room open Kichen Garden Pool Carport harga sewa 225 jt / thn dekat dg rs bali mandara dekat dg pantai mertasari dekat dg plaza renon dekat dg rs international sanur,,GEK CYNTHIAAgen KorporatNIB:912020578****,,https:/picture.rumah123.com/r123-images/300x300-crop/customer/4443436/ac1b6424219656432d9cec50c6b65870.jpg,https://www.rumah123.com/properti/denpasar-sanur/villa-west-side-sanur-dekat-dengan-warung-men-tingen-vlr225529/
Brand New Villa In Bumbak Area Available For Yearly Rental,Rp 235.000.000,year,Umalas Badung,2,2,,,,Villa di Umalas. Cek segera villa yang modern ini disewakan menawarkan lingkungan fasilitas yang lengkap cocok untuk Anda yang menginginkan hunian nyaman. Spesifikasi Utama Properti: - Kamar Tidur: 2 - Kamar Mandi: 2 - Sertifikat: - Fitur unggulan: - Siap Huni. - Bebas Banjir. - Dekat Pusat Perbelanjaan. - Dekat Sekolah Internasional. - Dekat Fasilitas Kesehatan. - Dekat Tempat Wisata. - Private & tidak terganggu. - Kolam renang pribadi. - Cocok untuk keluarga. - Ramah hewan peliharaan. - Lokasi tenang & jauh dari keramaian. - Dipinggiran kota. - Sejuk. - Cocok Untuk Investasi. - Properti Bisa Nego. Berlokasi di Umalas villa ini memberikan kemudahan akses ke berbagai fasilitas menarik. Dengan harga Rp. 235.000.xxx per tahun anda bisa memiliki hunian istimewa yang sudah siap huni. Segera ambil kesempatan untuk menikmati pengalaman tinggal di kawasan Umalas yang nyaman ini! Hubungi segera untuk informasi lebih lanjut!,,Suci PribadiAgen IndependenNIB:120823005****,,https:/picture.rumah123.com/r123-images/300x300-crop/customer/1755680/6e28b1fd8d5504a7fc860259b2960595.jpg,https://www.rumah123.com/properti/badung-umalas/brand-new-villa-in-bumbak-area-available-for-yearly-rental-vlr208588/
Sewa Villa Area Mengwi,Rp 150.000.000,year,https://www.rumah123.com/properti/badung-mengwi/sewa-villa-area-mengwi-vlr225525/,,1,,,,Nama jalan: Br. Cica Abianbase Mengwi Badung Jual / sewa : sewa Harga : 150 Juta / Tahun Luas tanah : 120 m2 Luas bangunan: 100 m2 Sertifikat : SHM IMB Tahun: - Berapa lantai : 1 Kamar tidur: 2 Kamar mandi: 2 Fully furnished / non / semi : Fully furnished Carport/garasi : 1 Mobil 2 Motor Listrik: 5500 watt Air: Sumur Bor Hadap: Selatan Lebar Akses jalan: 4 Meter Keterangan : Lokasi Tenang diantara sawah Fasilitas : High Speed Wifi Kitchen set Kulkas Kompor Lemari AC Water Heater. 5 Menit ke Pepito Kapal 5 Menit ke RS Mangusada 15 Menit ke Denpasar 20 Menit ke Canggu area Google map : ******** Bgs glx,,IRENE (LYYC) IreneAgen KorporatNIB:121021004****,,https:/picture.rumah123.com/r123-images/300x300-crop/customer/972693/740f76583dd8e824830ff39c8ae813e5.jpg,https://www.rumah123.com/properti/badung-mengwi/sewa-villa-area-mengwi-vlr225525/
For Rent Villa 2 Bedroom In Pererenan Bali,Rp 38.000.000,month,Pererenan Badung,2,3,,,,For rent villa 2 bedroom in pererenan bali -INCLUDED: 2 bedrooms / 3 bathroom / kitchen living room backyeard/ car and motorbike park. 3 AC / hot water / water tank / internet 3 days cleaner per week pool guy and gardener.... -Renting this house for 1 month 6 months or more. This is a Mediterranean minimalist house located in Pererenan simple but comfy nice neighbors... 38 million/ month Ba905,,Amelia Property ConsultantAgen Korporat,,https:/picture.rumah123.com/r123-images/300x300-crop/customer/670475/7733e2a2de2dac60dd193c1a3edd23c9.jpg,https://www.rumah123.com/properti/badung-pererenan/for-rent-villa-2-bedroom-in-pererenan-bali-vlr225523/
Cozy Villa For Rent In Echo Beach Canggu Area.,Rp 220.000.000,year,Cozy Villa For Rent In Echo Beach Canggu Area. | vlr222560,3,3,,,,Villa di Canggu. Miliki villa yang asri ini disewakan menghadirkan lingkungan fasilitas yang lengkap cocok untuk Anda yang menginginkan hunian aman. Spesifikasi Utama Properti: - Kamar Tidur: 3 - Kamar Mandi: 3 - Sertifikat: - Fitur unggulan: - Dipinggiran kota. - Sejuk. - Cocok Untuk Investasi. - Properti Bisa Nego. Terletak di Canggu villa ini memberikan kemudahan akses ke berbagai fasilitas menarik. Untuk minimal sewa 3 tahun dan manfaatkan kesempatan untuk menikmati pengalaman tinggal di kawasan Canggu yang nyaman ini! Kontak segera untuk informasi lebih lanjut!,,Suci PribadiAgen IndependenNIB:120823005****,,https:/picture.rumah123.com/r123-images/300x300-crop/customer/1755680/5c446f3a1525bcbdcbcaf9751da7ebab.jpg,https://www.rumah123.com/properti/badung-canggu/cozy-villa-for-rent-in-echo-beach-canggu-area-vlr222560/
For Rent Spacious 3 Bedroom Villa | Land 450M2 (376V),Rp 500.000.000,year,Kerobokan Badung,3,3,450 m²,300 m²,SHM,FOR RENT - Spacious 3 Bedroom Villa | Land 4.5 Are Exclusive Villa for Rent - Fully Furnished & Move-in Ready Discover this beautifully designed villa set on 4.5 are of land offering generous space comfort and privacy - ideal for families or professionals seeking a premium long-term residence in Bali. Property Details: 3 Large Ensuite Bedrooms 1 Master bedroom (upper floor) with office corner ensuite bathroom with shower 2 Spacious bedrooms (ground floor): 1 bedroom with walk-in wardrobe ensuite bathroom with shower 1 bedroom with shower and bathtub All rooms equipped with air conditioning Features & Facilities: Fully furnished Smart TV American fridge Water dispenser Coffee pod machine Microwave Stove and complete kitchen set Laundry room with washing machine 1 carport Large parking space for motorbikes Spacious living area with comfortable layout This villa offers a perfect blend of functionality and modern tropical living suitable for long-term stay with maximum comfort. Price: IDR 500 Mill/Year,,DANA (FGTB)Agen KorporatNIB:912020578****,,https:/picture.rumah123.com/r123-images/300x300-crop/customer/2161494/e8df6a31d44a6a1d7df7b96f76e73579.jpg,https://www.rumah123.com/properti/badung-kerobokan/for-rent-spacious-3-bedroom-villa-land-450m2-376v-hor41064560/
For Rent 2Br Villa In Canggu Bali,Rp 35.000.000,month,For Rent 2Br Villa In Canggu Bali | vlr225508,2,2,,,,FOR RENT 2BR VILLA IN CANGGU BALI This stunning 2-bedroom villa features a signature open-living design allowing the Bali breeze to flow right through your home. ​2 Spacious En-suite Bedrooms ​Open-concept Living & Dining ​Fully Equipped Open Kitchen ​Refreshing Private Pool Prime Location: Just 4 minutes by bike to Finns Beach Club and Berawa Beach! Surrounded by the best cafes and restaurants Canggu has to offer. ​Price: IDR 35 Million/Month (Everything Included - move-in ready!) Ba901,,Amelia Property ConsultantAgen Korporat,,https:/picture.rumah123.com/r123-images/300x300-crop/customer/670475/52b0d4c8c31f6f9c54cff26581fe55af.jpg,https://www.rumah123.com/properti/badung-canggu/for-rent-2br-villa-in-canggu-bali-vlr225508/
K459 Sewa Villa Beji Ayu Seminyak Kuta Badung Bali Dekat Sunset Road Imam Bonjol Denpasar Kerobokan Canggu,Rp 270.000.000,year,K459 Sewa Villa Beji Ayu Seminyak Kuta Badung Bali Dekat Sunset Road Imam Bonjol Denpasar Kerobokan Canggu | Rumah123,2,2,1 m²,1 m²,Lainnya,K459 sewa villa beji ayu seminyak kuta badung bali dekat sunset road imam bonjol denpasar kerobokan canggu Located ; Jln Beji Ayu Seminyak ☘️ 2 bedrooms ( 4 adults ) ☘️ fully equipped kitchen ☘️ swimming pool ☘️ spacious garden ☘️ quiet neighbourhood ☘️ 300mbps wifi ☘️ nearby foods area ☘️ nearby Grand Lucky supermarket,,Zaskia novy propertyAgen IndependenNIB:010324001****,,https:/picture.rumah123.com/r123-images/300x300-crop/customer/1969803/3e99f2290828540b94e4597291bb5c6e.jpg,https://www.rumah123.com/properti/badung-seminyak/k459-sewa-villa-beji-ayu-seminyak-kuta-badung-bali-dekat-sunset-road-imam-bonjol-denpasar-kerobokan-canggu-hor41064397/
Ready in canggu-Brand New Modern 2 Bedroom Villa,Rp 250.000.000,year,Ready in canggu-Brand New Modern 2 Bedroom Villa | Rumah123,2,2,173 m²,130 m²,Lainnya,Brand New 2-Bedroom Villa for Rent in Canggu Available for *Yearly* or *Monthly* lease - fully furnished and ready to move in. Property Details: * 2 bedrooms (180x200) * 2 bathrooms * Land size: 173 m² * Building size: 130 m² * Electricity: 5500 VA * Water heater * Fully equipped kitchen (refrigerator stove oven dispenser) * Outdoor shower * Open living area * Private swimming pool * High-speed WiFi * Carport * 2 air conditioners * 3 sofas * Quiet neighborhood * 43' Smart TV (3 units) * Outdoor CCTV **Monthly Rental Includes:** * Free WiFi * Cleaning 1x per week * Pool maintenance 1x per week * Garbage collection * Banjar fee **Yearly Rental Includes:** * Pool maintenance 1x per week * Free WiFi * Garbage collection * Banjar fee Contact us for viewing !,,BDA Real EstateAgen IndependenNIB:022050695****,,https:/picture.rumah123.com/r123-images/300x300-crop/customer/1775549/1a5e55f2e038de1ba56f006da359fb14.jpg,https://www.rumah123.com/properti/badung-kerobokan/ready-in-canggubrand-new-modern-2-bedroom-villa-hor40564255/
For Rent 2-Bedroom Villa In Pererenan Bali,Rp 240.000.000,year,Pererenan Badung,2,2,,,,AVAILABLE NOW For rent 2-Bedroom Villa in Pererenan bali 1 MINUTE TO OBSIDIAN GYM ZERO CONSTRUCTION This villa sits literally 1 minute from Obsidian Gym - one of Pererenan's strongest lifestyle magnets. Perfect for gym-focused expats digital nomads and long-stay tenants. Location highlights: 1 minute to Obsidian Gym - 100 meters to Mission Flow Yoga - Surrounded by cafés Pilates studios & viral lifestyle spots - Quiet area with zero construction Villa Details: 2 Bedrooms with AC Fully enclosed kitchen Large private pool with green garden 2 Bathrooms Parking for car & motorbikes Price: IDR 240000000 / year Negotiable for 2+ years Sublease allowed Ba916,,Amelia Property ConsultantAgen Korporat,,https:/picture.rumah123.com/r123-images/300x300-crop/customer/670475/de204ccc65a1a58dcb1f5e84fe5115fe.jpg,https://www.rumah123.com/properti/badung-pererenan/for-rent-2bedroom-villa-in-pererenan-bali-vlr225458/
Hidden Calm In Umalas - Rumah 2Br Private & Cozy Siap Disulap Jadi Villa Impianmu!,Rp 140.000.000,year,Kerobokan Badung,2,2,100 m²,80 m²,SHM,Kalau kamu mencari rumah yang bisa terasa seperti villa pribadi - ini jawabannya. Berlokasi di Umalas Kerobokan area yang tenang tapi tetap dekat ke Canggu & Seminyak properti ini cocok untuk tempat tinggal jangka panjang digital nomad base atau disulap jadi private villa minimalis. Dengan luas tanah 100 m² dan bangunan 80 m² rumah ini menawarkan keseimbangan pas: tidak terlalu besar tidak terlalu kecil - cukup untuk hidup nyaman tanpa ribet. Spesifikasi Utama: - 2 Kamar Tidur - 2 Kamar Mandi - Listrik 3.300 Watt - Air Sumur Bor - Menghadap Barat - Non-Furnished (bebas desain sesuai selera kamu) Harga Sewa: Rp 140 juta / tahun Keunggulan utamanya? Kamu dapat kanvas kosong untuk menciptakan ruang sesuai gaya hidupmu. Mau konsep tropical modern? Japandi? Industrial chic? Semua bisa. Area Umalas dikenal sebagai titik tengah strategis: 10-15 menit ke Canggu 10-15 menit ke Seminyak Lingkungan tenang cocok untuk tinggal jangka panjang Rumah ini bukan sekadar tempat tinggal - tapi ruang untuk membangun suasana kenyamanan dan mungkin... bab baru dalam hidupmu. OL #89 Kerobokan260211,,WILLIAM (GINM)Agen KorporatNIB:912020578****,,https:/picture.rumah123.com/r123-images/300x300-crop/customer/4431079/da6964f48abf07d8852ff813ac0b73c8.jpg,https://www.rumah123.com/properti/badung-kerobokan/hidden-calm-in-umalas-rumah-2br-private-cozy-siap-disulap-jadi-villa-impianmu-hor41063521/
Brand New Villa For Rent Sanur Area - Sedap Malam,Rp 250.000.000,year,Brand New Villa For Rent Sanur Area - Sedap Malam | vlr225442,2,2,,,,Sedap Malam - Sanur Luas Tanah : 122 m ² Luas Bangunan : 109 m ² Dimensi : -/+ 7 x 174 m ² 2 Kamar tidur 2 Kamar mandi Fully Furnished Listrik : 5500 Kwh Air : PDAM Hadap : Timur Bangunan 2025 Berlokasi sangat strategis: - 35 Km Ke Grand Lucky - 35 Km ke Rs Internasional Bali - 38 Km ke Plaza Renon - 44 Km ke Icon Mall - 54 Km ke Pantai Matahari Terbit Harga : 250jt/th (minimal 5th),,DIANA (QNZY)Agen KorporatNIB:912020578****,,https:/picture.rumah123.com/r123-images/300x300-crop/customer/1185151/656a281b695e571370a045e4ddfe2e7f.jpg,https://www.rumah123.com/properti/denpasar-denpasar-timur/brand-new-villa-for-rent-sanur-area-sedap-malam-vlr225442/
Rumah 1 Lantai Semi Villa Disewakan di Sanur Denpasar Area,Rp 200.000.000,year,Rumah 1 Lantai Semi Villa Disewakan di Sanur Denpasar Area | Rumah123,3,4,500 m²,200 m²,SHM,Disewakan Rumah Semi Villa area Sanur Denpasar Selatan Lokasi Strategis: 5 Menit ke Plaza Renon 7 Menit ke Pantai Sanur 6 Menit Ke Gandhi School Detail Properti: 1 Lantai Luas Tanah 500 m2 Luas Bangunan 200 m2 3 Kamar Tidur 4 Kamar Mandi Listrik 3500 Watt Air Sumur SHM Minimal Sewa 3 Tahun Harga Sewa IDR 200 Juta / Tahun Bagi yang berminat dengan property ini dapat menghubungi Ayunda: 0812xxxxxxxx,,Remax JayaAgen KorporatNIB:812001614****,,https:/picture.rumah123.com/r123-images/300x300-crop/customer/38769/f5d9ddca4fd1ef03a67a465171dc0884.jpg,https://www.rumah123.com/properti/denpasar-sanur/rumah-1-lantai-semi-villa-disewakan-di-sanur-denpasar-area-hor41063444/
Villa di Yeh Gangga Subak Lanyahan Pantai Yeh Gangga Sudimara Tabanan Bali 1 Mnt ke Pantai,Rp 173.000.000,year,Villa di Yeh Gangga Subak Lanyahan Pantai Yeh Gangga Sudimara Tabanan Bali 1 Mnt ke Pantai | vlr225438,,3,,,,Sewa Villa Di Yeh Gangga Tbn: Alamat lengkap : jl subak lanyahan pantai yeh gangga sudimara tabanan bali 1 mnt ke pantai Luas tanah : 150m2 Luas bangunan : 73 m2 Jumah kamar tidur : 2 Jumlah kamar mandi : 3 Living room dan dapur Kolam renang 2x5 Listrik : 4400watt Sumber air : sumur Arah hadap rumah : barat Sertifikat : SHM Status sertifikat : on hand [2/4 12:57] Ibu indah Sewa Villa Di Yeh Gangga Tbn: sewa tahunan *Tidak termasuk* Token listrik Laundry pribadi *Include* Pool cleaning 1 x seminggu Garden 1 x seminggu Housekeeping 1x seminggu Pick up sampah setiap 2 hari sekali *Include Listrik Pool cleaning 1 x seminggu Garden 1 x seminggu Housekeeping 1x seminggu Pick up sampah setiap 2 hari sekali Bgs glx,,IRENE (LYYC) IreneAgen KorporatNIB:121021004****,,https:/picture.rumah123.com/r123-images/300x300-crop/customer/972693/76282d93e31a93d37219112b7c711b1d.jpg,https://www.rumah123.com/properti/tabanan-tabanan/villa-di-yeh-gangga-subak-lanyahan-pantai-yeh-gangga-sudimara-tabanan-bali-1-mnt-ke-pantai-vlr225438/
Disewakan Villa Baru Lokasi Strategis Di Canggu,Rp 185.000.000,year,Disewakan Villa Baru Lokasi Strategis Di Canggu | vlr166985,2,3,,,,,,L Bagus Cakra BaskaraAgen IndependenNIB:123456789****,,https:/picture.rumah123.com/r123-images/300x300-crop/customer/4391427/c16dd1e53c587ed04b6b22d3eabe0ad6.jpg,https://www.rumah123.com/properti/badung-kuta-utara/disewakan-villa-baru-lokasi-strategis-di-canggu-vlr166985/
Tropical Guesthouse 4Br For Rental Near Umalas Seminyak & Berawa,Rp 225.000.000,year,Tropical Guesthouse 4Br For Rental Near Umalas Seminyak & Berawa | vlr199483,4,4,,,,Tropical Guesthouse for Daily | Monthly | Annual Rental Jl. Kuwum ll Kerobokan Kelod Price - Daily Idr 380k/room/night - No Breakfast - Monthly 5.2mill/room/month - Annual Idr 225mill/year - all villa Details - 4 bedrooms - ensuite bathrooms - terrace / balcony in very rooms - Sharing kitchen - Swimmimg pool - Car Port - WiFi upto 400mbps Note: - Monthly rental incl. electricity room cleaning & change linen 2x aweek - Annual rental excluding monthly expenses - AVAILABLE for sublease 'MONTHLY RENT - AVAILABLE 1 ROOMS' For more info & visit inspections please Direct Message Cheers,,Yulinda N.P PendleburyAgen Independen,,https:/picture.rumah123.com/r123-images/300x300-crop/customer/4411344/de5bbf0f166ed1e49e4f1dc418d7c038.jpg,https://www.rumah123.com/properti/badung-kerobokan-kelod/tropical-guesthouse-for-rental-near-umalas-seminyak-berawa-vlr199483/
Siap Huni Villa View Sawas Private Pool Dekat Canggu 8800,Rp 250.000.000,year,Siap Huni Villa View Sawas Private Pool Dekat Canggu 8800 | vlr225433,,5,,,,Di sewakan villa lokasi Banjar tegal kepuh kaba2 tabanan Luas tanah braapa.15 are... Luas bangunan 126 meter Kamar tidur 4 Kamar mandi 5 Pool ukuran 7X3 Living room Kitchen Akses jalan brapa meter di lokasi.3 5 meter Garase mobil adakah....ada Harga sewa 250jt per tahun Villa kosongan apa isi furnitur masih kosong Listrik 5000 kwh Wifi ada,,Eneng geulisAgen KorporatNIB:260424031****,,https:/picture.rumah123.com/r123-images/300x300-crop/customer/1975094/37670754f3911386be33dff9e3afe6a3.jpg,https://www.rumah123.com/properti/tabanan-kaba-kaba/siap-huni-villa-view-sawas-private-pool-dekat-canggu-8800-vlr225433/
Brand New Villa Litan 3 Bedroom In Central Seminyak,Rp 28.000.000,month,Brand New Villa Litan 3 Bedroom In Central Seminyak | Rumah123,3,3,150 m²,100 m²,Lainnya,Brand New Villa Litan 3 Bedroom Seminyak Welcome to Villa Litan a modern and newly built 3-bedroom villa that perfectly combines comfort style and tranquility in the heart of Bali's vibrant Seminyak. Experience a seamless blend of modern design and tropical charm just steps away from Seminyak's best boutiques cafés and restaurants. Whether you're here for relaxation or adventure this villa offers the ideal base to enjoy all that Bali's most sought-after neighborhood has to offer. Included : - Sterilized villa upon check in - 2 times/week house keeping cleaning - 1 times/week pool treatment - 1 time/week change linens and towel replace - Wifi internet connection - 1x LPG for cooking - 1x aqua gallon drinking mineral water Excluded : - Electricity bills (IDR 2.500 / kwh) Contact us to visit and more information !,,BDA Real EstateAgen IndependenNIB:022050695****,,https:/picture.rumah123.com/r123-images/300x300-crop/customer/1775549/b977320b4370749383f45478be92f7fa.jpg,https://www.rumah123.com/properti/badung-seminyak/brand-new-villa-litan-3-bedroom-in-central-seminyak-hor40293873/
For Rent Villa In Seminyak 3 Bedroom,Rp 475.000.000,year,For Rent Villa In Seminyak 3 Bedroom | vlr191601,3,3,,,,V123 This brand-new property is situated in an absolute prime location in Seminyak - Baliwith easy access to all necessities such as shops famous cafes club restaurants and of course - the beach. Designed and constructed in a modern style functional design elegant interiors and quality finishing's combined with a low maintenance,,Amelia Property ConsultantAgen Korporat,,https:/picture.rumah123.com/r123-images/300x300-crop/customer/670475/cc60ec396e0617cafb8f5e1c906be2da.png,https://www.rumah123.com/properti/badung-seminyak/for-rent-villa-loft-in-seminyak-3-bedroom-vlr191601/
3Br Villa West Bypass Sanur Area Yearly Rental [Sbp 1515],Rp 200.000.000,year,3Br Villa West Bypass Sanur Area Yearly Rental [Sbp 1515] | vlr225422,3,3,,,,WEST BYPASS SANUR Yearly Rental: IDR 200 Million / Year Minimum Rent: 2 Years Also available for long-term lease (5-20 years) with a special price upon inspection. Beautiful 3 Bedrooms + 1 Mezzanine Room Villa designed in a charming blend of Balinese and modern style located in a quiet residential area on the west side of Sanur. The villa offers a smart and comfortable layout: two bedrooms and the mezzanine room are connected to the living area while one bedroom is separate providing additional privacy. All bedrooms face the swimming pool giving a relaxing view and natural ambiance. The location is very convenient - within walking distance to the traditional market coffee shops and supermarket and only 5 minutes' drive to the beach. Property Details: Land size: 3.5 are Electricity: 5500 kWh Water supply: Well water + PDAM (city water) Closed living room and kitchen 3 Bedrooms 3 Bathrooms Mezzanine room (ideal for office or guest room) Storage room AC units Private garage ✨ A perfect choice for families or long-term living in Sanur.,,Ni Made OrniariAgen Independen,,https:/picture.rumah123.com/r123-images/300x300-crop/customer/1709859/43be506fa446a2c9562c6c0d6bf804cb.jpg,https://www.rumah123.com/properti/denpasar-sanur/3br-villa-west-bypass-sanur-area-yearly-rental-sbp-1515-vlr225422/
3Br Villa West Bypass Sanur Area Yearly Rental [Sbp 1515],Rp 200.000.000,year,3Br Villa West Bypass Sanur Area Yearly Rental [Sbp 1515] | vlr225419,3,3,,,,WEST BYPASS SANUR Yearly Rental: IDR 200 Million / Year Minimum Rent: 2 Years Also available for long-term lease (5-20 years) with a special price upon inspection. Beautiful 3 Bedrooms + 1 Mezzanine Room Villa designed in a charming blend of Balinese and modern style located in a quiet residential area on the west side of Sanur. The villa offers a smart and comfortable layout: two bedrooms and the mezzanine room are connected to the living area while one bedroom is separate providing additional privacy. All bedrooms face the swimming pool giving a relaxing view and natural ambiance. The location is very convenient - within walking distance to the traditional market coffee shops and supermarket and only 5 minutes' drive to the beach. Property Details: Land size: 3.5 are Electricity: 5500 kWh Water supply: Well water + PDAM (city water) Closed living room and kitchen 3 Bedrooms 3 Bathrooms Mezzanine room (ideal for office or guest room) Storage room AC units Private garage ✨ A perfect choice for families or long-term living in Sanur.,,Ni Made OrniariAgen Independen,,https:/picture.rumah123.com/r123-images/300x300-crop/customer/1709859/43be506fa446a2c9562c6c0d6bf804cb.jpg,https://www.rumah123.com/properti/denpasar-sanur/3br-villa-west-bypass-sanur-area-yearly-rental-sbp-1515-vlr225419/
For Rent Villa 3 Bedrooms In Tumbak Bayuh,Rp 320.000.000,year,https://www.rumah123.com/properti/badung-tumbak-bayuh/for-rent-villa-3-bedrooms-in-tumbak-bayuh-vlr211356/,3,3,,,,new yearly rental in Tumbak Bayuh It's a spacious fully furnished 3BR villa on a large 4 are plot with a big garden private pool rice paddy views from wraparound terrace and a gorgeous design. Super quiet private and pet-friendly - ideal for families remote workers or a group of friends. 3 BR with XL ensuite bathrooms Queen beds AC and dedicated workspaces Enclosed living room with powerful AC XL couch and sunset views Rice paddy views + lush garden + wraparound terrace Private pool mini joglo and scooter parking Designer kitchen & dining - terrazzo countertops teak & rattan cabinetry large dining table for 6-8 WiFi routers with 3 access points installed (tenant can activate their preferred provider) Quiet & private - end of gang only one neighbor Ample Scooter parking Banjar fee + trash collection included 5 mins to Obsidian Gym Nude Cafe Jungle Padel Copenhagen Cafe Pet-friendly | Subleasing allowed V210,,Amelia Property ConsultantAgen Korporat,,https:/picture.rumah123.com/r123-images/300x300-crop/customer/670475/976502a869c2ae179e2e19a5dd85a88d.png,https://www.rumah123.com/properti/badung-tumbak-bayuh/for-rent-villa-3-bedrooms-in-tumbak-bayuh-vlr211356/
Rent/ Sewa New Villa At Kerobokan Kuta Bali Near Canggu Seminyak,Rp 225.000.000,year,Rent/ Sewa New Villa At Kerobokan Kuta Bali Near Canggu Seminyak | vlr225405,,3,,,,Do 385- For rent villa murah at kedampang kerobokan kuta bali near canggu seminyak 3 bed room 3 bath room 1 bath room guest Enclosed living room.. Carpot.. Hot cold water.. Air condition. Furnish Refigerator Kitchen stove.. Ware house Electrical power 7700 Ground water with filter Building area 12x 8m2 Pool 6x5 m2 Price: 225 milion per years,,RiskayaniAgen Independen,,https:/picture.rumah123.com/r123-images/300x300-crop/customer/1830827/b30ba70dc75572a111cb54c84d255655.jpg,https://www.rumah123.com/properti/badung-kerobokan/rent-sewa-new-villa-at-kerobokan-kuta-bali-near-canggu-seminyak-vlr225405/
New 3 Bedroom Villa With Stunning Rice Paddy Views - Available,Rp 550.000.000,year,Canggu Badung,3,4,,,,NEW 3 BEDROOM VILLA WITH STUNNING RICE PADDY VIEWS - AVAILABLE 6 MONTHS / 1 YEAR RENTAL Monthly possible PRIME LOCATION DETAILS Kayu Tulang just off Batu Bolong Canggu Enjoy the best of both worlds! Nestled in central Canggu experience the real Bali with beautiful uninterrupted rice paddy views the soothing sounds of crickets at night and ducks in the morning all without the hustle and bustle of surrounding traffic. Just a two-minute walk from the Bali Social Club Amolas Cafe and 5 min walk to black sand brewery. 3 min walking distance to Pepito and Festive grocery stores. Less than 1km from the beach VILLA DETAILS * 3 En-suite Bedrooms with balconies * 4 Bathrooms * Open plan indoor/outdoor living * AC in every room * Private swimming pool overlooking the rice paddies * Private storage room/ office area * Private parking (for bikes and a car) * Fully equipped kitchen (stove oven microwave etc.) * ⁠outdoor shower and Woodern deck * ⁠roof top deck with breathtaking views. * ⁠No Pets ADDITIONAL INCLUSIONS * High-speed Wifi * Cleaning 3X weekly * Weekly bed linen change * Pool & garden maintenance * Trash pickup * Banjar fees * 24hr security and camera surveillance. NOTE: Electricity not included Don't miss out on this unique opportunity to live in a tranquil yet central location! Message me directly for a viewing. V191,,Amelia Property ConsultantAgen Korporat,,https:/picture.rumah123.com/r123-images/300x300-crop/customer/670475/d24d2140a4e9c6d5097c1de808f953df.jpg,https://www.rumah123.com/properti/badung-canggu/new-3-bedroom-villa-with-stunning-rice-paddy-views-available-vlr213149/
Villa Siap Pakai Disewakan di Uluwatu.,Rp 300.000.000,year,Pecatu Badung,3,3,,,,Lokasi strategis dan tenang. Hanya 4 menit ke Pantai Padang Padang 5 menit ke lifestyle dan resto di Bingin & Suluban Luas tanah 250m2 Bangunan 175m2 Parking area ( carport ) 1 toilet umum 1 storage 3 bedroom plus 3 toilet Pool Livingroom Farden Electric 5.500 watt Unfurnished price 300 juta/th Meylinda P37511,,Vironica Meylinda MuliaAgen KorporatNIB:812001614****,,https:/picture.rumah123.com/r123-images/300x300-crop/customer/13544/0bf6daa2edd3fcb6ca0798ced5e78ea3.jpg,https://www.rumah123.com/properti/badung-pecatu/villa-siap-pakai-disewakan-di-uluwatu-vlr225392/
Kbp1253 Brand New Villa Located Very Close To Central Renon.,Rp 160.000.000,year,Sanur Kaja Denpasar,2,2,,,,ID : KBP1253 SANUR SANUR - Yearly Rental. 2 bedrooms Villa IDR 160 Mill/ Year WESTSIDE Area!! BRAND NEW VILLA located very close to Central renon. Walking distance to Plaza renon and only 7 minutes ride to sanur beach. This villa is a cozy place with modern design and very easy access to get daily necessities. 7 Minutes Drive to the beach 7 Minutes drive to Grand lucky 5 Minutes Drive to KFC Sanur 10 Minutes drive to bali mandara 30 minutes drive to airpot Details: - 1- Storey building - 108 Sqm land size - Building level 100 sqm - Semi Furnished - 2 Bedrooms - 2 Bathrooms - Open kitchen - Dinning Area - Stove - Refrigerator - Swimming Pool - AC (2) - Celling Fan - Hot water - Small Garden - Carpot - Well Water Supply - Electricity 3500 watt,,dessy yantiAgen Independen,,https:/picture.rumah123.com/r123-images/300x300-crop/customer/817697/751a3aa9965fde9838abbca0e62a8565.jpg,https://www.rumah123.com/properti/denpasar-sanur-kaja/kbp1253-brand-new-villa-located-very-close-to-central-renon-vlr225390/
Vila 2 Bedroom Fully Furnished With Rice Field View Near Ubud,Rp 250.000.000,year,Vila 2 Bedroom Fully Furnished With Rice Field View Near Ubud | vlr205207,2,2,,,,For rent villa Rice Field Most Beautiful View ubud Location strategis 10 from mongkey forest. 40 menutes from nyanyi beach 40 menutes from tanah lot FOR RENT VILLA RICE FIELD VIEW 30 DAY + FREE HOUSE KEEPING 2 VISIT CLEANING IN 1 WEEK Location 10 Menutes From Mongkey Forest Center Ubud Bali Very Strategis @Pure dalem street number 15 banjar Tunon Singakerta. Ubud Village 2 bedroom 2 bathroom IDR 23.000.000 /month Free charge house keeping cleaning room In 1 week Total 30 Day in Month. Included : free of charge house keeping clean 2 times a week. Pay for electricity yourself Refregerator 2 Air conditioner 2 Wastafel Kitchen set 2 bed Dining room Open kitchen Swimming Pool 10 menutes from Central Ubud 5 minutes from Westin resort Ubud 5 minutes Rosters KAFE 10 minutes from Green school 10 minutes to Pepito super market. 5 minutes Windu Husada Hospital,,Cok DamajaniAgen KorporatNIB:812001416****,,https:/picture.rumah123.com/r123-images/300x300-crop/customer/1463280/4aa9cb23c00cd40b7595f65ab6993fb7.jpg,https://www.rumah123.com/properti/gianyar-ubud/vila-2-bedroom-fully-furnished-with-rice-field-view-near-ubud-vlr205207/
Private 1 Bedroom Villa In Prime Kerobokan Location For Rent,Rp 30.000.000,month,Private 1 Bedroom Villa In Prime Kerobokan Location For Rent | vlr225386,1,1,150 m²,100 m²,SHM,Private 1 Bedroom Villa In Prime Kerobokan Location For Rent This well-maintained private villa is situated in a strategic and peaceful area of Kerobokan offering comfortable living with convenient access to Canggu Seminyak and surrounding lifestyle destinations. The property is ideal for long-term residence providing privacy and a relaxed Bali atmosphere. Property Details Location: Kerobokan Land Size: 150 sqm Building Size: 100 sqm Bedroom: 1 Bathroom: 1 Private Swimming Pool Fully Private Villa Price IDR 30 Million /month This villa is suitable for individuals or couples seeking a comfortable home in a central yet quiet neighborhood. Contact for further information or to arrange a viewing. Wulan 0812xxxxxxxx wyudiwibowo@********,,RE/MAX JAYA CANGGUAgen KorporatNIB:812001614****,,https:/picture.rumah123.com/r123-images/300x300-crop/customer/1964324/7357952140cca0c372c90f572f8e4468.png,https://www.rumah123.com/properti/badung-kerobokan/private-1-bedroom-villa-in-prime-kerobokan-location-for-rent-vlr225386/
For Rent 1 Bedroom Villa In UmalasKerobokan,Rp 120.000.000,year,For Rent 1 Bedroom Villa In UmalasKerobokan | vlr209129,1,1,,,,For rent 1 bedroom villa in Umalas. Seek this beautiful villa for rent offering a fully equipped environment perfect for those seeking a strategically located residence. Property Key Specifications: - Bedrooms: 1 - Bathrooms: 1 - Swimming pool - Fully furnished - Rental price 120 milion/year Located in Umalas this villa offers easy access to a variety of exciting amenities. Take advantage of this opportunity to experience living in the comfortable Umalas area! Contact us now for more information!,,Arul l LJH RealtyAgen KorporatNIB:912000178****,,https:/picture.rumah123.com/r123-images/300x300-crop/customer/10230/cae20e4242be98b291b08c3c36903454.jpg,https://www.rumah123.com/properti/badung-umalas/for-rent-1-bedroom-villa-in-umalaskerobokan-vlr209129/
For Rent Villa With Rice Fields View At Pejeng Ubud Bali,Rp 265.000.000,year,For Rent Villa With Rice Fields View At Pejeng Ubud Bali | vlr225376,,2,,,,Do 384- For rent new villa with rice fields view at pejeng ubud gianyar bali Land 250 m2 2 Bedroom 2 Bathroom Close kitchen Close living Privat swimming pool Full Furniture Price: Monthly: 24 milion Yearly: 265 milion,,RiskayaniAgen Independen,,https:/picture.rumah123.com/r123-images/300x300-crop/customer/1830827/b6d8df62c7398bedcbe8d5e1c62c8881.jpg,https://www.rumah123.com/properti/gianyar-ubud/for-rent-villa-with-rice-fields-view-at-pejeng-ubud-bali-vlr225376/
For Lease Monthly 2 3 Bedroom Villas Close To Padang Padang Dreamland Beach In Uluwatu,Rp 25.000.000,month,Pecatu Badung,2,2,250 m²,150 m²,Lainnya,Each villa has its own private spacious swimming pool completed with a gazebo amongst a tropical garden of native greenery. A perfect harmony of indoor/outdoor area bringing the outside inside. Everything has been designed and combined exclusively with modern facilities to serve you with luxury and comfort. The accommodation consists of 4 Two bedroom Villas with Twin and King beds and 5 Three bedroom villas also with Twin and King beds. Each bedroom is furnished with facilities including Air conditioner LCD televisions with local and international channels dressing table and wardrobe. Each spacious living room and pantry is set up with chiller dining table kitchen equipment and tools. Our semi outdoor bathroom features a bath tub and split shower. Includes : - Cleaning service 2 x a week - Pool & garden maintenance - WI-FI & TV cable - garbage collect - PDAM water The price : - 2 BEDROOM is IDR 25.000.000/month - 3 BEDROOM is IDR 28.000.000/month,,I Nengah Handika PutraAgen KorporatNIB:912000476****,,,https://www.rumah123.com/properti/badung-pecatu/for-lease-monthly-2-3-bedroom-villas-close-to-padang-padang-dreamland-beach-in-uluwatu-hor2385810/
Vila Modern 2 Bedroom Private Pool Rent Monthly Kadewatan Ubud,Rp 200.000.000,year,Vila Modern 2 Bedroom Private Pool Rent Monthly Kadewatan Ubud | vlr211713,2,2,,,,List Villa Type : Sewa Lokasi :jln Cocoa. Kedewatan . Ubud LuasTanah:13are Luas Bangunan : 125 m2 Kamar Tidur :2 Kamar Mandi :2 Ruang Tamu :1 Dapur :1 Swimming pool :3*5 Carport/Garasi : sepeda motor Hadap : Timur Akses Jalan : 5 m Taman :ada Balkon :- Kanopi :- SHM : Lingkungan hotel & villa. 10 mnt Central Ubud Listrik :5.500 Air :PAM AC :2 Kitchen set :1 Water heater : 2. Wifi : 200 mbs harga per bulan 17 juta Harga :Rp 200.000.xxx/ thn..2.5 M/25 tahun( leasehold),,Cok DamajaniAgen KorporatNIB:812001416****,,https:/picture.rumah123.com/r123-images/300x300-crop/customer/1463280/fd032e95471133e2d15f5bd82d95343c.jpg,https://www.rumah123.com/properti/gianyar-ubud/vila-modern-2-bedroom-private-pool-rent-monthly-kadewatan-ubud-vlr211713/
Modern Tropical Cosy Villa Brand New 2Br In Lodtunduh Area Ubud,Rp 250.000.000,year,Modern Tropical Cosy Villa Brand New 2Br In Lodtunduh Area Ubud | vlr225366,2,3,,,,Modern Tropical Cosy Villa Brand New 2BR in Lodtunduh Area Ubud Villa Highlights Land Size: 125 m² | Building Size: 77m2 v Modern fully furnished v 2 Bedrooms + 2 Bathrooms v 1 guest toilets v Private swimming pool v Living room & dining area v Kitchen v 5500 watt electricity v Parking for 1 car & 1 motorcycle v High-speed WiFi v Cleaning service 2x per week v Garbage pickup v Pool Maintenance 2x a week Excluded: v Electricity v Personal Expenses Special Price Special rate MONTHLY: 25M Security deposit: 5 mil rupiah Special rate YEARLY : ( price : 250 mil rupiah Security deposit: 10 mil,,GEK CYNTHIAAgen KorporatNIB:912020578****,,https:/picture.rumah123.com/r123-images/300x300-crop/customer/4443436/0f42994cbb1e641bfc63220ebb9d41b0.jpg,https://www.rumah123.com/properti/gianyar-lodtunduh/modern-tropical-cosy-villa-brand-new-2br-in-lodtunduh-area-ubud-vlr225366/
Villa 4 Bedroom In Bimasena Kerobokan,Rp 250.000.000,year,Villa 4 Bedroom In Bimasena Kerobokan | vlr225364,,4,,,,Villa 4 bedroom in Bimasena Kerobokan Luas tanah 200 m2 Luas bangunan 250 m2 Lantai 2 4 kamar tidur 4 kamar mandi Kolam renang 1 Bathup 4 AC -water hiter -Kompor -Kulkas Harga sewa 250 jt/th dekat dg pantai batu belig dekat dg pantai petitenget dekat dg atlas beach club,,GEK CYNTHIAAgen KorporatNIB:912020578****,,https:/picture.rumah123.com/r123-images/300x300-crop/customer/4443436/94e7224bf32a52751eb9a7a9ef7ea5a4.jpg,https://www.rumah123.com/properti/badung-kerobokan/villa-4-bedroom-in-bimasena-kerobokan-vlr225364/
New Villa 2 Bedroom In Lodtunduh,Rp 2.000.000.000,year,https://www.rumah123.com/properti/gianyar-lodtunduh/new-villa-2-bedroom-in-lodtunduh-vlr225363/,,2,,,,Brand New Villa 2 Bedroom Lodtunduh Ubud Area Overview Brand -newleasehold villa with a private pool and modern amenities.1 ideal for shot or long term stays or as an investment property. Property features Land size 200 sqmb Full furnished Private swimming pool Living room with tv Dining area Full equipped kitchen 2 bedrooms 2 bathrooms Outdoor shower Chiling space with couch overlooking the pool Dedicated private parking area size 100 sqm Lease terms Leasehold 30 years available Asking price 2 Billion,,GEK CYNTHIAAgen KorporatNIB:912020578****,,https:/picture.rumah123.com/r123-images/300x300-crop/customer/4443436/12af6c0df175d1c8c31687ba2b3d992e.jpg,https://www.rumah123.com/properti/gianyar-lodtunduh/new-villa-2-bedroom-in-lodtunduh-vlr225363/
Villa Mewah 4 Kt Hanya 800M Dari Pantai Pererenan Bali,Rp 225.000.000,month,Pererenan Badung,4,4,,,,Luxurious Pererenan Beach Villa for rent Hanya 800 meter dari pantai dikelilingi berbagai kafe dan restoran populer seperti BAKED St Ali Touche Brunch Club dan lainnya. Berada dalam kompleks gated yang aman dan eksklusif. Spesifikasi: 	-	Luas Tanah: 500 m² 	-	Luas Bangunan: 400 m² 	-	4 Kamar Tidur + 4 Kamar Mandi 	-	Kamar tidur dan kamar mandi untuk maid 	-	Service area lengkap 	-	Taman luas dan kolam renang besar 	-	Area parkir untuk 2 mobil 	-	Desain Modern Mediterranean Collage Style Harga Sewa: - Bulanan: 225 juta (minimal 6 bulan) - ⁠Tahunan: 21 miliar (minimal 2 tahun) (LX),,VictoriaAgen KorporatNIB:912000578****,,https:/picture.rumah123.com/r123-images/300x300-crop/customer/1768630/2db9372245334ff2e432f9bb73ba5d84.jpg,https://www.rumah123.com/properti/badung-pererenan/villa-mewah-4-kt-hanya-800m-dari-pantai-pererenan-bali-vlr201269/
For Rent Semi Villa House In Canggu Bali,Rp 250.000.000,year,For Rent Semi Villa House In Canggu Bali | Rumah123,4,4,150 m²,110 m²,Lainnya,For Rent Semi Villa House Semifurnished Location in Canggu Badung Bali Land size: 150 sqm Building size: 110 sqm Building: 3 floors 4 Bedrooms 4 Bathrooms Enclosed living room & Kitchen 1 Living room downstair 1 Living room upstair Garden Private Parking Car Access Water: Drillwell Price IDR 250 million per year For other property and location information contact: Call/WhatsApp +62812xxxxxxxx,,Fauzi AhmadAgen IndependenNIB:170424019****,,https:/picture.rumah123.com/r123-images/300x300-crop/customer/437122/69a9bb7778410511569b111b0cb8f5a4.jpg,https://www.rumah123.com/properti/badung-canggu/for-rent-semi-villa-house-in-canggu-bali-hor41062193/
Villa 2 Bed Rooms Nusa Dua Halaman Luas dan Asri,Rp 260.000.000,year,https://www.rumah123.com/properti/badung-nusa-dua/villa-2-bed-rooms-nusa-dua-halaman-luas-dan-asri-vlr225361/,2,2,,,,Villa 1 lantai di Nusa Dua Badung. Disewakan di wilayah yang tenang. Dengan kategorinya adalah sebagai berikut: - Kamar Tidur: 2 - Kamar Mandi: 2 - Sertifikat: - Dan properti ini juga terdepan karena: - Full Furnished. - Adem & Sejuk. - Lingkungan Tenang dan Damai. - Properti Bisa Nego. Lokasi villa berikut terjangkau hanya selangkah menuju berbagai fasilitas utama dan menarik. Hanya Rp. 20.833.333 anda dapat langsung dapatkan villa strategis di daerah Nusa Dua ini. Tersedia juga untuk rental period Yearly.,,DSDian SulistyowatiAgen IndependenNIB:122400142****,,https:/picture.rumah123.com/r123-images/300x300-crop/customer/934186/b1aa80febf679429a4f089ab39c5e1e1.jpg,https://www.rumah123.com/properti/badung-nusa-dua/villa-2-bed-rooms-nusa-dua-halaman-luas-dan-asri-vlr225361/
Villa Mewah 3 Kamar Keramas Gianyar,Rp 250.000.000,year,Villa Mewah 3 Kamar Keramas Gianyar | vlr225360,3,3,,,,Sewa Villa Mewah 3 Kamar Keramas Gianyar Nikmati kemewahan dan kenyamanan di sebuah villa eksklusif yang terletak di Keramas Blahbatuh Gianyar. Dengan luas tanah 200m² dan bangunan 250m² villa ini menawarkan ruang yang luas dan fungsional sesuai untuk keluarga atau mereka yang mencari hunian premium di Bali. Villa ini dilengkapi dengan 3 kamar tidur masing-masing dengan kamar mandi dalam. Ditambah dengan toilet tamu ruang tamu yang elegan serta dapur modern yang lengkap. Fasilitas tambahan seperti area laundry gudang serta garasi juga tersedia untuk kenyamanan Anda. Salah satu fitur unggulan dari villa ini adalah kolam renang pribadi yang menambah kesan mewah ditambah dengan rooftop yang memberikan pemandangan indah sekeliling. Sistem listrik 7700 watt air sumur dengan dua pompa pendorong dan filter air memberikan kenyamanan dan ketenangan tinggal di villa ini. Selain itu fasilitas furnished lengkap mulai dari air heater Ariston 80 liter AC kulkas dispenser hingga sofa yang menambah kenyamanan hunian. Dengan harga sewa 250 juta per tahun villa mewah ini adalah pilihan menarik bagi Anda yang mencari hunian nyaman mewah dan penuh fasilitas di daerah Gianyar yang strategis. Lokasi Keramas Gianyar Luas tanah 200m2 Luas bangunan 250m2 3 kamar tidur 3 kamar mandi 1 toilet tamu gudang area laundry pool 4×8-15m garasi rooftop ruang tamu dapur Listrik 7700 watt Air sumur dan tandon 2 pompa pendorong (utama dan cadangan) dan filter air SHM No IMB ITR kuning Furnished Water heater central 80 liter ariston 1200 watt untuk semua kamar mandi AC Dipan Lemari Nakas Kulkas Kompor Dispenser air Sofa Harga 250 juta per tahun Extra free maintenance kolam taman dan sampah 1x seminggu,,HAN HSWCAgen KorporatNIB:912020578****,,https:/picture.rumah123.com/r123-images/300x300-crop/customer/1741417/93ce5c9073b63a93fa31cf9f08f8a326.jpg,https://www.rumah123.com/properti/gianyar-keramas/villa-mewah-3-kamar-keramas-gianyar-vlr225360/
Villa 2 Lantai 4 Kamar Pejeng Kaja Ubud Gianyar,Rp 600.000.000,year,Villa 2 Lantai 4 Kamar Pejeng Kaja Ubud Gianyar | vlr225359,4,4,,,,Sewa Villa 2 Lantai 4 Kamar Pejeng Kaja Ubud Gianyar Sewa Villa 2 Lantai di Pejeng Kaja Ubud Gianyar - sebuah hunian mewah yang menawarkan kenyamanan dan privasi di tengah keindahan alam Bali. Terletak hanya 250 meter dari jalan raya utama villa ini dikelilingi oleh hamparan sawah yang hijau memberikan suasana tenang dan sejuk yang sesuai untuk relaksasi atau liburan panjang. Dengan luas tanah 570m² dan bangunan seluas 350m² villa ini terdiri dari dua lantai yang dirancang modern dan elegan. Terdapat empat kamar tidur yang dilengkapi dengan kamar mandi dalam masing-masing memberikan kenyamanan maksimal bagi penghuni. Ruang tamu yang luas dapur lengkap serta balkon memberikan ruang lebih untuk bersantai atau berkumpul bersama keluarga. Taman kecil di belakang villa menambah kesan asri dan menenangkan. Untuk fasilitas tambahan villa ini juga memiliki kolam renang pribadi ukuran 12×35 meter dan carport yang cukup untuk dua mobil. Dengan harga sewa 600 juta per tahun dan deposit 10% villa ini merupakan pilihan menarik bagi Anda yang mencari hunian eksklusif dengan akses mudah ke pusat Ubud namun tetap memiliki privasi dan kedamaian alam Bali. Lokasi Pejeng Kaja Ubud Gianyar 250 meter ke jalan raya Dikelilingi sawah Luas tanah 570m2 Luas bangunan 350m2 2 lantai 4 kamar tidur 4 kamar mandi dalam 1 toilet tamu ruang tamu dapur balkon taman kecil di belakang carport untuk 2 mobil pool 12×35 Harga 600 juta per tahun Deposit 10% Keterangan Pajak sewa dan biaya notaris ditanggung penyewa,,HAN HSWCAgen KorporatNIB:912020578****,,https:/picture.rumah123.com/r123-images/300x300-crop/customer/1741417/0ea117cbfafcc69ac1a0914098c87925.jpg,https://www.rumah123.com/properti/gianyar-pejeng-kaja/villa-2-lantai-4-kamar-pejeng-kaja-ubud-gianyar-vlr225359/
Beautiful Villa With River Ricefield And Sunset View In Pantai Purnama Sukawati Gianyar,Rp 250.000.000,year,Beautiful Villa With River Ricefield And Sunset View In Pantai Purnama Sukawati Gianyar | Rumah123,3,2,428 m²,150 m²,Lainnya,6 Beautiful Villa With River Ricefield And Sunset View In Pantai Purnama Sukawati Gianyar 5 Minutes To Pantai Purnama 15 Minutes To Dyatmika School 25 Minutes To Grand Lucky Sanur 25 Minutes To Sanur Land Size 428m2 Building Size 150m2 3 Bedrooms 2 Bathrooms Living Room Kitchen & Dinning Area Staffroom & Bathroom Laundry Area Swimming Pool Carport For 2 Cars Sumur Bor Electricity 4400 Watt Semi Furnished Solahart Water Heater Ulin Wooden Floor & Roofing Extra land for garderning at riverside Building Permit (IMB 2021) IDR 250 Million/Year OR0108/V289/AD,,Deasy AngAgen Korporat,,https:/picture.rumah123.com/r123-images/300x300-crop/customer/796950/ea6b48ee95f88f64d25b1c181bb1a063.jpg,https://www.rumah123.com/properti/gianyar-gianyar/2-years-upfront-payment-beautiful-villa-with-river-ricefield-and-sunset-view-in-pantai-purnama-sukawati-gianyar-hor40629991/
Hidden Oasis Dua Lantai di Panjer - Villa Besar dengan Kolam 48 M² & 5 Kamar Tidur,Rp 350.000.000,year,Dauhpuri Kelod Denpasar,,4,,,,Bayangkan tinggal di sebuah villa privat dua lantai yang tenang luas dan siap huni-lengkap dengan kolam renang besar 48 m² di tengah kawasan strategis Panjer. Inilah hunian yang menyatukan kenyamanan resort dan fungsi rumah keluarga premium dalam satu alamat prestisius. Berdiri di atas lahan ±383 m² dengan bangunan megah ±328 m² villa ini menawarkan 5 kamar tidur yang tersebar cerdas untuk privasi maksimal. Bangunan utama memiliki 3 kamar tidur di lantai 2 termasuk kamar utama dengan kamar mandi dalam. Dua kamar lainnya berbagi satu kamar mandi. Di area dekat kolam terdapat 2 kamar tambahan (1 di lantai 1 & 1 di lantai 2) dengan kamar mandi terpisah-ideal untuk tamu atau keluarga besar. Plus kamar ART di lantai 1. Ruang tamu luas area bilas & toilet terpisah serta parkir hingga 3 mobil standar (atau 2 mobil besar) menjadikan villa ini sangat fungsional. Kondisi full furnished siap langsung ditempati tanpa ribet. Highlight Properti: Villa 2 lantai | Hadap Utara LT 383 m² | LB 328 m² (estimasi) 5 Kamar Tidur | 4 KM + 1 toilet + 1 ruang bilas Kolam renang 48 m² Bangunan utama + bangunan dekat kolam Kamar ART Listrik 7.700 watt | Air sumur bor Parkir 2 mobil besar / 3 mobil standar Full furnished SHM & IMB Ada Harga sewa: Rp 350 juta / tahun (nego) Cocok untuk keluarga besar ekspatriat atau Anda yang menginginkan hunian premium dengan nuansa resort-tanpa kompromi ruang & privasi. OL #50 PANJER260121,,WILLIAM (GINM)Agen KorporatNIB:912020578****,,https:/picture.rumah123.com/r123-images/300x300-crop/customer/4431079/64eed9fca836ce82cb83906a723b62c9.jpg,https://www.rumah123.com/properti/denpasar-dauhpuri-kelod/hidden-oasis-dua-lantai-di-panjer-villa-besar-dengan-kolam-48-m-5-kamar-tidur-vlr214608/
Villa Santai di Bumi Ayu - Hidup Tenang Lokasi Tetap Premium,Rp 250.000.000,year,https://www.rumah123.com/properti/denpasar-sanur/villa-santai-di-bumi-ayu-hidup-tenang-lokasi-tetap-premium-vlr213354/,2,3,,,,Terletak di kawasan Bumi Ayu villa ini menawarkan keseimbangan antara privasi dan akses kota. Cocok untuk pasangan profesional atau keluarga kecil yang menginginkan suasana santai tanpa harus menjauh dari pusat aktivitas. Dengan 2 kamar tidur + 2 kamar mandi dan 1 toilet tamu tata ruang terasa nyaman dan efisien. Kondisi semi-furnished memberi fleksibilitas untuk menambahkan sentuhan personal tanpa memulai dari nol. Highlight Villa: Luas Tanah: 150 m² Luas Bangunan: 140 m² 2 Kamar Tidur + 2+1 Kamar Mandi Hadap Barat Listrik 5.500 kWh Air sumur Semi-furnished Legalitas: SHM tersedia IMB: Tidak tersedia Harga Sewa: Rp 750000xxxxtahun OL #82 SANUR260118,,WILLIAM (GINM)Agen KorporatNIB:912020578****,,https:/picture.rumah123.com/r123-images/300x300-crop/customer/4431079/d87ce64ab5d9b28d4a62ad82a8c29dd4.jpg,https://www.rumah123.com/properti/denpasar-sanur/villa-santai-di-bumi-ayu-hidup-tenang-lokasi-tetap-premium-vlr213354/
Sanur Legacy Lease! Villa Full Furnished + Pool - Kontrak Panjang 26 Tahun di Jantung Sanur,Rp 6.000.000.000,year,Sanur Legacy Lease! Villa Full Furnished + Pool - Kontrak Panjang 26 Tahun di Jantung Sanur | vlr213406,3,4,,,,Bukan sekadar sewa ini adalah kesempatan mengamankan villa premium di Sanur dengan kontrak super panjang 26 tahun 5 bulan. Berlokasi di Jalan Pungutan Sanur - Denpasar Selatan villa ini menawarkan kenyamanan tinggal jangka panjang dengan nuansa resort tropis yang siap pakai. Dibangun di atas lahan 150 m² dengan bangunan 150.3 m² villa ini hadir full furnished memiliki 3 kamar tidur dengan 4 kamar mandi ruang tamu luas kolam renang pribadi serta garasi. Hadap selatan sirkulasi udara dan pencahayaan terasa optimal sepanjang hari. Dengan legalitas SHM & IMB lengkap properti ini sangat ideal untuk hunian jangka panjang expatriate living atau strategic long-term investment di kawasan Sanur yang stabil dan prestisius. Highlight Properti: Kontrak panjang 26 tahun 5 bulan (fixed price) Full furnished - tinggal masuk 3 KT + 4 KM Kolam renang pribadi Living room nyaman & layout efisien Garasi Listrik 7000 kWh | Air PAM Lokasi prime Sanur Denpasar Selatan Catatan Penting: Tidak bisa sewa per tahun Harga Rp 6 Miliar untuk keseluruhan masa sewa (26 tahun 5 bulan) OL #76 SANUR260118,,WILLIAM (GINM)Agen KorporatNIB:912020578****,,https:/picture.rumah123.com/r123-images/300x300-crop/customer/4431079/9b29b4db75248ebffa96320a5a7a57dc.jpg,https://www.rumah123.com/properti/denpasar-sanur/sanur-legacy-lease-villa-full-furnished-pool-kontrak-panjang-26-tahun-di-jantung-sanur-vlr213406/
FOR RENT UNIT TERAWAT NYAMAN 2 BR LOKASI BEST PREMIUM SEMINYAK,Rp 275.000.000,day,FOR RENT UNIT TERAWAT NYAMAN 2 BR LOKASI BEST PREMIUM SEMINYAK | vlr119326,2,2,,,,FOR RENT VILLA SEMINYAK Luas tanah : 286 m Luas bangunan : 102 m Kamar tidur: 2 Kamar mandi:2 Wc luar :1 - Swimming pool - Area kitchen set - Area living room - Garden - Carpot Listik : 4400 watt Air : sumur bor Cleaning 2x a week Linen changing 1x a week Pool maintenance 1x a week Wifi Price : 25 JT / monthly 275JT / yearly,,Yuliana cecilliaAgen KorporatNIB:812001416****,,https:/picture.rumah123.com/r123-images/300x300-crop/customer/1790887/952f5e608f84d80c7c8ffa0c64ea6add.jpg,https://www.rumah123.com/properti/badung-seminyak/for-rent-unit-terawat-nyaman-2-br-lokasi-best-premium-seminyak-vlr119326/
Villa Cerdas di Renon - Tinggal Lebih Lama Bayar Lebih Hemat,Rp 150.000.000,year,Renon Denpasar,2,3,,,,Villa ini berlokasi di Gang Pandawa Renon-area favorit untuk tinggal jangka panjang karena tenang rapi dan dekat ke pusat kota. Dengan 2 kamar tidur + 2 kamar mandi utama dan 1 toilet tamu villa ini ideal untuk pasangan keluarga kecil atau profesional yang ingin kenyamanan tanpa keramaian. Kondisi semi-furnished memberi fleksibilitas: cukup siap huni tapi tetap memberi ruang untuk personal touch Anda sendiri. Highlight Villa: Luas Tanah: ±200 m² Luas Bangunan: ±100 m² 2 Kamar Tidur + 2+1 Kamar Mandi Hadap Selatan Listrik 3.500 watt Air PDAM Semi-furnished DESTINATION (Estimasi Waktu Tempuh): 3 menit ke Jungle Paddle Sanur 5 menit ke Plaza Renon 6 menit ke Bali International Hospital (Sanur) 7 menit ke Bali Icon Beach Shopping Mall Sanur 8 menit ke Pelabuhan Sanur 20 menit ke Bandara Internasional Ngurah Rai 25 menit ke Kuta Legian & Seminyak 30 menit ke Pantai Nusa Dua 30 menit ke Canggu Skema Harga Fleksibel: 5+ Tahun: Rp 150 juta / tahun 3-4 Tahun: Rp 170 juta / tahun 1-2 Tahun: Rp 190 juta / tahun Semakin lama tinggal semakin besar penghematannya. OL #89 RENON260118,,WILLIAM (GINM)Agen KorporatNIB:912020578****,,https:/picture.rumah123.com/r123-images/300x300-crop/customer/4431079/b935d5fef118edd44df9233cb58eb4ad.jpg,https://www.rumah123.com/properti/denpasar-renon/villa-cerdas-di-renon-tinggal-lebih-lama-bayar-lebih-hemat-vlr213210/
For Rent Villa New Kertalangu Sanur Bali Full Furnish,Rp 370.000.000,year,For Rent Villa New Kertalangu Sanur Bali Full Furnish | vlr207690,3,3,,,,FOR RENT BRAND NEW VILLA IN KESIMAN KERTALANGU NEAR SANUR Land size : 200m2 Building size : 350 m2 Fully furnished Garage for 2 cars and bikes 3 master bedrooms with bathroom Maidroom and bathroom Laundry Store Rooftop Pool Garden Living room with TV Modern complete kitchen set and island dinning set Location : 10 min to Living world 5 min to Sanur International hospital 5 min to icon mall 5 min to Dyatmika International School Estimated Finish on 14 of jan 2026 PRICE : IDR 370 MILION/YEARS wenwen.property 0812xxxxxxxx,,WEN WENAgen KorporatNIB:912020578****,,https:/picture.rumah123.com/r123-images/300x300-crop/customer/4348172/d993057fa2a40c5ca5dc4cbfa0fe9125.jpg,https://www.rumah123.com/properti/denpasar-sanur/for-rent-villa-new-kertalangu-sanur-bali-full-furnish-vlr207690/
Villa 2 Kamar Full Furnish Dekat Pantai Berawa Jl,Rp 290.000.000,year,Canggu Badung,2,2,,,,ULTRA COZY PRIVATE VILLA FOR RENT - BERAWA AVAILABLE IMMEDIATELY for monthly or yearly rental. Discover an exclusive fully furnished private villa offering refined design premium comfort and absolute privacy ideally located in the prestigious Berawa area just moments from Nirvana Gym. VILLA HIGHLIGHTS: 	-	Elegant enclosed living area with sophisticated interior design - High-performance air conditioning - 68-inch smart TV - Custom-made ultra-luxury sofa (300 × 200 cm) 	-	Designer dining table accommodating up to 8 guests 	-	Soaring high ceilings creating a bright open and luxurious atmosphere 	-	Statement LED illuminated mirror 	-	2 spacious bedrooms each featuring a private en-suite bathroom - Bed 200x200 king size 	-	Two-level villa layout with a superb unobstructed view of nature 	-	Smart TVs with Netflix in every room 	-	Private swimming pool for total relaxation 	-	Fully equipped modern kitchen 	-	High-end furnishings and finishes throughout 	-	Private car parking 	-	Exceptional electricity capacity: 13000 W PREMIUM SERVICES INCLUDED: 	-	High-speed fiber internet TENANT RESPONSIBILITIES: 	-	Electricity water and gas consumption 	-	Personal daily living items RENTAL TERMS: 	-	Monthly: Rp 30 ml 	-	Yearly: Rp 290000000 Nego 	-	2-Year Lease: Rp 520000000 No pets allowed,,Ricca yulitaAgen KorporatNIB:230623011****,,https:/picture.rumah123.com/r123-images/300x300-crop/customer/1130069/30c7f40eca61861cac0e09118e890beb.jpg,https://www.rumah123.com/properti/badung-canggu/villa-2-kamar-full-furnish-dekat-pantai-berawa-jl-vlr222512/
Cozy Private Villa Dekat Pantai Berawa Canggu,Rp 30.000.000,month,Cozy Private Villa Dekat Pantai Berawa Canggu | vlr222511,,2,,,,ULTRA COZY PRIVATE VILLA FOR RENT - BERAWA AVAILABLE IMMEDIATELY for monthly or yearly rental. Discover an exclusive fully furnished private villa offering refined design premium comfort and absolute privacy ideally located in the prestigious Berawa area just moments from Nirvana Gym. VILLA HIGHLIGHTS: 	-	Elegant enclosed living area with sophisticated interior design - High-performance air conditioning - 68-inch smart TV - Custom-made ultra-luxury sofa (300 × 200 cm) 	-	Designer dining table accommodating up to 8 guests 	-	Soaring high ceilings creating a bright open and luxurious atmosphere 	-	Statement LED illuminated mirror 	-	2 spacious bedrooms each featuring a private en-suite bathroom - Bed 200x200 king size 	-	Two-level villa layout with a superb unobstructed view of nature 	-	Smart TVs with Netflix in every room 	-	Private swimming pool for total relaxation 	-	Fully equipped modern kitchen 	-	High-end furnishings and finishes throughout 	-	Private car parking 	-	Exceptional electricity capacity: 13000 W PREMIUM SERVICES INCLUDED: 	-	High-speed fiber internet TENANT RESPONSIBILITIES: 	-	Electricity water and gas consumption 	-	Personal daily living items RENTAL TERMS: 	-	Monthly: Rp 30 ml 	-	Yearly: Rp 290000000 Nego 	-	2-Year Lease: Rp 520000000 No pets allowed,,PBPindah Ke BaliAgen KorporatNIB:230623011****,,https:/picture.rumah123.com/r123-images/300x300-crop/customer/4393447/31fff20d1dbf940a244a63e2806f302d.jpg,https://www.rumah123.com/properti/badung-canggu/cozy-private-villa-dekat-pantai-berawa-canggu-vlr222511/
Siap Huni Villa 2 Kamar bisa Bulanan/Tahunan di Canggu,Rp 290.000.000,year,Siap Huni Villa 2 Kamar bisa Bulanan/Tahunan di Canggu | vlr222510,2,2,,,,ULTRA COZY PRIVATE VILLA FOR RENT - BERAWA AVAILABLE IMMEDIATELY for monthly or yearly rental. Discover an exclusive fully furnished private villa offering refined design premium comfort and absolute privacy ideally located in the prestigious Berawa area just moments from Nirvana Gym. VILLA HIGHLIGHTS: 	-	Elegant enclosed living area with sophisticated interior design - High-performance air conditioning - 68-inch smart TV - Custom-made ultra-luxury sofa (300 × 200 cm) 	-	Designer dining table accommodating up to 8 guests 	-	Soaring high ceilings creating a bright open and luxurious atmosphere 	-	Statement LED illuminated mirror 	-	2 spacious bedrooms each featuring a private en-suite bathroom - Bed 200x200 king size 	-	Two-level villa layout with a superb unobstructed view of nature 	-	Smart TVs with Netflix in every room 	-	Private swimming pool for total relaxation 	-	Fully equipped modern kitchen 	-	High-end furnishings and finishes throughout 	-	Private car parking 	-	Exceptional electricity capacity: 13000 W PREMIUM SERVICES INCLUDED: 	-	High-speed fiber internet TENANT RESPONSIBILITIES: 	-	Electricity water and gas consumption 	-	Personal daily living items RENTAL TERMS: 	-	Monthly: Rp 30 ml 	-	Yearly: Rp 290000000 Nego 	-	2-Year Lease: Rp 520000000 No pets allowed,,PBPindah Ke BaliAgen KorporatNIB:230623011****,,https:/picture.rumah123.com/r123-images/300x300-crop/customer/4393447/30c7f40eca61861cac0e09118e890beb.jpg,https://www.rumah123.com/properti/badung-canggu/siap-huni-villa-2-kamar-bisa-bulanantahunan-di-canggu-vlr222510/
Siap Huni Villa 2 Kamar Furnish di Berawa Canggu Jl,Rp 30.000.000,month,Siap Huni Villa 2 Kamar Furnish di Berawa Canggu Jl | vlr222508,,2,,,,ULTRA COZY PRIVATE VILLA FOR RENT - BERAWA AVAILABLE IMMEDIATELY for monthly or yearly rental. Discover an exclusive fully furnished private villa offering refined design premium comfort and absolute privacy ideally located in the prestigious Berawa area just moments from Nirvana Gym. VILLA HIGHLIGHTS: 	-	Elegant enclosed living area with sophisticated interior design - High-performance air conditioning - 68-inch smart TV - Custom-made ultra-luxury sofa (300 × 200 cm) 	-	Designer dining table accommodating up to 8 guests 	-	Soaring high ceilings creating a bright open and luxurious atmosphere 	-	Statement LED illuminated mirror 	-	2 spacious bedrooms each featuring a private en-suite bathroom - Bed 200x200 king size 	-	Two-level villa layout with a superb unobstructed view of nature 	-	Smart TVs with Netflix in every room 	-	Private swimming pool for total relaxation 	-	Fully equipped modern kitchen 	-	High-end furnishings and finishes throughout 	-	Private car parking 	-	Exceptional electricity capacity: 13000 W PREMIUM SERVICES INCLUDED: 	-	High-speed fiber internet TENANT RESPONSIBILITIES: 	-	Electricity water and gas consumption 	-	Personal daily living items RENTAL TERMS: 	-	Monthly: Rp 30 ml 	-	Yearly: Rp 290000000 Nego 	-	2-Year Lease: Rp 520000000 No pets allowed,,Eneng geulisAgen KorporatNIB:260424031****,,https:/picture.rumah123.com/r123-images/300x300-crop/customer/1975094/6388cf0de70e1bc475bd65f6272158ff.jpg,https://www.rumah123.com/properti/badung-canggu/siap-huni-villa-2-kamar-furnish-di-berawa-canggu-jl-vlr222508/
Villa Murah 2 Kamar Dekat Pantai Berawa Jl,Rp 290.000.000,year,Canggu Badung,,2,,,,ULTRA COZY PRIVATE VILLA FOR RENT - BERAWA AVAILABLE IMMEDIATELY for monthly or yearly rental. Discover an exclusive fully furnished private villa offering refined design premium comfort and absolute privacy ideally located in the prestigious Berawa area just moments from Nirvana Gym. VILLA HIGHLIGHTS: 	-	Elegant enclosed living area with sophisticated interior design - High-performance air conditioning - 68-inch smart TV - Custom-made ultra-luxury sofa (300 × 200 cm) 	-	Designer dining table accommodating up to 8 guests 	-	Soaring high ceilings creating a bright open and luxurious atmosphere 	-	Statement LED illuminated mirror 	-	2 spacious bedrooms each featuring a private en-suite bathroom - Bed 200x200 king size 	-	Two-level villa layout with a superb unobstructed view of nature 	-	Smart TVs with Netflix in every room 	-	Private swimming pool for total relaxation 	-	Fully equipped modern kitchen 	-	High-end furnishings and finishes throughout 	-	Private car parking 	-	Exceptional electricity capacity: 13000 W PREMIUM SERVICES INCLUDED: 	-	High-speed fiber internet TENANT RESPONSIBILITIES: 	-	Electricity water and gas consumption 	-	Personal daily living items RENTAL TERMS: 	-	Monthly: Rp 30 ml 	-	Yearly: Rp 290000000 Nego 	-	2-Year Lease: Rp 520000000 No pets allowed,,Eneng geulisAgen KorporatNIB:260424031****,,https:/picture.rumah123.com/r123-images/300x300-crop/customer/1975094/30c7f40eca61861cac0e09118e890beb.jpg,https://www.rumah123.com/properti/badung-canggu/villa-murah-2-kamar-dekat-pantai-berawa-jl-vlr222507/
Siap Huni Villa 2 Kamar Dekat Pantai Berawa Jl,Rp 290.000.000,year,https://www.rumah123.com/properti/badung-canggu/siap-huni-villa-2-kamar-dekat-pantai-berawa-jl-vlr222504/,,2,,,,ULTRA COZY PRIVATE VILLA FOR RENT - BERAWA AVAILABLE IMMEDIATELY for monthly or yearly rental. Discover an exclusive fully furnished private villa offering refined design premium comfort and absolute privacy ideally located in the prestigious Berawa area just moments from Nirvana Gym. VILLA HIGHLIGHTS: 	-	Elegant enclosed living area with sophisticated interior design - High-performance air conditioning - 68-inch smart TV - Custom-made ultra-luxury sofa (300 × 200 cm) 	-	Designer dining table accommodating up to 8 guests 	-	Soaring high ceilings creating a bright open and luxurious atmosphere 	-	Statement LED illuminated mirror 	-	2 spacious bedrooms each featuring a private en-suite bathroom - Bed 200x200 king size 	-	Two-level villa layout with a superb unobstructed view of nature 	-	Smart TVs with Netflix in every room 	-	Private swimming pool for total relaxation 	-	Fully equipped modern kitchen 	-	High-end furnishings and finishes throughout 	-	Private car parking 	-	Exceptional electricity capacity: 13000 W PREMIUM SERVICES INCLUDED: 	-	High-speed fiber internet TENANT RESPONSIBILITIES: 	-	Electricity water and gas consumption 	-	Personal daily living items RENTAL TERMS: 	-	Monthly: Rp 30 ml 	-	Yearly: Rp 290000000 Nego 	-	2-Year Lease: Rp 520000000 No pets allowed,,Astuti .Agen KorporatNIB:230623011****,,https:/picture.rumah123.com/r123-images/300x300-crop/customer/1180886/6388cf0de70e1bc475bd65f6272158ff.jpg,https://www.rumah123.com/properti/badung-canggu/siap-huni-villa-2-kamar-dekat-pantai-berawa-jl-vlr222504/
Private & Peachful 2 Bedroom Villa In Sanur,Rp 240.000.000,year,Private & Peachful 2 Bedroom Villa In Sanur | vlr209224,2,2,,,,Private & peachful 2 Bedroom Villa in Sanur Building area 200m2 Land area 250m2 2 Masterbedroom + Bathroom equipped Bathub Connect WIFI - instalation| Listrik 5500 - Water instalation | Large livingroom + small indoor backyard | 1 assistent room + toilet | Equipment room | Garage for 1 car + 3 motorcycle | Private Pool 35 m x 7 m | Terace with beautifull garden | Yearly rent IDR 240.000.xxx Advance payment Deposit security IDR 20.000.000 additional cost Cleaning pool 2x in a week Garbage fees Internet fees,,RindaAgen KorporatNIB:022020119****,,https:/picture.rumah123.com/r123-images/300x300-crop/customer/1352547/6664ac74696608e15e2c44696dc9e071.jpg,https://www.rumah123.com/properti/denpasar-sanur/private-peachful-2-bedroom-villa-in-sanur-vlr209224/
Cozy Private Villa 2 Bedrooms In Berawa Canggu Jl,Rp 290.000.000,year,Cozy Private Villa 2 Bedrooms In Berawa Canggu Jl | vlr222499,,2,,,,ULTRA COZY PRIVATE VILLA FOR RENT - BERAWA AVAILABLE IMMEDIATELY for monthly or yearly rental. Discover an exclusive fully furnished private villa offering refined design premium comfort and absolute privacy ideally located in the prestigious Berawa area just moments from Nirvana Gym. VILLA HIGHLIGHTS: 	-	Elegant enclosed living area with sophisticated interior design - High-performance air conditioning - 68-inch smart TV - Custom-made ultra-luxury sofa (300 × 200 cm) 	-	Designer dining table accommodating up to 8 guests 	-	Soaring high ceilings creating a bright open and luxurious atmosphere 	-	Statement LED illuminated mirror 	-	2 spacious bedrooms each featuring a private en-suite bathroom - Bed 200x200 king size 	-	Two-level villa layout with a superb unobstructed view of nature 	-	Smart TVs with Netflix in every room 	-	Private swimming pool for total relaxation 	-	Fully equipped modern kitchen 	-	High-end furnishings and finishes throughout 	-	Private car parking 	-	Exceptional electricity capacity: 13000 W PREMIUM SERVICES INCLUDED: 	-	High-speed fiber internet TENANT RESPONSIBILITIES: 	-	Electricity water and gas consumption 	-	Personal daily living items RENTAL TERMS: 	-	Monthly: Rp 30 ml 	-	Yearly: Rp 290000000 Nego 	-	2-Year Lease: Rp 520000000 No pets allowed,,Cindi SantosoAgen KorporatNIB:230623011****,,https:/picture.rumah123.com/r123-images/300x300-crop/customer/107508/30c7f40eca61861cac0e09118e890beb.jpg,https://www.rumah123.com/properti/badung-canggu/cozy-private-villa-2-bedrooms-in-berawa-canggu-jl-vlr222499/
Disewakan Villa One Gate di Jimbaran Bali,Rp 250.000.000,year,Disewakan Villa One Gate di Jimbaran Bali | vlr222477,,3,,,,Disewakan villa 3 kamar dlam komplex di jimbaran bali al include,,khoirul AnamAgen Independen,,https:/picture.rumah123.com/r123-images/300x300-crop/customer/970528/fb07c7950ec4e36f481f3402fa81aa6a.jpg,https://www.rumah123.com/properti/badung-jimbaran/disewakan-villa-one-gate-di-jimbaran-bali-vlr222477/
[Ams-001.Wld] Dijual - Residence Villa Furnished 3 Kamar di Dalung Permai Kuta Utara,Rp 29.000.000.000,year,Dalung Badung,3,3,200 m²,225 m²,SHM,DIJUAL - Residence Villa Furnished 3 Kamar di Dalung Permai Kuta Utara | Private Pool Property ID: AMS-001.WLD Located in: Perumahan Dalung Permai Kuta utara - Badung Villa eksklusif bergaya residence ini berada di kawasan favorit Dalung Permai Kuta Utara - Badung lingkungan tenang dan nyaman namun tetap dekat ke Canggu & Seminyak. Cocok untuk hunian keluarga villa pribadi maupun investasi passive income di Bali. Property Highlights - Private Swimming Pool - Full Furnished - Siap Huni - 2 Lantai - Layout Luas & Nyaman - 3 Kamar Tidur + 3 Kamar Mandi - Lingkungan Residence - Aman & Tenang - Akses Mudah ke Area Lifestyle & Pantai - SHM (Belum ada IMB) Property Specification - Property ID : AMS-001.WLD - Lokasi : Perum Dalung Permai Kuta Utara - Badung - Harga : Rp 2.900.000.xxx- - Luas Tanah : 200 m² - Luas Bangunan : 225 m² - Kamar Tidur : 3 - Kamar Mandi : 3 - Daya Listrik : 6.600 watt - Sumber Air : Sumur Bor - Orientasi : Utara - Legalitas : SHM (belum ada IMB) Fasilitas & Furnitur - Private Swimming Pool - Ruang Tamu - Ruang Keluarga - Ruang Dapur - Full Furnished: Air Conditioning Kitchen Set Sofa Bed Lemari Es Microwave Meja Makan Carport Daya Tarik Lokasi Lokasi super strategis untuk tinggal maupun investasi: - 8 menit ke Tiara Gatzu - 20 menit ke Kantor Pemkab Badung - 20 menit ke Pantai Canggu - 30 menit ke Pantai Seminyak Akses mudah ke sekolah cafe beach club pusat perbelanjaan dan area wisata favorit Bali. Benefit Utama - Siap Huni Tanpa Renovasi - Potensi Sewa Tinggi (Harian/Bulanan) - Lokasi Premium di Kuta Utara - Lingkungan Residence Aman & Nyaman - Nilai Properti Terus Naik Contact us Jangan lewatkan kesempatan memiliki villa residence furnished dengan private pool di Dalung Permai. Hubungi sekarang untuk: Info lengkap Video & foto detail Jadwal survei lokasi Unit terbatas - lokasi favorit cepat terjual! #villabali #villabalidijual #villabaliforsale #villabaliprivatepool #balivilla #balivillas #villaresidence #villabalisale #villabaliinvestment #villabalilife #villabaliseminyak #villacanggu #villasbali #villabaliprivate,,Bagus MaradiAgen IndependenNIB:130623008****,,https:/picture.rumah123.com/r123-images/300x300-crop/customer/43606/6f6bca6d89069990644b0bd577332bfd.jpg,https://www.rumah123.com/properti/badung-dalung/ams001wld-dijual-residence-villa-furnished-3-kamar-di-dalung-permai-kuta-utara-hor41013191/
New Villa Tumbak Bayuh Disewakan Dekat ke Canggu,Rp 200.000.000,year,New Villa Tumbak Bayuh Disewakan Dekat ke Canggu | Rumah123,2,2,300 m²,150 m²,Lainnya,Disewakan new villa tumbak bayuh dekat ke Canggu luas tanah 300 luas bangunan 150 2 kamar tidur 2 kamar mandi 1 open living room 1 kitchen private pool 3x7 garden rice field view kosongan harga 200 juta per th nego,,Dewi SulasmikaAgen KorporatNIB:812001416****,,https:/picture.rumah123.com/r123-images/300x300-crop/customer/1714710/8700c32d0aa341742b0160f4503acc4d.jpg,https://www.rumah123.com/properti/badung-tumbak-bayuh/new-villa-tumbak-bayuh-disewakan-dekat-ke-canggu-hor41012772/
Spacious Luxury 4 BR Villa At Umalas Kerobokan Near Canggu Bali,Rp 650.000.000,year,Spacious Luxury 4 BR Villa At Umalas Kerobokan Near Canggu Bali | vlr222436,4,4,,,,Spacious Luxury 4 BR Villa For Rent Experience the ultimate Bali just minutes from the heart of Canggu. Whether you're surfing sunbathing or exploring the local scene come home to elegance and comfort. *QUIET NEIGHBORHOOD* -⁠ ⁠2 stories -⁠ ⁠Land 600m2 -⁠ ⁠Bedrooms 4 en suite bathroom with television in each bedroom -⁠ ⁠extra working room -⁠ ⁠Televisions 4 -⁠ ⁠1 Open living room and 1 Closed living room -⁠ staff room and storage room -⁠ ⁠Pool 8x5 -⁠ ⁠Carport ( two car + 4 bike) -⁠ ⁠Full furnished -⁠ ⁠big garden Bumbakumalas -⁠ ⁠2 minutes to 7 A.M -⁠ ⁠5 minutes to Atlas & Finns beach club -⁠ ⁠10 minutes to Batu Bolong Price : IDR 65 million/month IDR 650million/year All include except electricity 5x a week cleaning 2x pool and gardener service Wifi Trash fee Banjar fee Available for visit,,WINDYAgen Independen,,https:/picture.rumah123.com/r123-images/300x300-crop/customer/1507601/b24a9631b0a3d54c31d6e810eab7f116.jpg,https://www.rumah123.com/properti/badung-umalas/spacious-luxury-4-br-villa-at-umalas-kerobokan-near-canggu-bali-vlr222436/
Villa Nyaman Lokasi Strategis Tenang di Sanur Denpasar Selatan,Rp 250.000.000,year,Villa Nyaman Lokasi Strategis Tenang di Sanur Denpasar Selatan | vlr222277,2,3,,,,DISEWAKAN VILLA NYAMAN - JL. BUMI AYU Lokasi Favorit - Tenang - Cocok Long Stay Villa di kawasan Bumi Ayu selalu jadi incaran Lingkungan nyaman akses mudah ke pusat aktivitas dan cocok untuk tinggal jangka panjang. Lokasi: Jl. Bumi Ayu Denpasar Selatan Area hunian & villa favorit Hadap Barat Spesifikasi Villa: - Luas Tanah: 150 m² - Luas Bangunan: 140 m² - 2 Kamar Tidur - 2 Kamar Mandi + 1 Toilet Tamu - Semi-Furnished - Layout villa nyaman & fungsional Fasilitas: - Listrik: 5.500 kWh - Air: Sumur Legalitas: ✅ SHM ❌ IMB (belum ada) Harga Sewa: Rp 250.000.xxx / Tahun Kenapa villa ini menarik? v️ Lokasi Bumi Ayu favorit expat & long stay v️ Semi-furnished v️ Lingkungan tenang & private v️ Cocok untuk sewa tahunan Villa di area Bumi Ayu cepat disewa! Minat serius? Hubungi sekarang sebelum diambil tenant lain. (bcb140126FSBO82),,NURIL (BPXN) IskandarAgen KorporatNIB:912020578****,,https:/picture.rumah123.com/r123-images/300x300-crop/customer/2157477/8ff1dc36f047da92e69cece83a8117d1.jpg,https://www.rumah123.com/properti/denpasar-denpasar-selatan/villa-nyaman-jl-bumi-ayu-denpasar-selatan-vlr222277/
Modern Villa In The Trendy Bingin Uluwatu,Rp 28.000.000.000,year,https://www.rumah123.com/properti/badung-uluwatu/modern-villa-in-the-trendy-bingin-uluwatu-vlr214111/,1,1,,,,Modern Villa in the Trendy Bingin Area Uluwatu ✅ Leasehold until June 23 2052 with a guaranteed extension of minimum of 10 years ✅ Located in Pondok Wisata (Pink) - Ideal for rental investment ✅ 5-minute drive to Bingin & Cemongkak Beach ✅ 1-5 minutes to Bingin's top hotspots (cafés restaurants and beach clubs) 1 mins to Kayu cafe uluwatu & NARA spa 2 mins to Gooseberry Restaurant ✅ Unit A-K (11 units villas) will be ready by end of Feb 2027 ✅ Fully furnished modern villas ✅ All villas have powder rooms on the ground floor & bedrooms on the second floor Available Units: Plot (1-Bedroom Villa 1 level) (Villa Avara Brisa Cala Duna Elva) * Land size: 72 m2 * Building size: 45 m2 * Pool: 7 m2 * Price: 2.8 bio Plot (1-Bedroom Villa 2 level) (Villa Isla Jiva Kora) * Land size: 81 m2 * Building size: 83 m2 * Pool: 8 m2 * Price: 3.4 bio Plot (2-Bedroom Villa 2 level Special) (Villa Flora) * Land size: 101 m2 * Building size: 110 m2 * Pool: 8 m2 * Price: 4.4 bio Plot (2-Bedroom Villa 2 level) (Villa Gaia Hara) * Land size: 101 m2 * Building size: 110 m2 * Pool: 8 m2 * Price: 4.4 bio FMI,,XM ParadiseAgen KorporatNIB:912030184****,,https:/picture.rumah123.com/r123-images/300x300-crop/customer/1373671/88542473e94cbdf6e6b716c336e6d597.jpg,https://www.rumah123.com/properti/badung-uluwatu/modern-villa-in-the-trendy-bingin-uluwatu-vlr214111/
Luxury Mediterranean Villa In Pererenan Canggu - 800M To The Beach,Rp 21.000.000.000,year,Luxury Mediterranean Villa In Pererenan Canggu - 800M To The Beach | vlr222424,4,4,500 m²,400 m²,SHM,Luxury Mediterranean Villa in Pererenan - 800m to the Beach Experience refined island living in this Modern Mediterranean Collage-style villa perfectly located in the heart of Pererenan just a short walk to the beach and surrounded by Bali's most popular cafés and dining spots. Set inside a gated residential complex this villa offers privacy elegance and generous space-ideal for families expats or long-term residents seeking a premium lifestyle near the ocean. Prime Location - Only 800 meters to Pererenan Beach - Walking distance to popular cafés & restaurants: BAKED St. Ali Touche Brunch Club and more - Quiet and secure gated community Property Details 	-	Land size: 500 sqm 	-	Building size: 400 sqm 	-	4 Bedrooms 	-	4 Bathrooms 	-	Maid bedroom + bathroom 	-	Service area 	-	Large garden & private swimming pool 	-	Parking for 2 cars Design & Lifestyle 	-	Modern Mediterranean collage architecture 	-	Bright open spaces with luxury finishes 	-	Spacious garden perfect for outdoor living & entertaining 	-	Large pool ideal for relaxing or hosting guests Rental Price Monthly: IDR 225 million (Minimum 6 months) Yearly: IDR 2.1 billion (Minimum 2 years) Yearly payment terms: To be discussed,,WINDYAgen Independen,,https:/picture.rumah123.com/r123-images/300x300-crop/customer/1507601/2db9372245334ff2e432f9bb73ba5d84.jpg,https://www.rumah123.com/properti/badung-pererenan/luxury-mediterranean-villa-in-pererenan-canggu-800m-to-the-beach-vlr222424/
Villa 3Br Modern With Ricefields View Located At Kerobokan Near Canggu Bali,Rp 380.000.000,year,Villa 3Br Modern With Ricefields View Located At Kerobokan Near Canggu Bali | vlr222408,3,3,,,,FOR RENT- KESAMBI KEROBOKAN VILLA 3BR MODERN WITH RICEFIELDS VIEW 5 minutes to SLK/ Lollypop School A stunning 3-bedroom modern villa in Kesambi Kerobokan offering the perfect balance of style and serenity with breathtaking rice field views right from your doorstep. Located in a peaceful yet strategic area this villa provides easy access to Canggu and Seminyak's trendy cafes restaurants and beaches making it an ideal choice for both long-term living and a relaxing Bali getaway. Details: Land size: 246 m2 Building size: 244 m2 SHM (Freehold) + IMB 2 storey building 3 bedrooms ensuite Swimming pool Living area Kitchen + Dining area Rooftop + Gazebo Carport for 1 car Electricity 7700 watt Carport for 1 car + 2/3 bike Fully furnished *4.5 metes road access. Nearby point of interest : 35 minutes to Ngurah Rai International Airport 15 minutes to Berawa Beach 10 minutes to Canggu Area 10 minutes to Seminyak 20 minutes to Pererenan PRICE: IDR 380 mill / Year,,WINDYAgen Independen,,https:/picture.rumah123.com/r123-images/300x300-crop/customer/1507601/965ac0fd47f742aab6b2c5d61033f70b.jpg,https://www.rumah123.com/properti/badung-kerobokan/villa-3br-modern-with-ricefields-view-located-at-kerobokan-near-canggu-bali-vlr222408/
Beautiful Villa Opposite Martial Art Padonan Canggu,Rp 200.000.000,year,Beautiful Villa Opposite Martial Art Padonan Canggu | vlr108855,2,3,150 m²,150 m²,SHM,Villa For Rent Badung For Rent - Beautiful Villa in Padonan Right Opposite MMA Padonan! Strategically located and beautifully designed this charming villa offers both comfort and convenience-just steps away from MMA Padonan and a short drive to Berawa and Canggu hotspots. Property Details: Land Size: 1.5 Are Building Size: 150 m² 2 Spacious Bedroom en suite Bathrooms There is 1 bathroom for rinsing off after swimming. Fully Furnished private pool free pool maintenance as long as you rent. Electricity: 6600 watts Water source: Ground well Annual Rent: IDR 200 mio per year perfect home for those seeking a stylish living space in a peaceful yet accessible neighborhood. Ideal for couples or small families. Contact us today to schedule a viewing!,,DUDIK (BPSB)Agen KorporatNIB:912020578****,,https:/picture.rumah123.com/r123-images/300x300-crop/customer/2106249/4ceead817801eed8480be6a13295392f.jpg,https://www.rumah123.com/properti/badung-tibubeneng/beautiful-villa-in-padonan-cangguright-opposite-mma-vlr108855/
Private Villa For Rent In Pererenan 24Hour Security,Rp 35.000.000,month,https://www.rumah123.com/properti/badung-pererenan/private-villa-for-rent-in-pererenan-24hour-security-vlr222390/,2,2,,,,VILLA FOR RENT IN PERERENAN 2 Bedrooms 2 Bathrooms Living Room Kitchen Pool Rooftop Parking Area Term and Condition: 1. Monthly rate is valid for guest who stayed with minimum 30 nights consecutively and pay the total amount at one time. 2. Yearly rate is valid for guest who stayed with minimum 365 nights consecutively and pay the total amount at one time. 3. Rate are inclusive of 10% Government Tax and agent's commission (10% for Daily& Monthly and 5% for Yearly) 4. CHECK IN / CHECK OUT: Check in is 14:00 Hrs and check out is 12:00 Hrs. Every effort will be made to accommodate requests for late check out. Otherwise a 50 % charge will apply for 18:00 Hrs Late Check Out and 100 % charge after 18:00 Hrs. Early check in will be granted the same courtesy if accommodations are available. Facility: 1. twice a week room cleaning (for Monthly and Yearly) including the daily replenishment of coffee and tea. 2. Free-flow drinking water with in- room water dispenser 3. Complimentary Wi-Fi connection. 4. Linen and towel changes to be conducted every three (3) nights. 5. 120Kwh Electricity allowance for every 30 nights ( for Monthly and Yearly ) 6. Linen and towel changes to be conducted every three (3) nights. Prime Location: - 5 minutes close to Obsidian Gym - 6 minutes close to Pererenan Beach - 15 minutes close to Batu Bolong Beach (La Brisa Club) - 45 minutes close to Airport Stevani 0812xxxxxxxx,,Stevani VentianaAgen KorporatNIB:812001614****,,https:/picture.rumah123.com/r123-images/300x300-crop/customer/2155083/d9d12e87600116c25e35f086e128d148.jpg,https://www.rumah123.com/properti/badung-pererenan/private-villa-for-rent-in-pererenan-24hour-security-vlr222390/
Villa Baru Dekat Ubud 2 Kamar Tidur dengan View Sawah dan Pool,Rp 250.000.000,year,Villa Baru Dekat Ubud 2 Kamar Tidur dengan View Sawah dan Pool | Rumah123,,2,100 m²,110 m²,Lainnya,Brand New 2-Bedroom Modern Minimalist Villa - Central Ubud ​Strategically located near Ubud Center this 2-story villa offers a premium living experience with iconic rice field views. Perfect for digital nomads or small families. ​Key Features: - ​Land/Building: 100m² / 110m² - ​Bedrooms: 2 Ensuite Bedrooms (upstairs for maximum privacy & view) - ​Living Area: Fully equipped kitchen & cozy living space on the 1st floor. - ​Facilities: Private pool dedicated laundry area guest toilet and carport. - ​Connectivity: Excellent car access. - ​Pricing & Inclusions: ✅ Monthly: IDR 23 Million Inclusions: 2x weekly cleaning pool service and high-speed WiFi. ✅ Yearly: IDR 250 Million (Negotiable) Villa only lease. ​Note: Electricity and personal laundry/linen are excluded. ​Don't miss out on this high-demand location! Contact us today for the Google Maps link and viewing schedule.,,Gusti ArikAgen Independen,,https:/picture.rumah123.com/r123-images/300x300-crop/customer/999072/32edec5664138e1bf11a57b9c12fc116.jpg,https://www.rumah123.com/properti/gianyar-tampaksiring/villa-baru-dekat-ubud-2-kamar-tidur-dengan-view-sawah-dan-pool-hor41011361/
Modern Beachside Villa - Only 500M From Padang Galak Beach Sanur Denpasar Bali,Rp 210.000.000,year,Modern Beachside Villa - Only 500M From Padang Galak Beach Sanur Denpasar Bali | vlr222375,2,2,,,,Modern Beachside Villa - Only 500m from Padang Galak Beach Sanur Experience the perfect mix of beachside lifestyle and modern comfort in this 3-storey villa just a short stroll from the ocean. Prime Location - 500m to Padang Galak Beach - 8 mins to Sanur Harbour - 8 mins to Bali Island School - 8 mins to Grand Lucky Sanur - 8 mins to Bali International Hospital - 10 mins to Icon Bali Mall Villa Features - Land size: 100 m² - 3-storey modern design - 2 bedrooms with ensuite bathrooms - 1 guest toilet - Bright open-plan living & kitchen area - Storage room - Private swimming pool - Rooftop with canopy & scenic view - Carport - Fully furnished Utilities - Electricity: 4400W - Well water - Water heater - 6-meter road access New Price: - IDR 210000000 / year - IDR 25000000 / month (minimum 6 months) Includes WiFi & pool maintenance only Note: There is ongoing construction in the surrounding area. DM to schedule a viewing or for more info!,,WINDYAgen Independen,,https:/picture.rumah123.com/r123-images/300x300-crop/customer/1507601/0f6b15b766df682e0d367011fb35842c.jpg,https://www.rumah123.com/properti/denpasar-sanur/modern-beachside-villa-only-500m-from-padang-galak-beach-sanur-denpasar-bali-vlr222375/
Disewakan Villa Baru Jadi Gress di Canggu,Rp 250.000.000,year,Disewakan Villa Baru Jadi Gress di Canggu | Rumah123,2,2,100 m²,105 m²,SHM,Rumah 2 lantai di Canggu Badung. For rent rumah di wilayah yang nyaman dengan pemandangan Dipinggiran kota. Properti 2 lantai ini berada di lingkungan Dipinggiran kota. Kategorinya adalah sebagai berikut: - Kamar Tidur: 2 - Kamar Mandi: 2 - Sertifikat: SHM - Sertifikat Hak Milik - Kondisi Perabotan: Semi Furnished Tidak hanya itu properti ini layak untuk anda dapatkan karena: - Dipinggiran kota. - Sejuk. - Properti Bisa Nego. - Lokasi Bebas Banjir. Keberadaan rumah ini strategis hanya selangkah menuju berbagai fasilitas utama dan menarik. Hanya Rp. 20.833.333 anda bisa langsung dapatkan rumah istimewa di daerah Canggu ini. Tersedia juga untuk rental period Yearly.,,Joiske LeksalaAgen KorporatNIB:912010324****,,https:/picture.rumah123.com/r123-images/300x300-crop/customer/1963907/4d0caadada179b19e878aa643756e428.jpg,https://www.rumah123.com/properti/badung-canggu/disewakan-villa-baru-jadi-gress-di-canggu-hor41011162/
Yearly Rental Luxury 3 bedrooms Villa in Berawa Canggu,Rp 650.000.000,year,Yearly Rental Luxury 3 bedrooms Villa in Berawa Canggu | Rumah123,3,4,500 m²,375 m²,SHM,Yearly Rental Luxury Villa Berawa Canggu: - Land size 500 - Building size 375m2 - ⁠2 storeys - ⁠3 bedrooms - ⁠4 bathrooms (3 bathtub) - ⁠1 maid room/ BOH - ⁠1 carport - ⁠1 kitchen - ⁠11x3.2m swimming pool - ⁠fully furnished - ⁠2 PLN/ electricity meter 7.700W x 2 - ⁠exclude: compulsory security & waste disposal fee banjar/ pecalang/ any local administration fee electricity water internet cable TV cleaning service - ⁠include: annual PBB pool & garden maintenance Rental price: 650juta/year - ⁠security deposit: 50juta,,Dwi PoernaAgen KorporatNIB:130224004****,,https:/picture.rumah123.com/r123-images/300x300-crop/customer/45741/e0179e3956c3694d6d328d8fb7ee2a27.jpg,https://www.rumah123.com/properti/badung-canggu/yearly-rental-luxury-3-bedrooms-villa-in-berawa-canggu-hor39284678/
Villa di Sewakan Sanur,Rp 265.000.000,year,Villa di Sewakan Sanur | vlr199059,2,2,,,,VILLA DI SEWAKAN SANUR Lokasi: Jl. Betngandang Sanur Tipe Properti: Villa Tipe Transaksi: Sewa Harga Sewa: Rp 265.000.xxx / tahun Legalitas: SHM IMB: Tidak ada Hadap: Utara Spesifikasi Properti Luas Tanah: 256 are Luas Bangunan: 105 m² Kamar Tidur: 2 Kamar Mandi: 2 Listrik: 4.400 VA Sumber Air: Sumur Garasi: 1 Furnished: Ya (Furnished) Keterangan Tambahan Villa nyaman dengan lokasi strategis di area Betngandang. Cocok untuk tinggal jangka panjang lingkungan tenang akses mudah ke area Sanur Bypass dan fasilitas umum.,,INTENAgen KorporatNIB:912020578****,,https:/picture.rumah123.com/r123-images/300x300-crop/customer/4372736/b9735a49449ac5d7c899a017e5f1fc4d.jpg,https://www.rumah123.com/properti/denpasar-sanur/villa-di-sewakan-sanur-vlr199059/
Diswakan Villa Pusat KotaLingkungan Tenang dan Nyaman di Mertasari Sanur,Rp 135.000.000,year,Diswakan Villa Pusat KotaLingkungan Tenang dan Nyaman di Mertasari Sanur | Rumah123,3,3,160 m²,150 m²,SHM,Rumah 2 lantai di Denpasar Selatan Denpasar. For rent rumah di wilayah yang asri dengan pemandangan Lokasi dipusat kota. Properti 2 lantai ini berada di lingkungan strategis. Kategorinya adalah sebagai berikut: - Kamar Tidur: 3 - Kamar Mandi: 3 - Sertifikat: SHM - Sertifikat Hak Milik - Kondisi Perabotan: Furnished Tentunya properti ini layak untuk dimiliki karena: - Lokasi dipusat kota. - Dekat Pusat Bisnis. - Sejuk. - City View. - Properti Bisa Nego. - Akses Jalan Muat 2 Mobil. Keberadaan rumah ini mudah dijangkau hanya selangkah menuju berbagai fasilitas utama dan menarik. Hanya Rp. 11.250.000 anda bisa langsung dapatkan rumah istimewa di daerah Denpasar Selatan ini. Tersedia juga untuk rental period Yearly.,,Joiske LeksalaAgen KorporatNIB:912010324****,,https:/picture.rumah123.com/r123-images/300x300-crop/customer/1963907/3f2498f12234a1b9f24364a1bf75afa5.jpg,https://www.rumah123.com/properti/denpasar-denpasar-selatan/diswakan-villa-pusat-kotalingkungan-tenang-dan-nyaman-di-mertasari-sanur-hor41010878/
Villa Modern View Sawah di Dekat Pantai Yeh Gangga Tabanan,Rp 173.000.000,year,Villa Modern View Sawah di Dekat Pantai Yeh Gangga Tabanan | vlr222353,2,3,,,,1 Menit ke Pantai Yeh Gangga View Sawah Luas tanah : 150m2 Luas bangunan : 73 m2 Jumah kamar tidur : 2 Jumlah kamar mandi : 3 Living room dan dapur Kolam renang 2x5 Listrik : 4400watt Sumber air : sumur Arah hadap rumah : barat Sertifikat : SHM Status sertifikat : on hand sewa tahunan Tidak termasuk Token listrik Laundry pribadi Include Pool cleaning 1 x seminggu Garden 1 x seminggu Housekeeping 1x seminggu Pick up sampah setiap 2 hari sekali,,Ida Bagus Made Surya PrabawaAgen KorporatNIB:121021004****,,https:/picture.rumah123.com/r123-images/300x300-crop/customer/4429941/3640a4aa3320f170df7ec3bb20ba2374.jpg,https://www.rumah123.com/properti/tabanan-tabanan/villa-modern-view-sawah-di-dekat-pantai-yeh-gangga-tabanan-vlr222353/
Private Villa With Natural Rice Field di Abianbase Mengwi,Rp 160.000.000,year,https://www.rumah123.com/properti/badung-mengwi/private-villa-with-natural-rice-field-di-abianbase-mengwi-vlr222331/,2,2,,,,EXCLUSIVE 2-BEDROOM DEWI SRI VILLA WITH NATURAL RIVER & RICE TERRACE VIEWS Sewa Villa VILLA UMA DEWI SRI GG DEWI SRI CICA ABIANBASE KEC MENGWI BADUNG - Badung LT 130 LB 120 KT 2 KM 2 Listrik 5500 SHM Hadap Utara,,Ida Bagus Made Surya PrabawaAgen KorporatNIB:121021004****,,https:/picture.rumah123.com/r123-images/300x300-crop/customer/4429941/fe18d3100a95c9e584d9b0e21a0879b2.jpg,https://www.rumah123.com/properti/badung-mengwi/private-villa-with-natural-rice-field-di-abianbase-mengwi-vlr222331/
Villa Modern di Ubud,Rp 265.000.000,year,Villa Modern di Ubud | vlr222326,3,3,,,,NEW MODERN LUXURY 3BRs VILLA FOR RENT di UBUD Kavana Villa di Ubud 3 + 1 Bedrooms W/ great tropical modern architecture villa concept +/- 10 mnts to Central Ubud +/- 10 mnts to Monkey Forest Details: SHM (freehold) IMB Land : 200m2 Building: 150m2 Facing North (Utara) Access road aspal 6m 3 Bedrooms 3 Ensuite Bathroom Full Furnished Airconditioner Waterheater Living & Dinning Area Swimming Pool Staff Bedroom Staff bathroom Storage room Sumur bor 7700 kwh + 4400 kwh Carport Rental price: Rp.265.000.xxx / year,,Liana (Nana)Agen IndependenNIB:210224034****,,https:/picture.rumah123.com/r123-images/300x300-crop/customer/45188/09ccaa6e4163acf287e4ee261111d82c.jpg,https://www.rumah123.com/properti/gianyar-ubud/villa-modern-di-ubud-vlr222326/
2 Bedroom Villa For Rent In Denpasar Prime Location,Rp 180.000.000,year,2 Bedroom Villa For Rent In Denpasar Prime Location | vlr222321,2,4,200 m²,175 m²,SHM,2 Bedroom Villa For Rent In Denpasar Prime Location A comfortable and well-designed villa located in a strategic area of Denpasar offering easy access to major destinations in Bali. Ideal for residential living. Property Details: Land size: 200 sqm Building size: 175 sqm 2 bedrooms with en-suite bathrooms 1 guest room Air conditioning Living room Fully equipped kitchen Private swimming pool Carport for 1 car Location Advantages: 15 minutes to Canggu 20 minutes to Seminyak 45 minutes to the airport Rental Price: IDR 180 Million /year Minimum rental period: 2 years Contact for more information and viewing: Venven 0812xxxxxxxx stevaniventiana569@********,,RE/MAX JAYA CANGGUAgen KorporatNIB:812001614****,,https:/picture.rumah123.com/r123-images/300x300-crop/customer/1964324/9fed4e36c45242b6c133dee6f8af7359.png,https://www.rumah123.com/properti/denpasar-denpasar-barat/2-bedroom-villa-for-rent-in-denpasar-prime-location-vlr222321/
3Br Villa For Rent In Canggu | Ar 666,Rp 350.000.000,year,3Br Villa For Rent In Canggu | Ar 666 | Rumah123,3,,306 m²,195 m²,Lainnya,******** Villa Information Security deposit required One floor building One gate access Electricity 5500 watt Open living room Ceiling fan One floor building Interne broadband Security deposit required 2 minutes drive to shops and restaurants 7 minutes drive to beach Outdoor Garden Water tower Outdoor shower Swimming pool Water pump Laundry place Living room Ceiling fan Satellite TV Internet broadband Kitchen Stove Water boiler Kitchen not equipped Bedroom Air con Console table Satellite TV Internet broadband Bathroom Bathtub Hot water Outdoor bathroom,,Uma Di Bali PropertiesAgen KorporatNIB:022020980****,,https:/picture.rumah123.com/r123-images/300x300-crop/customer/696941/bb81f4aefb7ecbc66b15495472bea5eb.jpg,https://www.rumah123.com/properti/badung-canggu/3br-villa-for-rent-in-canggu-ar-666-hor41010528/
Rumah Baru Siap Huni di Kesiman Kertalangu Denpasar,Rp 85.000.000,year,Rumah Baru Siap Huni di Kesiman Kertalangu Denpasar | Rumah123,2,2,100 m²,100 m²,Lainnya,RUMAH BARU SIAP HUNI DI KESIMAN KERTALANGU DENPASAR Sewa Rumah KESIMAN - Denpasar LT 100 LB 100 KT 2 KM 2 Listrik 3500 Rp 85.000.000 SHM Hadap Utara RUMAH BARU SIAP HUNI DI KESIMAN KERTALANGU DENPASAR DEKAT LIVING WORLD Disewakan Tahunan Rumah Baru - Kertalangu Rumah modern minimalis bernuansa semi villa di lingkungan tenang (gang buntu) cocok untuk hunian keluarga maupun profesional. Spesifikasi: - Luas tanah: 1 are - Carport 1 mobil + 2 motor - 2 kamar tidur - 2 kamar mandi + water heater - Dapur dengan kitchen set - Laundry area - Listrik 3500 VA - Air pompa - Bangunan baru - Akses mobil bisa papasan lebar jalan ±5 meter Lokasi: - Sangat dekat dengan jogging track Kertalangu (bisa jalan kaki) - 10 menit ke Living World Mall - 15 menit ke ICON Mall - 5 menit ke RS Dharma Yadnya - Dekat sekolah - Area bebas banjir Hunian nyaman dengan akses strategis dan suasana privat. Disewakan 85jt per tahun ******** Untuk foto dan keterangan properti bisa klik link yang ada di bawahnya. Hubungi: LUKE (LGCN0859xxxxxxxx Brighton Unity Canggu - Bali ********,,LUKE (LGCN)Agen KorporatNIB:912020578****,,https:/picture.rumah123.com/r123-images/300x300-crop/customer/2167419/c5c2eca6bce4fd4cc509c56144ccbb02.jpg,https://www.rumah123.com/properti/denpasar-denpasar-timur/rumah-baru-siap-huni-di-kesiman-kertalangu-denpasar-hor41010496/
Villa Modern Luxury di Ungasan View Ocean Dekat Pantai Melasti,Rp 15.000.000.000,year,https://www.rumah123.com/properti/badung-ungasan/villa-modern-luxury-di-ungasan-view-ocean-dekat-pantai-vlr116145/,4,5,,,,3 Unit New Luxury Villas in Ungasan Uluwatu with Ocean view for rent Each villa ; monthly : IDR 150 mio/month yearly : IDR 1.5 bio/year Specification each unit ; 3 level building	 Land size	: 330 m² Building size 	: 400 m²++ Bedrooms : 4 Master with 4 Master Bathrooms + 1 Bathrooms Sunken living room	: 55' Smart TV 4K UHD Dolby Atmos Up to 8 pax dinning table	 Wood dinning set Full equipped Kitchen with 	: Full Appliance Solid surface top. Pool	: 4 x 10 with waterfall Garden	: Automate Watering system Carport 	: 2 cars and 2 motorbikes Rooftop	: 360' view multifunction area Service area	: Laundry + extra space. (Capable to create 1 more badroom) Private area	: Private road entrance Design	: Luxury Tropical Modern Full furnished	: Luxury (best Material and Design) Electricity	: 11000 Watt Water	: PAM 2x 1000L water tank 2x 2400L water tank Water Heater	: 2 unit 100L water heater CCTV	: 4 unit Best Ungasan and Uluwatu Nature View and Tropical Breeze (best air in bali)	: 2nd floor 180deg ocean view. 3rd floor Rooftop with 360' Ocean view and Nature surrounding. Strategic location	: Melasti beach in 5 min Uluwatu in 30 min Bingin in 30 min Jimbaran in 20 min Nusa dua in 25 min Airport 30 min Surround by Best Beach and Nature in bali : Melasti Pandawa Gunung Payung Balangan Dream land Nyang Nyang Nunggalan etc 5 min to supermarket (Ithon & Pepito) minimarket (indomart alfamart minimart) local traditional market. 26/01/2026 Price Update Yearly : Rp 15 Billion (Negotable). Free Rp 20 Million Electricity + Free Wifi. Include: -	Cleaning 2x a week -	Pool Maintenance -	Daily Gardening monthly : Rp 150 Million Include: -	Cleaning 2x a week -	Pool Maintenance -	Daily Gardening Starting 2026 Villa open for 20 Year Leasehold Option for Rp 15 Billion nett (EXTENDABLE).,,ArsandiAgen IndependenNIB:230823011****,,https:/picture.rumah123.com/r123-images/300x300-crop/customer/1736096/a04bb994853ee92f725187df27c1798e.jpg,https://www.rumah123.com/properti/badung-ungasan/villa-modern-luxury-di-ungasan-view-ocean-dekat-pantai-vlr116145/
Villa Tropis 4+1 Bedroom Pet Friendly Full Furnished di Denpasar Selatan Strategis Dekat ke Renon & Sanur,Rp 150.000.000,year,Villa Tropis 4+1 Bedroom Pet Friendly Full Furnished di Denpasar Selatan Strategis Dekat ke Renon & Sanur,5,4,,,,TURUN HARGA - VILLA TROPIS 4+1 BEDROOM DI PUSAT BISNIS KOTA DENPASAR. DEKAT KE RENON & SANUR. BEBAS BANJIR FULL FURNISHED SIAP HUNI. JualSewa Villa JL TUKAD PANCORAN - Denpasar LT 200 LB 150 KT 4+1 KM 3+1 Dimensi 13.3 x 15 Listrik 5500 Harga : Jual Rp. 315 M turun jadi Rp. 29 M Sewa Rp. 150.000.xxx per tahun SHM Hadap Barat VILLA TROPIS MINIMALIS - FULL FURNISHED Jl. Tukad Pancoran Denpasar Selatan Dekat ke Renon & Sanur Dijual / Disewakan Villa 2 Lantai Kondisi bagus terawat & siap huni Spesifikasi Properti Luas Tanah: 200 m² Luas Bangunan: 150 m² Dimensi: 133 x 15 Hadap: Barat Akses jalan: 5 meter (2 mobil) Listrik: 5.500 watt Air: Sumur Bor Legalitas: SHM & PBG Pet Friendly (maks. 2 hewan kecil) ️ Fasilitas Utama 4 Kamar Tidur - lengkap dengan bed AC lemari meja kursi TV (Master Bedroom: kamar mandi dalam + bathtub + akses balkon) 2 Kamar Mandi luar Kolam Renang pribadi (8m x 3m) Ruang Tamu luas + sofa set & TV Ruang Makan + dining set & ceiling fan Dapur terbuka: kitchen set kompor kulkas cooker hood dispenser Ruang Laundry Fasilitas Tambahan Kamar tidur staf lengkap bed Meja tv kamar mandi staf Ruang service Dapur basah Carport 2 mobil + 2 motor Lokasi Strategis 10 menit -> Plaza Renon Mall 15 menit -> Icon Mall Dekat ke area bisnis hiburan dan pantai Harga Jual : Rp 2.900.000.xxx nego Harga Sewa: Rp 150 juta / tahun (nego) ✅ Termasuk perawatan kolam renang Masa sewa 2 - 10 tahun Deposit Rp 10 juta (tanpa hewan) Deposit Rp 20 juta (dengan hewan) Tertarik? Hubungi kami segera untuk informasi lebih lanjut & jadwalkan survey!,,JOSEPHINE (ZCPJ)Agen KorporatNIB:912020578****,,https:/picture.rumah123.com/r123-images/300x300-crop/customer/2161442/f58bf22cf64845371696a6de69123ed7.jpg,https://www.rumah123.com/properti/denpasar-panjer/villa-tropis-41-bedroom-pet-friendly-full-furnished-di-denpasar-selatan-strategis-dekat-ke-renon-sanur-vlr219637/
Beautiful Tropical Villa With Private Big Swimming Pool Garden And Office Room Very Quite Place In Mengwi Dalung,Rp 303.000.000,year,Dalung Badung,3,3,,,,3 BR Just yearly rentalNew beautiful tropical villa with private big swimming pool garden and office room very quite place 5 minute to Pepito kapal 20 minute to canggu 20 minute to ubud 10 minute to green school 50 minute to the airport and close to the bigest hospital in bali Close living room with ac 5 google tv and fully equipment kitchen Bedroom with ac and queen size bed wardrobe and working area Ensuit bathroom and shower And KOI fish pond Spacious garage Fully furnished Electricity 7700 watt Land size 400 M2 Building size 350 m2 Included pool cleaning and maintenace 2x/week Cleaning 2x/week Linen change 1x/week Gardening Internet free Garbage pick up 2x/week,,Ida Bagus Made Surya PrabawaAgen KorporatNIB:121021004****,,https:/picture.rumah123.com/r123-images/300x300-crop/customer/4429941/e4eda2635e4e9c45e73472eb4f07d017.jpg,https://www.rumah123.com/properti/badung-dalung/beautiful-tropical-villa-with-private-big-swimming-pool-garden-and-office-room-very-quite-place-in-mengwi-dalung-vlr222314/
Santorini 3 Beds Villa In Ungasan For Rent,Rp 30.000.000,month,Ungasan Badung,3,,,,,SANTORINI 3 BEDS VILLA IN UNGASAN FOR RENT Spec: -⁠ ⁠Landsize 173 m2 -⁠ ⁠Builtsize 147 m2 -⁠ ⁠3 bedroom -⁠ ⁠3 bathroom -⁠ ⁠Open living dining and kitchen area -⁠ ⁠Private pool -⁠ ⁠Wifi -⁠ ⁠Air sumur -⁠ ⁠fully furnished Strategically located: 9 min to GWK 9 min to New Kuta Golf 10 min to Dreamland 10 min to Padang Padng Beach 10 min to Melasti Beach 10 min to Sidewalk Jimbaran 13 min to Uluwatu Temple 20 min to Samasta Lifestyle Village Price: IDR 30 Million/month (Minimum rental period of 6 months),,HENRY SETIONOAgen KorporatNIB:912030184****,,https:/picture.rumah123.com/r123-images/300x300-crop/customer/1749310/0117cb8ff9a4a9fbc80e3ef4ccdacc07.jpg,https://www.rumah123.com/properti/badung-ungasan/santorini-3-beds-villa-in-ungasan-for-rent-vlr222154/
2 Storey Villa With 3 Bedrooms Furnished In West Side Sanur,Rp 230.000.000,year,2 Storey Villa With 3 Bedrooms Furnished In West Side Sanur | Rumah123,3,2,135 m²,135 m²,SHM,Villa for rent or for sale in west side sanur 2-story building Land area : 1.35 sqm 3 bedroom 2 bathroom Living room Kichen Pool Carport Selling point Dekat pusat perbelanjaan Dekat fasilitas kesehatan Dekat pantai pusat pendidikan Price : 230 million / year Price for sale : 4 billion,,CLARA (OGKU) (OGKU)Agen KorporatNIB:912020578****,,https:/picture.rumah123.com/r123-images/300x300-crop/customer/1433777/ecdc67b008e846e317be7604382f8f18.jpg,https://www.rumah123.com/properti/denpasar-sanur/2-storey-villa-with-3-bedrooms-furnished-in-west-side-sanur-hor41009957/
Disewakan New Luxury Villa Senja - Tanah Lot Bali (026),Rp 300.000.000,day,https://www.rumah123.com/properti/tabanan-tanah-lot/disewakan-new-luxury-villa-senja-tanah-lot-bali-026-vlr222300/,3,4,,,,Disewakan villa mewah terbaru berlokasi strategis di kawasan Tanah Lot Bali. Villa ini menawarkan kenyamanan premium dengan desain modern cocok untuk hunian pribadi maupun long stay bagi ekspatriat. Spesifikasi Villa: * Luas Bangunan: 200 m² * 3 Kamar Tidur + 1 Kamar Tambahan * 4 Kamar Mandi * Gudang * Kolam Renang Pribadi * Parkir Pribadi * Rooftop luas ukuran 7 x 10 m Fasilitas: * Seluruh tempat tidur dan furnitur baru * Internet kecepatan tinggi hingga 200 Mbps Lokasi Strategis: * 3 menit ke pusat kebugaran * 10 menit ke Luna Beach / Nyanyi Beach * 15 menit ke Kedungu Beach * 15 menit ke kawasan wisata Tanah Lot Villa baru dengan suasana tenang dan akses mudah ke berbagai destinasi favorit Bali. Harga sewa: Rp300.000.xxx per tahun (nego) Segera manfaatkan kesempatan memiliki hunian eksklusif di Bali. Untuk informasi lebih lanjut atau penjadwalan survei Segera hubungi kami tlpn/wa : Selvi 0812xxxxxxxx - sy,,Selvi ChristinAgen KorporatNIB:240821003****,,https:/picture.rumah123.com/r123-images/300x300-crop/customer/1872799/821a326dc5829c2ec83fab4ccde3faf6.jpg,https://www.rumah123.com/properti/tabanan-tanah-lot/disewakan-new-luxury-villa-senja-tanah-lot-bali-026-vlr222300/
Disewakan New Luxury Villa Senja - Tanah Lot Bali (026),Rp 300.000.000,day,https://www.rumah123.com/properti/tabanan-tanah-lot/disewakan-new-luxury-villa-senja-tanah-lot-bali-026-vlr222296/,3,4,,,,Disewakan villa mewah terbaru berlokasi strategis di kawasan Tanah Lot Bali. Villa ini menawarkan kenyamanan premium dengan desain modern cocok untuk hunian pribadi maupun long stay bagi ekspatriat. Spesifikasi Villa: * Luas Bangunan: 200 m² * 3 Kamar Tidur + 1 Kamar Tambahan * 4 Kamar Mandi * Gudang * Kolam Renang Pribadi * Parkir Pribadi * Rooftop luas ukuran 7 x 10 m Fasilitas: * Seluruh tempat tidur dan furnitur baru * Internet kecepatan tinggi hingga 200 Mbps Lokasi Strategis: * 3 menit ke pusat kebugaran * 10 menit ke Luna Beach / Nyanyi Beach * 15 menit ke Kedungu Beach * 15 menit ke kawasan wisata Tanah Lot Villa baru dengan suasana tenang dan akses mudah ke berbagai destinasi favorit Bali. Harga sewa: Rp300.000.xxx per tahun (nego) Segera manfaatkan kesempatan memiliki hunian eksklusif di Bali. Untuk informasi lebih lanjut atau penjadwalan survei Segera hubungi kami tlpn/wa : Vera 0857xxxxxxxx - sy,,Vera TandanuAgen KorporatNIB:240821003****,,https:/picture.rumah123.com/r123-images/300x300-crop/customer/1671151/821a326dc5829c2ec83fab4ccde3faf6.jpg,https://www.rumah123.com/properti/tabanan-tanah-lot/disewakan-new-luxury-villa-senja-tanah-lot-bali-026-vlr222296/
Rumah dengan Design Semi Villa Disewakan di Jimbaran Badung Area,Rp 240.000.000,year,Rumah dengan Design Semi Villa Disewakan di Jimbaran Badung Area | Rumah123,2,2,105 m²,80 m²,SHM,Disewakan Rumah Fully Furnished yang di Design Semi Villa Modern dan Sangat Nyaman. Berada di Cluster perumahan Premium yang sangat diminati oleh Warga Asing dan juga pendatang. Rumah 2 Lantai Lokasi Damara Village Jimbaran Luas Tanah: 105 m2 Luas Bangunan: 80 m2 Kamar tidur: 2 Kamar mandi: 2 Carport: 1 mobil dan 2 motor Hadap: Utara Listrik: 7700 Watt Air: PDAM AC: 3 Unit Harga Sewa: Rp. 240 Juta / tahun Minimal Sewa 2 tahun Bagi yang berminat dengan property ini dapat menghubungi Echa: 0815570xxxx,,Hendro Yuwono HailanaAgen KorporatNIB:812001614****,,https:/picture.rumah123.com/r123-images/300x300-crop/customer/1155934/3eae7b4f6662bd77e1d3d782f136297e.jpg,https://www.rumah123.com/properti/badung-jimbaran/rumah-dengan-design-semi-villa-disewakan-di-jimbaran-badung-area-hor41009805/
Siap Huni Villa 2 Kamar Furnish Dekat Pantai Berawa Jl,Rp 30.000.000,month,Canggu Badung,2,2,,,,ULTRA COZY PRIVATE VILLA FOR RENT - BERAWA AVAILABLE IMMEDIATELY for monthly or yearly rental. Discover an exclusive fully furnished private villa offering refined design premium comfort and absolute privacy ideally located in the prestigious Berawa area just moments from Nirvana Gym. VILLA HIGHLIGHTS: 	-	Elegant enclosed living area with sophisticated interior design - High-performance air conditioning - 68-inch smart TV - Custom-made ultra-luxury sofa (300 × 200 cm) 	-	Designer dining table accommodating up to 8 guests 	-	Soaring high ceilings creating a bright open and luxurious atmosphere 	-	Statement LED illuminated mirror 	-	2 spacious bedrooms each featuring a private en-suite bathroom - Bed 200x200 king size 	-	Two-level villa layout with a superb unobstructed view of nature 	-	Smart TVs with Netflix in every room 	-	Private swimming pool for total relaxation 	-	Fully equipped modern kitchen 	-	High-end furnishings and finishes throughout 	-	Private car parking 	-	Exceptional electricity capacity: 13000 W PREMIUM SERVICES INCLUDED: 	-	High-speed fiber internet TENANT RESPONSIBILITIES: 	-	Electricity water and gas consumption 	-	Personal daily living items RENTAL TERMS: 	-	Monthly: Rp 30 ml 	-	Yearly: Rp 290000000 Nego 	-	2-Year Lease: Rp 520000000 No pets allowed,,Juliany MegawatiAgen KorporatNIB:230623011****,,https:/picture.rumah123.com/r123-images/300x300-crop/customer/2045478/31fff20d1dbf940a244a63e2806f302d.jpg,https://www.rumah123.com/properti/badung-canggu/siap-huni-villa-2-kamar-furnish-dekat-pantai-berawa-jl-vlr222288/
2Br Villa Ready For Monthly/Yearly Near Brawa Beach Jl,Rp 290.000.000,year,https://www.rumah123.com/properti/badung-canggu/2br-villa-ready-for-monthlyyearly-near-brawa-beach-jl-vlr222284/,2,2,,,,ULTRA COZY PRIVATE VILLA FOR RENT - BERAWA AVAILABLE IMMEDIATELY for monthly or yearly rental. Discover an exclusive fully furnished private villa offering refined design premium comfort and absolute privacy ideally located in the prestigious Berawa area just moments from Nirvana Gym. VILLA HIGHLIGHTS: 	-	Elegant enclosed living area with sophisticated interior design - High-performance air conditioning - 68-inch smart TV - Custom-made ultra-luxury sofa (300 × 200 cm) 	-	Designer dining table accommodating up to 8 guests 	-	Soaring high ceilings creating a bright open and luxurious atmosphere 	-	Statement LED illuminated mirror 	-	2 spacious bedrooms each featuring a private en-suite bathroom - Bed 200x200 king size 	-	Two-level villa layout with a superb unobstructed view of nature 	-	Smart TVs with Netflix in every room 	-	Private swimming pool for total relaxation 	-	Fully equipped modern kitchen 	-	High-end furnishings and finishes throughout 	-	Private car parking 	-	Exceptional electricity capacity: 13000 W PREMIUM SERVICES INCLUDED: 	-	High-speed fiber internet TENANT RESPONSIBILITIES: 	-	Electricity water and gas consumption 	-	Personal daily living items RENTAL TERMS: 	-	Monthly: Rp 30 ml 	-	Yearly: Rp 290000000 Nego 	-	2-Year Lease: Rp 520000000 No pets allowed,,Hendrik OrissantoAgen KorporatNIB:230623011****,,https:/picture.rumah123.com/r123-images/300x300-crop/customer/2058229/7fcd20766bf38eb5b6d922661e1c7705.jpg,https://www.rumah123.com/properti/badung-canggu/2br-villa-ready-for-monthlyyearly-near-brawa-beach-jl-vlr222284/
2 Bedrooms Full Furnished Villa With Pool In Sanur Prime Area,Rp 200.000.000,year,2 Bedrooms Full Furnished Villa With Pool In Sanur Prime Area | vlr222283,2,2,,,,FOR RENT VILLA DI SANUR AREA PRIME LOCATION SPECIFICATION Land Size 120m2 Building Size 100m2 2 Ensuite bedrooms Enclosed Kitchen+Living Room Fully furnished 5500watt Well Deep Water Garage South Swimming Pool Rooftop Selling point: 5 minutes to Sanur Independet School 10 minutes to Sanur Beach 10 minutes to Renon 20 minutes to Toll Bali Mandara 30 minutes to Airport I Gusti Ngurah Raiminutes to Sanur Independet School 10 minutes to Sanur Beach 10 minutes to Renon 20 minutes to Toll Bali Mandara 30 minutes to Airport I Gusti Ngurah Rai Price : 200juta/ year,,CLARA (OGKU) (OGKU)Agen KorporatNIB:912020578****,,https:/picture.rumah123.com/r123-images/300x300-crop/customer/1433777/e2e7a9ff81b5c2d3eb1165ae4e7fb2da.jpg,https://www.rumah123.com/properti/denpasar-sanur/2-bedrooms-full-furnished-villa-with-pool-in-sanur-prime-area-vlr222283/
Villa Baru di Ungasan Ocean View,Rp 350.000.000,year,https://www.rumah123.com/properti/badung-kuta-selatan/villa-baru-di-ungasan-ocean-view-vlr222279/,2,2,200 m²,175 m²,SHM,DISEWAKAN VILLA ULUWATU UNGASAN BADUNG BALI DISEWAKAN Rp. 350 JT perTAHUN MIN SEWA 2 TAHUN LT : 200 M2 LB : 175 M2 SHM & IMB HADAP SELATAN VILLA 2 LANTAI + ROOFTOP FULL FURNISHED SWIMMING POOL R. TAMU DAPUR KAMAR TIDUR KAMAR MANDI LISTRIK 5.500 WATT AIR PDAM ( GROUND TANK 2.400 L ) PARKIR AREA AKSES JALAN 5 METER,,Meirina RajiantoAgen KorporatNIB:121021004****,,https:/picture.rumah123.com/r123-images/300x300-crop/customer/72508/ddf2b6093af7b658d1d00a10b08e1146.png,https://www.rumah123.com/properti/badung-kuta-selatan/villa-baru-di-ungasan-ocean-view-vlr222279/
Modern And Spacious Villa In Prime Location Close To Amenities,Rp 265.000.000,year,Kerobokan Badung,3,3,,,,Available for Rent 3 bedroom Villa with furnished. Located in Kedampang - Kerobokan Spesifikasi : Land size 200sqm Build area 150sqm 3 bedroom 3 bathroom 1 guest toilet/powder room Enclosed living room Kitchen Dining area Full Furnish Electrical power 7700w Water source: Ground water Private pool Carport Prime location: - 3 minutes to International school - 10 minutes to Umalas - 12 minutes to Seminyak area - 16 minutes to Canggu area Rental price: 265 million/year,,Ivan (IVM)Agen KorporatNIB:912020578****,,https:/picture.rumah123.com/r123-images/300x300-crop/customer/2011876/0e9cc85f1ac6d2577d3ea5891fe40336.jpg,https://www.rumah123.com/properti/badung-kerobokan/modern-and-spacious-villa-in-prime-location-close-to-amenities-vlr107544/
Full Furnished Villa,Rp 500.000.000,year,Denpasar Utara Denpasar,4,6,,,,Villa di Denpasar Utara Denpasar. Disewakan di wilayah yang tenang. Dengan rinciannya adalah sebagai berikut: - Kamar Tidur: 4 - Kamar Mandi: 6 - Sertifikat: - Dan properti ini juga pilihan tepat karena: - Full Furnished. - Siap Huni. - Dekat Pusat Perbelanjaan. - Dekat Akses Bandara. - Dekat Sekolah Internasional. - Dekat Tempat Wisata. - Dekat Fasilitas Kesehatan. - Dekat Universitas. - Dekat Sekolah Negeri. - Dekat Tempat Ibadah. - Dekat Taman Kota. - Dekat Landmark. - Kolam renang pribadi. - Private & tidak terganggu. - Villa Mewah. - Cocok untuk keluarga. - Cocok untuk rombongan. - Lokasi tenang & jauh dari keramaian. - Jacuzzi tersedia. Keberadaan villa ini strategis hanya selangkah menuju berbagai fasilitas utama dan menarik. Hanya Rp. 50.000.000 anda bisa langsung dapatkan villa eksklusif di daerah Denpasar Utara ini. Tersedia juga untuk rental period Yearly.,,henny rahmawatiPemilik Properti,,https:/picture.rumah123.com/r123-images/300x300-crop/customer/1425098/c7bcecee165c034810c849899ca35931.jpg,https://www.rumah123.com/properti/denpasar-denpasar-utara/full-furnished-villa-vlr222269/
Leasehold Investment Luxury Villas Near Dreamland & Bingin Beach,Rp 435.000.000.000,year,Kuta Selatan Badung,2,2,200 m²,190 m²,HGB,ALMAR VILLAS - LEASEHOLD INVESTMENT | SOUTH BALI A secure hassle-free villa investment designed for strong rental performance and long-term value located in one of South Bali's fastest-growing tourism areas. ⸻ LOCATION Palm Point South Bali Prime Bukit Area - close to Dreamland Bingin & Balangan Beaches New Kuta Golf Pecatu and lifestyle destinations. ✈️ Only ±30 minutes to Ngurah Rai International Airport ⸻ OWNERSHIP - 30-Year Leasehold - Guaranteed 25-Year Extension - Total control & long-term security for investors ⸻ VILLA OPTIONS 2 Bedroom Villa - Fully furnished - Private swimming pool - Rooftop area - Modern tropical-Mediterranean design - Building size ±190 m² - Land size ±200 m² Starting from IDR 4.35 Billion 3 Bedroom Villa - Fully furnished - Private swimming pool - Rooftop area - Spacious layout Starting from IDR 4.9 Billion ⸻ INVESTMENT HIGHLIGHTS - Estimated ROI up to 12.5% per year - Estimated net income up to IDR 545 Million / year - High-demand short & long-stay rental area - Ready-to-operate turnkey villas - Professional rental performance potential ⸻ ✨ WHY ALMAR VILLA - Strategic South Bali location - Strong rental demand & capital value growth - Timeless design with high-quality materials - Limited units available - Ideal for investors seeking passive income ⸻ SPECIAL OFFER Early bird pricing available Limited units only For full details ROI breakdown & site visit: WhatsApp: 0818xxxxxxxx Instagram: @chrisproperty.signature #CHRISPROPERTYSIGNATURE #SouthBaliVilla #BaliVillaInvestment #LeaseholdVillaBali #VillaForInvestment,,CHRIS PROPERTY SIGNATUREAgen IndependenNIB:898989009****,,https:/picture.rumah123.com/r123-images/300x300-crop/customer/1349761/9b74cf27210581f8d816aefb33d69ca2.png,https://www.rumah123.com/properti/badung-kuta-selatan/leasehold-investment-luxury-villas-near-dreamland-bingin-beach-hor40967690/
Villa Strategis Dekat Taman Rama School dan Pantai di Jimbaran,Rp 200.000.000,year,Villa Strategis Dekat Taman Rama School dan Pantai di Jimbaran | vlr222243,3,3,,,,Villa Strategis Dekat Taman Rama School Dan Pantai di Jimbaran 0402xxxxNO.289) (@Antowan) Detail Property Disewakan : Villa di Jimbaran Provinsi : Bali Kota : Badung Area : Jimbaran Nama Jalan : Sakura Regency Jimbaran Lebar Jalan : 6 meter Luas Tanah : 200 m² Luas Bangunan : 300 m² Lantai : 2 Kamar Tidur : 3 Kamar Mandi : 3 Ruang Tamu : Ada Dapur : Ada Kolam Renang : Ada Air Conditioner : Ada Full Furnished : Ada Air : Ada Daya Listrik : Ada Parkiran Mobil : Carport Legalitas : SHM Akses Jalan : Dua arah Lingkungan : Perumahan tenang & ramah keluarga Keutamaan - Lingkungan tenang aman dan ramah anak - Dekat Taman Rama School Jimbaran - Cocok untuk keluarga pasangan atau digital nomad - Akses strategis ke : - 21 minutes to Balangan Beach - 11 minutes to Rock Bar Bali - 8 minutes to Muaya Beach - 26 minutes to the airport - 11 minutes to GWK - 31 minutes to Dreamland Be Fasilitas - Kolam renang pribadi - AC & Water Heater - Dapur lengkap (kulkas/freezer) - Area parkir mobil (carport) Harga Rp 200.000.xxx / per tahun Nego halus,,HENDRIAgen KorporatNIB:230623011****,,https:/picture.rumah123.com/r123-images/300x300-crop/customer/1963996/f511e1b0e0f34f81485a932683147dc6.jpg,https://www.rumah123.com/properti/badung-jimbaran/villa-strategis-dekat-taman-rama-school-dan-pantai-di-jimbaran-vlr222243/
Ready To Live In Villa For Rent In Tumbak Bayuh Canggu,Rp 220.000.000,year,Ready To Live In Villa For Rent In Tumbak Bayuh Canggu | vlr222229,2,3,,,,Disewakan villa di tumbak bayuh canggu luas tanah :90m2 luas bangunan :150m2 listrik 5500 air sumur bor cctv wifi non furnished Villa for rent in Tumbak Bayuh Canggu Land area: 90m2 Building area: 150m2 Electricity 5500kJ Borehole water CCTV Wi-Fi Unfurnished,,SAN SAN (YBIX) (YBIX)Agen KorporatNIB:022010526****,,https:/picture.rumah123.com/r123-images/300x300-crop/customer/4359153/5407eaccd9c334dde402d4d1872fb3c8.jpg,https://www.rumah123.com/properti/badung-tumbak-bayuh/ready-to-live-in-villa-for-rent-in-tumbak-bayuh-canggu-vlr222229/
Villa Baru Fully Furnished Merk Toto dan Niro Dekat Pantai Saba,Rp 400.000.000,year,Saba Gianyar,3,3,,,,Villa Baru Fully Furnished Merk Toto dan Niro Dekat Pantai Saba 0402xxxxNO.288) (@Yuli) Detail Property 1.	Disewakan : 2 Unit Villa Brand New Fully Furnished di Saba Beach 2.	Lebar Jalan : 6 meter 3.	Luas Tanah : 250 m² 4.	Luas Bangunan : 250 m² 5.	Lantai : 2 6.	Villa 1 : Villa 1 - 1 Kamar Tidur 2 Lantai Mezanin Lantai 1 : - Ruang tamu tertutup: sofa 3 dudukan + 1 sofa bulat meja kopi meja TV TV 50 inci AC 2 PK - Dapur tertutup dengan island dan meja Quadra Top 3 kursi makan kompor & cooker hood kulkas 2 pintu microwave grill dispenser - Toilet tamu & wastafel dengan kabinet Lantai 2 (lantai parket) : - 1 kamar tidur besar dengan lemari pakaian luas & meja rias - 1 kamar mandi dalam dengan bathtub eksklusif TOTO & shower berdiri area shower terpisah kloset echowasher wastafel dengan kabinet - Balkon 7.	Villa 2 : Villa 2 - 2 Kamar Tidur 2 Lantai Mezanin Lantai 1 : - Ruang tamu tertutup: sofa 3 dudukan + 1 sofa bulat meja kopi meja TV TV 50 inci AC 2 PK - Dapur tertutup dengan island dan meja Quadra Top 3 kursi makan kompor & cooker hood kulkas 2 pintu microwave grill dispenser - 1 kamar mandi dengan bathtub eksklusif TOTO & shower berdiri area shower terpisah kloset echowasher wastafel dengan kabinet Lantai 2 (lantai parket) : - 2 kamar tidur masing-masing dilengkapi lemari pakaian & meja rias - BalkonRuang Tamu : Ada 8.	Parkiran Mobil : 2 unit 9.	Parkiran Motor : 4 unit 10.	Legalitas : SHM PBG SLF Keutamaan - Jalan kaki ±2 menit ke Pantai Saba - Seluruh perlengkapan sanitasi menggunakan merek TOTO - Lantai granit menggunakan merek NIRO Fasilitas - Kolam renang bersama ukuran besar - CCTV & WiFi security room - Garden & cabana - Carport luas Perlengkapan Elektronik - 2 unit TV LG 50 inci - 3 unit AC LG (1 PK) - 2 unit AC LG (2 PK) - 1 unit mesin cuci LG - 1 unit mesin pengering LG (kapasitas 100% kering) - 2 unit kulkas LG 2 pintu - 2 unit kompor Modena + cooker hood - 2 unit wastafel Modena tipe 2 dengan keran air panas & dingin - 2 unit dispenser Sanken - 2 unit microwave oven Harga Rp 2000000xxxx tahun atau Rp 400.000.xxx / tahun Rp 3000xxxxxxxx tahun Rp 4500xxxxxxxx tahun Rp 5000xxxxxxxx tahun,,HENDRIAgen KorporatNIB:230623011****,,https:/picture.rumah123.com/r123-images/300x300-crop/customer/1963996/1095fa4c80c7f068e227f78a4642ab81.jpg,https://www.rumah123.com/properti/gianyar-saba/villa-baru-fully-furnished-merk-toto-dan-niro-dekat-pantai-saba-vlr222232/
Newly Built 2 Bedroom Villas For Rent In Bumbak Umalas,Rp 230.000.000,year,https://www.rumah123.com/properti/badung-umalas/newly-built-2-bedroom-villas-for-rent-in-bumbak-umalas-vlr222210/,2,2,230 m²,180 m²,SHM,Newly Built 2 Bedroom Villas For Rent In Bumbak Umalas Two brand new villas located in a quiet yet strategic area of Bumbak Umalas offering comfortable living with excellent access to Canggu Berawa and Seminyak. Property Details (per unit): Land size: approximately 2.3 are (230 sqm) 2 bedrooms 2 bathrooms Living room Kitchen area Storage room (suitable for office use) Outdoor toilet Private closed garage for 1 car Road access width: 4 meters Facilities: Air conditioning Water heater Stove Unfurnished Rental Price: IDR 230 Million /year/unit Location Advantages: Strategically positioned with easy access to Canggu Berawa and Seminyak making it ideal for residential living. For details and viewing arrangements: Wulan 0812xxxxxxxx wyudiwibowo@********,,RE/MAX JAYA CANGGUAgen KorporatNIB:812001614****,,https:/picture.rumah123.com/r123-images/300x300-crop/customer/1964324/f735d244649149677d8f3fd672c8a45f.png,https://www.rumah123.com/properti/badung-umalas/newly-built-2-bedroom-villas-for-rent-in-bumbak-umalas-vlr222210/
Rumah Cantik Semi Villa Full Furnished Disewakan di Jimbaran Area,Rp 280.000.000,year,Rumah Cantik Semi Villa Full Furnished Disewakan di Jimbaran Area | Rumah123,2,2,170 m²,80 m²,SHM,Disewakan Rumah Fully Furnished yang di Design Semi Villa Modern dan sangat nyaman. Berada di cluster perumahan Premium yang sangat diminati oleh Warga Asing dan juga pendatang. Rumah 2 Lantai Lokasi: Damara Village Jimbaran Luas Tanah: 170 m2 Luas Bangunan: 80 m2 Kamar tidur: 2 Kamar mandi: 2 Carport: 1 mobil dan 2 motor Hadap: Utara Listrik: 7700 Watt Air: PDAM AC: 3 Unit Harga Sewa Rp. 280 Juta / tahun Minimal Sewa 2 tahun Bagi yang berminat dengan property ini dapat menghubungi Echa: 0815570xxxx,,Hendro Yuwono HailanaAgen KorporatNIB:812001614****,,https:/picture.rumah123.com/r123-images/300x300-crop/customer/1155934/5a90a7d789b7de5ad5a33b6c0acb7375.jpg,https://www.rumah123.com/properti/badung-jimbaran/rumah-cantik-semi-villa-full-furnished-disewakan-di-jimbaran-area-hor41008706/
Private Villa For Rent In Prime Umalas Canggu,Rp 450.000.000,year,Private Villa For Rent In Prime Umalas Canggu | vlr222168,3,3,500 m²,300 m²,SHM,Private Villa For Rent In Prime Umalas Canggu This well-maintained villa is located in the highly desirable Umalas area offering a comfortable living environment with easy access to Seminyak Canggu and Kerobokan. Property Details: Land size: 5 are (500 sqm) Building size: 3 are (300 sqm) 3 bedrooms with en-suite bathrooms Living room and kitchen area Storage room Staff toilet Parking space for 1 car Rental Price: IDR 450 Million /year Ideal for residential living in a quiet yet strategic neighborhood. For more information or to arrange a viewing: Wulan 0812xxxxxxxx wyudiwibowo@********,,RE/MAX JAYA CANGGUAgen KorporatNIB:812001614****,,https:/picture.rumah123.com/r123-images/300x300-crop/customer/1964324/376358ed2e2757ac49c0acb3c4543c87.png,https://www.rumah123.com/properti/badung-umalas/private-villa-for-rent-in-prime-umalas-canggu-vlr222168/
For Lease Brand New Sanur Sedap Malam Villa,Rp 180.000.000,year,For Lease Brand New Sanur Sedap Malam Villa | vlr222164,2,2,170 m²,105 m²,,For Lease  Brand New Sanur SEDAP MALAM Villa Surface area  Luas tanah 170 m² Building area Luas bangunan 105 m² 2 Bedroom 21 m²  ensuit bathroom 1 bathtube on Master bedroom Living room Fully furnish Kitchen set 4x12m2 Pool 75x 3m Listrik 7700VA Price 180 mill / year Min 5 years Long lease 30 tahun Rp 28B negotiable Info Lebih Lengkap Hubungi TRISAN Follow : @infopropertybali_,,TrisanAgen KorporatNIB:812001416****,,https:/picture.rumah123.com/r123-images/300x300-crop/customer/1715227/201106b3d0135efa8ab27f2eba669ac3.jpg,https://www.rumah123.com/properti/denpasar-denpasar-barat/for-lease-brand-new-sanur-sedap-malam-villa-vlr222164/
Villa Lumbung Buduk Canggu For Rent,Rp 300.000.000,year,Villa Lumbung Buduk Canggu For Rent | vlr221907,2,2,,,,Villa Lumbung Buduk Canggu 2 stories 2 bedroom 2 bathroom Enclosed Living Kitchen ✨ Inclusions: - WiFi - Water usage - Cleaning 2 x per week - Sampah - Pool - Banjar Exclude: - Electricity - Laundry Rental 300 million/year hst,,XM ParadiseAgen KorporatNIB:912030184****,,https:/picture.rumah123.com/r123-images/300x300-crop/customer/1373671/63eb0ac30c7300cf21371bc9054c42ff.jpg,https://www.rumah123.com/properti/badung-canggu/villa-lumbung-buduk-canggu-for-rent-vlr221907/
3Br Villa Sanur Area Yearly Rental [Sbp 1458],Rp 230.000.000,year,3Br Villa Sanur Area Yearly Rental [Sbp 1458] | vlr197454,3,3,,,,WEST BYPASS SANUR - YEARLY RENTAL Price: IDR 230.000.xxx / year A beautiful 3-bedroom villa with all ensuite bathrooms located at the end of a quiet gang-away from noise and just 100 meters off the Bypass. The property is conveniently close to Liga Tennis and only a 5-minute ride to the beach. Property Features: Land size: 2.6 are Building size: 1.6 are Power: 5500 kWh Well water 3 bedrooms 3 bathrooms Ac in each room Swimming pool (3 × 7 m) Laundry room Storage room Furnished Carport for 2 cars Perfect for those seeking comfort and convenience in the Sanur area.,,Ni Made OrniariAgen Independen,,https:/picture.rumah123.com/r123-images/300x300-crop/customer/1709859/1b5ab74d576811afe02fa88a93add508.jpg,https://www.rumah123.com/properti/denpasar-sanur/3br-villa-sanur-area-yearly-rental-sbp-1458-vlr197454/
Villa 4 Kamar Tidur dengan Suasana yang Tenang di Pantai Lyma Badung,Rp 350.000.000,year,Villa 4 Kamar Tidur dengan Suasana yang Tenang di Pantai Lyma Badung | vlr218493,,5,,,,disewakan villa di jalan utama babadan atau dikenal dengan nama pantai lyma. Villa yang nyaman yang sesuai untuk keluarga .adapun spesifikasi dari villa tersebuat adalah sebagai berikut : 4 kamar tidur dilengkapi kamar mandi didalamnya water heater air sumur Bor Listrik 5500 harga sewa tahunan adalah 350 juta. villa ini disewakan fully furnished.,,DUDIK (BPSB)Agen KorporatNIB:912020578****,,https:/picture.rumah123.com/r123-images/300x300-crop/customer/2106249/5099c796554b59461b1acf157498ea5a.jpg,https://www.rumah123.com/properti/badung-canggu/villa-sewa-canggu-vlr218493/
Disewakan Villa 2 Kamar - Lokasi Umalas,Rp 330.000.000,year,Kerobokan Kelod Badung,2,3,,,,Luas tanah : 200 m2 Luas Bangunan : 180 m2 K. Tidur 2 | K. Mandi 3 | Swimming pool | 2 Lantai | 7.700 VA | Area parkir | Fully Furnished | ⁠1 study room with sofa bed | ⁠Sun bathing deck | Storage room | Laundry room | 1 Family room Area komersial & hunian dengan aktivitas tinggi Lingkungan berkembang pesat dengan demand tinggi Akses jalan lebar mobil & motor mudah masuk BC40 Harga : Rp330.000.xxx/Tahun Lokasi : Kerobokan Kelod Kabupaten Badung Bali,,SUJAD mikoAgen IndependenNIB:190324000****,,https:/picture.rumah123.com/r123-images/300x300-crop/customer/1114540/2925a29354d1099f6f15adffbdbf3079.jpg,https://www.rumah123.com/properti/badung-kerobokan-kelod/disewakan-villa-2-kamar-lokasi-umalas-vlr222137/
2Br Quiet Villa With Shared Pool,Rp 260.000.000,year,Denpasar Selatan Denpasar,2,1,5000 m²,91 m²,Hak Sewa,This strategically located villa complex in Sanur offers 9 units with 24-hour security providing a safe and serene environment. Just a few minutes' walk to the beach it is also conveniently close to major sightseeing spots: 40 minutes to Ubud and 30 minutes to Seminyak. Complex Overview This nine-villa complex spans a total land size of 5000㎡. Each villa is designed to make you feel at home featuring high gates with round-the-clock security. The villa you will stay in has a total building size of 91㎡. Villa Features The villa includes a spacious bedroom a cozy living room and access to a huge shared swimming pool perfect for relaxation. The large terrace overlooks lush tropical gardens offering a peaceful retreat. The living room adjoins a well-equipped kitchen allowing you the option to cook your own meals or try out Indonesian recipes. Facilities - Spacious terrace with garden view - Living room with equipped kitchen - Large parking area that can accommodate 4 cars and several motorbikes This villa complex is perfect for those seeking a convenient and comfortable stay in the heart of Sanur.,,PBPure Land Property BaliAgen KorporatNIB:190923010****,,https:/picture.rumah123.com/r123-images/300x300-crop/customer/2168946/5f2f52c6c5a605a0d50af6a53f00fdb7.png,https://www.rumah123.com/properti/denpasar-denpasar-selatan/2br-quiet-villa-with-shared-pool-hor40095912/
Disewakan Cepat Rumah 3 Kamar Lokasi Strategis Badung,Rp 95.000.000,year,Disewakan Cepat Rumah 3 Kamar Lokasi Strategis Badung | Rumah123,3,2,170 m²,130 m²,Hak Sewa,Luas tanah : 170 m2 Luas Bangunan : 130 m2 K. Tidur 3 | K. Mandi 2 | Water Heater | 1 Lantai | 3.600 VA | Garasi 1 Motor | Full Furnished | 1 Lantai Kawasan hunian & villa yang tenang nyaman dan berkembang pesat Lingkungan asri cocok untuk tempat tinggal maupun investasi villa sewa Dekat cafe restoran minimarket gym dan fasilitas lifestyle BC37 Harga : Rp95.000.000/Tahun NEGO Rp.175000xxxx Tahun NEGO Lokasi : Tibubeneng Kabupaten Badung Bali,,SUJAD mikoAgen IndependenNIB:190324000****,,https:/picture.rumah123.com/r123-images/300x300-crop/customer/1114540/230d6560908041fe68a3ee9eb8304de0.jpg,https://www.rumah123.com/properti/badung-tibubeneng/disewakan-cepat-rumah-3-kamar-lokasi-strategis-badung-hor41007501/
Disewakan Villa Super Nyaman Modern Minimalis di Kedungu Tabanan,Rp 325.000.000,year,Disewakan Villa Super Nyaman Modern Minimalis di Kedungu Tabanan | vlr222091,,3,,,,For Rent Cemara House at Kedungu Tabanan Land size : 175 m2 Building size : 150m2 3 bedrooms 3 bathroom 1 powder rooms Indoor Kitchen & Living Outdoor dinning (under roof) Pool 3 x 8 meter 2 carport STUNNING RICE PADI VIEW 7 minutes Kedungu Beach 5 minutes jungle padel kedungu 5 minutes international school 10 minutes tanah lot temple 10 minutes Nyanyi beach and Nuanu beach club 20 minutes canggu centre For Rent : - 1 month IDR 35 million - 6 months IDR 180 million - 12 months (annualy) IDR 325 million - excl rent tax Include : - kebersihan ( cleaning ) 2x per week @3 hours per session - ⁠internet monthly by biznet - ⁠pool maintenance (8x per month) - ⁠garden 1x A MONTH,,ErlisAgen KorporatNIB:121021004****,,https:/picture.rumah123.com/r123-images/300x300-crop/customer/2098736/6f4c50c8fe7de0375fccff2ef233c97b.jpg,https://www.rumah123.com/properti/tabanan-kedungu/disewakan-villa-super-nyaman-modern-minimalis-di-kedungu-tabanan-vlr222091/
Sewa Villa 3 Kamar di Seminyak,Rp 350.000.000,year,Sewa Villa 3 Kamar di Seminyak | vlr222089,,3,,,,For rent monthly yearly 3BR second floor in jalan mertanadi seminyak *1st floor** Enclosed Livingroom Enclosed kitchen Pool + Shower Small garden Storage Guest toilet Room staff ( maids room ) Toilet staff Garage *2nd floor* 3 BR ensuite bathroom Gazebo Terrace Road Access paving 5 meters 50 meters enter from the main road of mertanadi 5 menit to go to kudeta beach and the shopping center of seminyak The price is Yearly 350 million Monthly 40 million,,TURAHAgen Independen,,https:/picture.rumah123.com/r123-images/300x300-crop/customer/1656925/c70f6e95a2b482f0ec7c0fe8246a528f.jpg,https://www.rumah123.com/properti/badung-seminyak/sewa-villa-3-kamar-di-seminyak-vlr222089/
Villa Canggu Tibubeneng,Rp 275.000.000,year,Villa Canggu Tibubeneng | vlr222084,,3,,,,Jual/ sewa: Sewa Harga: 275jt/thn min 2 tahun Refundable security deposit 10% Luas tanah : 200 m² Luas bangunan: 200 m² Sertifikat : SHM IMB Tahun: 2011 Berapa lantai: 2 Kamar tidur: 3 Kamar mandi: 3 Fully furnished/ non/ semi: Fully Furnished Carport/garasi: 1 Listrik: 10.600 Va Air: PDAM Hadap: Barat Lebar Akses jalan: 6m Keterangan tambahan : - Storage room/Kamar staff - Toilet staff,,Puspanaung Dwiliany DwilianyAgen KorporatNIB:121021004****,,https:/picture.rumah123.com/r123-images/300x300-crop/customer/72779/b226f1cc20a4181ade00becebb09c4df.jpg,https://www.rumah123.com/properti/badung-tibubeneng/villa-canggu-tibubeneng-vlr222084/
Di Sewakan Villa di Canggu_ Cemagi,Rp 15.000.000,day,Di Sewakan Villa di Canggu_ Cemagi | vlr216692,1,2,,,,BRAND NEW 1BR PRIVATE POOL VILLA - MUNGGU Balinese style same-day check-in possible silent peaceful (end of dead-end street) Location: Munggu (near Cemagi & Seseh Beach) ******** ******** _____ Price: - IDR 1.5 mil / day - IDR 25 mil / month - IDR 150 mil / year ⸻ Villa Details: - Brand new 1BR studio - all-in-one space (bedroom living room & kitchen) - Fully equipped kitchen - Big dining table - perfect for dining or working - 1 bathroom with wardrobe & glass-separated outdoor shower - Private swimming pool - Peaceful & quiet area not busy ⸻ Nearby (within 200m): - Bali & sushi restaurants - Laundry - Convenience store & supermarket - Main road: Jl. By Pass Tanah Lot ⸻ ✨ Included in the price: - Fast Wi-Fi - Smart TV - Water dispenser (hot & cold) - Cleaning 2×/week - Linen & towel change 1×/week ️ - Pool & garden maintenance 2×/week,,KOMANG HERMA (BPXO)Agen Independen,,https:/picture.rumah123.com/r123-images/300x300-crop/customer/2117917/3b0728d7c59d861c02d9c3f35872b699.jpg,https://www.rumah123.com/properti/badung-canggu/di-sewakan-villa-di-canggu-cemagi-vlr216692/
Rumah Kayu 2 Lantai 2 Kamar Dasong Bedugul Tabanan,Rp 115.000.000,year,Rumah Kayu 2 Lantai 2 Kamar Dasong Bedugul Tabanan | Rumah123,2,2,200 m²,104 m²,SHM,Leasehold Rumah Kayu 2 Lantai 2 Kamar Dasong Bedugul Tabanan Tersedia rumah kayu dua lantai yang indah di lokasi yang tenang dan sejuk di Dasong Bedugul Tabanan. Rumah ini terletak hanya 500 meter dari Danau Buyan memberikan suasana alam yang memikat dan akses mudah ke tempat wisata. Dekat dengan restoran bar dan Indomaret Anda akan menikmati kenyamanan hidup dengan segala fasilitas yang dibutuhkan di sekitar. Dengan luas tanah 200m² dan luas bangunan 104m² rumah ini menawarkan ruang yang nyaman. Dibangun di atas dimensi 10×20 meter desain dua lantainya memberikan privasi dan kenyamanan maksimal. Lantai dasar mencakup sebuah kamar tidur berukuran 4×4 meter balkon dapur dan kamar mandi. Lantai atas memiliki konfigurasi serupa dengan kamar tidur balkon dapur dan kamar mandi menciptakan ruang yang cocok untuk keluarga atau sebagai villa sewa. Rumah ini disewakan dalam berbagai pilihan masa sewa: 5 tahun 10 tahun 15 tahun atau 20 tahun dengan harga yang sangat kompetitif. Menyewa rumah ini memberi Anda kesempatan untuk menikmati kenyamanan hidup di Bali dengan pemandangan alam yang menakjubkan dan akses mudah ke berbagai tempat wisata restoran dan fasilitas. Harga sewa: 5 tahun: USD 35000 (IDR 5775 juta) 10 tahun: USD 50000 (IDR 825 juta) 15 tahun: USD 65000 (IDR 10725 milyar) 20 tahun: USD 80000 (IDR 132 milyar) Rumah kayu Lokasi Dasong Bedugul Tabanan 500 meter ke Danau Buyan Dekat resto dan bar Dekat Indomaret Unfurnished Luas tanah 200m2 Dimensi 10×20 Luas bangunan 104m2 2 lantai Lantai dasar Kamar 4×4 Balkon 2×4 Dapur 2×4 Kamar mandi 2×4 Lantai atas Kamar 4×4 Balkon 2×4 Dapur 2×4 Kamar mandi 2×4 Sewa 5 tahun harga USD 35rb / IDR 5775 juta Sewa 10 tahun harga USD 50rb / IDR 825 juta Sewa 15 tahun harga USD 65rb / IDR 10725 milyar Sewa 20 tahun harga USD 80rb / IDR 132 milyar 1 USD = 16500 IDR,,HAN HSWCAgen KorporatNIB:912020578****,,https:/picture.rumah123.com/r123-images/300x300-crop/customer/1741417/7deeed594da00eedb8ac521430cebd17.jpg,https://www.rumah123.com/properti/tabanan-bedugul/rumah-kayu-2-lantai-2-kamar-dasong-bedugul-tabanan-hor41007046/
Avana Villa Kemenuh Ubud Bali,Rp 265.000.000,year,Avana Villa Kemenuh Ubud Bali | vlr107696,3,3,,,,BRAND NEW 3BRs VILLA FOR RENT @ UBUD Kemenuh - Sukawati Ubud (Bali) Avana Villa @ Ubud 3 Bedrooms W/ great tropical modern architecture villa concept +/- 10 mnts to Central Ubud +/- 10 mnts to Monkey Forest Details: SHM (freehold) IMB Land : 200m2 Building: 150m2 Facing North (Utara) Access road aspal 6m 3 Bedrooms 3 Ensuite Bathroom Full Furnished Airconditioner Waterheater Living & Dinning Area Swimming Pool Maid room Maid bathroom Storage room Sumur bor 7700 kwh Carport Rental price: Rp.265.000.xxx / year,,Meirina RajiantoAgen KorporatNIB:121021004****,,https:/picture.rumah123.com/r123-images/300x300-crop/customer/72508/c2f7604579131fdc3f5c3aa2b8758133.jpg,https://www.rumah123.com/properti/gianyar-kemenuh/avana-villa-kemenuh-ubud-bali-vlr107696/
Disewakan Luxury Modern Tropis Villa Jimbaran Hijau Badung - Bali,Rp 360.000.000,year,Disewakan Luxury Modern Tropis Villa Jimbaran Hijau Badung - Bali | vlr218787,1,1,,,,DISEWAKAN LUXURY MODERN TROPIS VILLA JIMBARAN HIJAU BADUNG - BALI Rp. 360 JUTA perTAHUN MINIMAL SEWA 1 TAHUN SHM IMB LT : 170 M² LB : 170 M² 2 LANTAI KT : 1 KM : 1 AIR : PDAM LISTRIK : 2.200 WATT HADAP UTARA/SELATAN LIVING ROOM DINING ROOM KITCHEN CARPORT INCLUDES: WIFI WATER SUPPLY HOUSEKEEPING (2X/WEEK) EXCLUDES: ELECTRICITY PL (GARBAGE DISPOSAL WIFI WATER SUPPLY SECURITY FACILITIES) DRINKING WATER GAS STOVE *FACILITIES:* PUBLIC SWIMMING POOL KIDS' CLUB GYM PARKING JOGGING TRACKS,,PT Galaxy Property UtamaAgen KorporatNIB:121021004****,,https:/picture.rumah123.com/r123-images/300x300-crop/customer/982031/b7a9eeaa136ad7bdb3c4a91b58b1a5f9.png,https://www.rumah123.com/properti/badung-jimbaran/disewakan-luxury-modern-tropis-villa-jimbaran-hijau-badung-bali-vlr218787/
Villa Brand New Tropical Villa In Ubud Bali,Rp 170.000.000,year,Villa Brand New Tropical Villa In Ubud Bali | vlr218772,2,2,,,,You can find a very quiet and peaceful location in this villa. 10 minutes from Ubud center Has the most beautiful rice field view. Close to Tegallalang Rice Terraces International School Empathy Traditional Markets and Restaurants. This villa is perfect for those of you looking for a quiet and relaxing vacation spot. Land Size	: 176 Sqm Building Size	: 88 Sqm Title		: Freehold (SHM) Facing		: East Year build	: 2025 Bedroom		: 2 Bathroom	: 2 Feature: AC Swimming pool Garden Fully furnished Storage Kitchen Mini Bar Water heater Water tank Drilling water 4.400 watts electricity Lease Price: IDR 170.000.xxx / year (TANPA PERANTARA / NO BROKER),,Thara LoyalAgen KorporatNIB:150324025****,,https:/picture.rumah123.com/r123-images/300x300-crop/customer/47681/22981c5c029c9e097371c8f39def89d8.jpg,https://www.rumah123.com/properti/gianyar-ubud/villa-brand-new-tropical-villa-in-ubud-bali-vlr218772/
Sewa Rumah Semi Villa,Rp 100.000.000,year,https://www.rumah123.com/properti/denpasar-denpasar-barat/sewa-rumah-semi-villa-hor40962897/,2,2,60 m²,12 m²,Hak Sewa,For Rent - Semi Villa House Land Size: 60 sqm Width: 5 m Length: 12.5 m Fully Furnished: * 2 Bedrooms * 2 Bathrooms * 3 Air Conditioners * Water Heater * Kitchen * Carport * And more ‐ Daerah Pura Demak Rental Price: IDR 100 million per year PG.,,RE/MAX SERENITYAgen KorporatNIB:030524005****,,https:/picture.rumah123.com/r123-images/300x300-crop/customer/2012646/162b0bc058afe176da7c2cf81b079b34.jpg,https://www.rumah123.com/properti/denpasar-denpasar-barat/sewa-rumah-semi-villa-hor40962897/
3 Villa Cantik 2 Kamar View Sawah Lingkungan Tenang Gg Buntu,Rp 410.000.000,year,Tibubeneng Badung,6,9,,,,Long Leasehold Comfy Villa Tibubeneng Kuta Utara Badung Consist of 3 Two Bedroom Villa (Villa Complex) Each villa has 2 Bedroom Ensuite Bathroom Land size 450 sqm (4.5 Are) Building 650 sqm Electricity each villa 5500 Kwh Well drill water Total 6 Bedroom & 9 Bathroom Very well maintained Villas Located on dead end road Very nice and peaceful surrounding Fully Furnished Nice Ricefield View Parking for Cars and Motorbikes All the five stars rating reviews from guests Very good investment for long term Global Price IDR 11 Billion (Negotiable) LEASE for remaining 27 Years,,Nensi TuitAgen Independen,,https:/picture.rumah123.com/r123-images/300x300-crop/customer/4398463/d60521e8ea123a00331ea01ff534fae6.jpg,https://www.rumah123.com/properti/badung-tibubeneng/3-villa-cantik-2-kamar-view-sawah-lingkungan-tenang-gg-buntu-vlr218761/
Joglo House For Lease In Pemuteran - A Cozy & Natural Retreat,Rp 774.000.000.000,year,Pemuteran,1,1,100 m²,,Lainnya,Step into the warmth and charm of this beautifully designed Joglo-style house nestled in the tranquil village of Pemuteran North Bali. This 1 bedroom 1 bathroom home sits on 100 sqm of land and offers the perfect blend of traditional Indonesian architecture and modern comfort. Crafted entirely from natural wood the house exudes a peaceful earthy atmosphere-ideal for those seeking a relaxing getaway or a serene long-term living experience. The spacious front terrace invites you to unwind while enjoying the tropical garden surroundings. Property Details: &#x2022; Land Size: 100 sqm &#x2022; Title: Leasehold &#x2022; Bedroom: 1 &#x2022; Bathroom: 1 &#x2022; Price: AUD 55.000/25 Years &#x2022; Authentic Joglo architecture &#x2022; Air-conditioned bedroom &#x2022; Private bathroom &#x2022; Lush green surroundings &#x2022; It's only 11 minutes stroll to the stunning Biorock & Beach &#x2022; Can be extended Whether you're looking for a personal retreat or a unique investment in a peaceful area of Bali this Joglo house is a rare opportunity not to be missed.,,Fernandes AzizAgen KorporatNIB:022010976****,,https:/picture.rumah123.com/r123-images/300x300-crop/customer/1210309/378dd20658d234063db0233edfe4458b.jpg,https://www.rumah123.com/properti/buleleng-pemuteran/joglo-house-for-lease-in-pemuteran-a-cozy-natural-retreat-vlr116717/
Villa Disewakan di Bali,Rp 720.000.000,year,https://www.rumah123.com/properti/badung-canggu/villa-disewakan-di-bali-vlr192763/,2,3,,,,Salam penuh kebahagiaan Villa Prosperity villa yang paling diidamkan di lokasi emas. dekat dengan semua yang Anda butuhkan. jarak berjalan kaki ke pantai restoran supermarket Terdiri dari 2 kamar tidur ditambah dengat outdoor shower dengan taman santai & kolam renang. Benar-benar merelaxkan lokasi lokasi lokasi Harga Rp 720.000.xxx untuk sewa tahunan Penawaran spesial hari bahagia setiap hari sekarang November 2025 Rp 6300xxxx$ USD 3758 ) selama sebulan termasuk wifi air minum Aqua atau air Balian Peralatan Makan pembersihan 3x seminggu Belum termasuk listrik sekitar +/- Rp 1 500 000 Luas tanah : 370m2 Untuk informasi lebih lanjut silahkan menghubungi kami di abiramaproperties@******** atau WhatsApp +62819xxxxxxxxhomeinbali #disewakanvilla #villaprosperity #BerawaCanggu,,Ayu MeiAgen Korporat,,https:/picture.rumah123.com/r123-images/300x300-crop/customer/33017/808356fc38332b7d739745a91ddcf9fc.jpg,https://www.rumah123.com/properti/badung-canggu/villa-disewakan-di-bali-vlr192763/
Rent /Sewa Villa Murah At Kerobokan Kuta Bali Close Canggu,Rp 170.000.000,year,Rent /Sewa Villa Murah At Kerobokan Kuta Bali Close Canggu | vlr218757,,2,,,,Do 354- For rent villa murah at kerobokan kuta bali Land 100 m2 2 bedroom 2 Bathroom Kitchen Dining room Privat swimming pool Price: 170 milion per years,,RiskayaniAgen Independen,,https:/picture.rumah123.com/r123-images/300x300-crop/customer/1830827/e1b6ef1ca6f4ba352b735bcbbac3dd1e.jpg,https://www.rumah123.com/properti/badung-kerobokan/rent-sewa-villa-murah-at-kerobokan-kuta-bali-close-canggu-vlr218757/
Di Kontrakkan Vlla Fullurnish di Jalan Tukad Badung Renon,Rp 180.000.000,year,Di Kontrakkan Vlla Fullurnish di Jalan Tukad Badung Renon | vlr218759,4,4,,,,Dikontrakkan Villa Full Furnished Di Jalan Tukad Badung Renon LT 200m2 Full bangunan Ruang tamu 4 kamar tidur 4 kamar mandi Garasi 3 mobil Dapur Full Furnished Air sumur bor Listrik 3500 Watt Private Pool Strategis hanya 120 meter ke jalan utama Tukad Badung Harga 180 Juta Per Tahun NEGO,,RE/MAX SERENITYAgen KorporatNIB:030524005****,,https:/picture.rumah123.com/r123-images/300x300-crop/customer/2012646/145a777559db6bf1ee1cf0371578d3e5.jpg,https://www.rumah123.com/properti/denpasar-renon/di-kontrakkan-vlla-fullurnish-di-jalan-tukad-badung-renon-vlr218759/
Villa 1 Lantai Luas 861 M Kamar Tidur 3 Dekat Kampus Unud di Jimbaran,Rp 400.000.000,year,Villa 1 Lantai Luas 861 M Kamar Tidur 3 Dekat Kampus Unud di Jimbaran | vlr218695,,3,,,,Disewakan villa dengan halaman luas di jimbaran (dekat kampus unud) Jl.Mecutan Harga 400juta/tahun Luas tanah 861m² Luas Bangunan ± 180m² 3 kamar tidur 3 kamar mandi Air PDAM Bangunan 1 lantai wnt,,ICHA (TWKV)Agen KorporatNIB:230623011****,,https:/picture.rumah123.com/r123-images/300x300-crop/customer/1645895/fc149511b920ed98b1242fdd3fa501e9.jpg,https://www.rumah123.com/properti/badung-jimbaran/villa-1-lantai-luas-861-m-kamar-tidur-3-dekat-kampus-unud-di-jimbaran-vlr218695/
Sanur Villa For Rent - 2 Bedroom Private Pool | Yearly Rental,Rp 260.000.000,year,Sanur Villa For Rent - 2 Bedroom Private Pool | Yearly Rental | vlr218652,2,2,,,,Long-Term Villa Rental Bali | Brand New Fully Furnished Private Villa Sanur villa for rent ideal for expatriates seeking a comfortable and private home for long-term living in Bali. This brand new private villa is offered for yearly rental fully furnished and designed for everyday living with a private pool functional layout and a quiet residential environment. A solid option for those looking for Bali homes for rent a private villa or reliable villa hire in the Sanur area. Property Specifications - Property Type: Villa - Location: Sanur Denpasar - Bali - Land Size: 185 m² - Building Size: 177 m² - Bedrooms: 2 - Bathrooms: 2 ensuite bathrooms (with bathtub) - Living Room & Kitchen - Swimming Pool: Private pool - Garden: Available - Parking: Car parking space - Furnishing: Fully furnished - Electricity: 5500 watt - Water Source: Deep well (sumur bor) - Condition: Brand new ready to move in Location & Access - Located in a strategic residential area of Sanur surrounded by cafés restaurants daily markets and gyms. - Thailand Kitchen & Social House - walking distance (±3 minutes) - ±7 minutes - Sanur Harbour - ±8 minutes - The Meru Sanur - ±9 minutes - Tanjung Sari Hotel - ±11 minutes - Dyatmika School ±14 minutes Status & Rental Terms - Status: For Rent (Yearly Rental Only) - Rental Price: IDR 260000000 / year - Price negotiable for a minimum 2-year rental with upfront payment. - 10 years: IDR 2 Billion (Long Term Rental) - Intended for long-term living (not short-term rental) If you are searching for Bali homes for rent a private villa for long-term stay or a well-located villa hire in Sanur this property is ready to view. Contact us via WhatsApp for availability and viewing arrangements. [SRVSR-310],,Tionar ManikAgen KorporatNIB:812001416****,,https:/picture.rumah123.com/r123-images/300x300-crop/customer/1898857/66688eba3eb9381b5ed83291e6588e13.jpg,https://www.rumah123.com/properti/denpasar-sanur-kaja/sanur-villa-for-rent-2-bedroom-private-pool-yearly-rental-vlr218652/
Villa 2 Lantai di Sanur 3 Bedrooms Kolam Renang Taman Indah,Rp 360.000.000,year,Villa 2 Lantai di Sanur 3 Bedrooms Kolam Renang Taman Indah | Rumah123,3,3,200 m²,200 m²,Lainnya,BB476 3 Bedroom luxury villa in Sanur! IDR 35 mill / month IDR 360 mill / year (services included) 3 bedrooms 3 bathrooms Walk in Closet Working Space Private Pool Modern Kitchen. Enclosed Living Garden Includes: - 2x/week cleaning - 1x/week linen change - Pool maintenance - Garden maintenance - wifi Not included - Linen Laundry - Electricity - Cleaning products Security deposit: 15 mill (refunded upon check out),,RiaAgen KorporatNIB:040124005****,,https:/picture.rumah123.com/r123-images/300x300-crop/customer/2010584/cb5f47879379d78edd0b91219a3bb386.jpg,https://www.rumah123.com/properti/denpasar-sanur/villa-2-lantai-di-sanur-3-bedrooms-kolam-renang-taman-indah-hor40960758/
2 Bedroom Modern Villa In Canggu- 5 Minutes To Beach,Rp 23.000.000,month,2 Bedroom Modern Villa In Canggu- 5 Minutes To Beach | Rumah123,2,3,132 m²,132 m²,Lainnya,PRICE DROP! AVAILABLE NOW 2-Bedroom Villa - Only 5 Minutes from Pererenan Beach This charming 2-bedroom villa in Canggu features a thoughtfully designed interior with a spacious living area elegantly decorated bedrooms and a refreshing private pool. Every detail has been carefully selected blending modern comforts with subtle traditional touches to create a welcoming atmosphere-perfect for both relaxation and gatherings. Property Highlights: 2 Bedrooms 2 Bathrooms Fully Furnished Ready to Move In Close to Shopping Centers Near Tourist Attractions Inclusions: Free Wi-Fi Water Supply Housekeeping twice a week Exclusions: Electricity IPL ✨ Special Price: IDR 23 Million / Month ✨ Don't miss the chance to live in an exclusive move-in-ready villa in the desirable Pererenan-Canggu area.,,BDA Real EstateAgen IndependenNIB:022050695****,,https:/picture.rumah123.com/r123-images/300x300-crop/customer/1775549/2b473117eca7c4d231fcd430ee4a0580.jpg,https://www.rumah123.com/properti/badung-canggu/2-bedroom-modern-villa-in-canggu-5-minutes-to-beach-hor40746144/
Beautiful Villa,Rp 250.000.000,year,Pererenan Badung,,,150 m²,130 m²,SHM,- 2 BEDROOMS - 3 BATHROOMS - KITCHEN - POOL - AC - WATER HEATER - LIVING ROOM - DINING ROOM - SMALL GARDEN - GARAGE,,Putu SukmaAgen Korporat,,https:/picture.rumah123.com/r123-images/300x300-crop/customer/5805/a2b0c3da556011ebd4d02ec789f816ae.jpg,https://www.rumah123.com/properti/badung-pererenan/beautiful-villa-hor18997851/
New Modern 3 Bedroom Villa in Near SideWalk Mall Jimbaran,Rp 27.000.000,month,New Modern 3 Bedroom Villa in Near SideWalk Mall Jimbaran | Rumah123,3,3,150 m²,150 m²,Lainnya,New Modern 3 Bedroom Villa in Near SideWalk Mall Jimbaran Available: 3-Bedroom Brand New Villa in Jimbaran - Near Sidewalk Mall NEGOTIABLE MONTLY : IDR 27 Million YEARLY : IDR 260 Million Features: - 3 bedrooms - 3 bathrooms - 1 guest toilet - Kitchen - Living room (1st floor) - Living/working space (2nd floor) - WiFi - PDAM - Private pool - Hot water - Carport - 6-meter access road - Air conditioning Monthly Rentals Include: - Cleaning - Pool maintenance Exclude: - Laundry - Waste fee - Water - Electricity Location Highlights: - 5 minutes to Sidewalk Mall - 5 minutes to supermarket - 5 minutes to GWK - 5 minutes to McDonald's/KFC - 7 minutes to Jimbaran Beach - 10 minutes to Fish Market - 15 minutes to Airport,,BDA Real EstateAgen IndependenNIB:022050695****,,https:/picture.rumah123.com/r123-images/300x300-crop/customer/1775549/74bee87525b5671ced602994538d0e2d.jpg,https://www.rumah123.com/properti/badung-jimbaran/new-modern-3-bedroom-villa-in-near-sidewalk-mall-jimbaran-hor40674968/
Brand New Villa D'amelia Jimbaran 2 Bedroom,Rp 25.000.000,month,Brand New Villa D'amelia Jimbaran 2 Bedroom | Rumah123,2,2,100 m²,90 m²,Lainnya,OPEN NEGOTIABLE ! Brand New Villa D'Amelia Jimbaran 2 Bedroom Welcome to D'Amelia Villa Jimbaran a newly built Mediterranean-style retreat that harmoniously combines warm coastal tones with modern tropical comfort. Thoughtfully designed for relaxation and style this 2-bedroom villa is perfect for couples small families or friends seeking a private getaway in Bali's peaceful Jimbaran area. Included : - Sterilized villa upon check in - 3 times/week house keeping cleaning - 2 times/week pool treatment - 1 time/week change linens and towel replace - Wifi internet connection - 1x LPG for cooking - 1x aqua gallon drinking mineral water Excluded : - Electricity bills (IDR 2.500 / kwh) - water supply Contact us to visit the property and for more information!,,BDA Real EstateAgen IndependenNIB:022050695****,,https:/picture.rumah123.com/r123-images/300x300-crop/customer/1775549/9ebb01d8b8f6d30dab8365f8eefefa6d.jpg,https://www.rumah123.com/properti/badung-jimbaran/brand-new-villa-damelia-jimbaran-2-bedroom-hor40301350/
Modern Apartment 2 Bedroom In The Heart Canggu,Rp 25.000.000,month,Modern Apartment 2 Bedroom In The Heart Canggu | Rumah123,2,3,100 m²,90 m²,Lainnya,Apartment 2 Bedroom in Canggu Stay in the heart of Canggu with this modern two-bedroom apartment located just steps away from the area's most popular cafes restaurants and hotspots. Ideal for urban explorers or business travelers the villa features a cozy living area a functional kitchen and stylish contemporary interiors. Enjoy the comfort of a private home while staying well-connected to Canggu's vibrant lifestyle. Whether you are here for work or leisure this villa offers a convenient and comfortable base in one of Bali's most sought-after locations. Price: IDR 25 million / month Included: Wi-Fi Cleaning service twice a week Linen change twice a month Local banjar tax Garbage collection Excluded: Electricity Linen and personal laundry Personal expenses Available for Rentals Yearly with Price IDR 250 million / year ( VILLA ONLY) Contact us for viewing !,,BDA Real EstateAgen IndependenNIB:022050695****,,https:/picture.rumah123.com/r123-images/300x300-crop/customer/1775549/fe2b98fad0223fc8beeb0e7aacd366e5.jpg,https://www.rumah123.com/properti/badung-canggu/modern-apartment-2-bedroom-in-the-heart-canggu-hor40752535/
Beautiful Villa,Rp 325.000.000,year,https://www.rumah123.com/properti/badung-canggu/beautiful-villa-hor39558550/,3,3,200 m²,240 m²,SHM,- BEAUTIFUL VILLA - 3 BEDROOMS - 3 BATHROOMS - KITCHEN - POOL - AC - WATER HEATER - LIVING ROOM - DINING ROOM - GARDEN - GARAGE - FURNISHED,,Putu SukmaAgen Korporat,,https:/picture.rumah123.com/r123-images/300x300-crop/customer/5805/4695ec56606c358a9dc45b4ce139eb7a.jpg,https://www.rumah123.com/properti/badung-canggu/beautiful-villa-hor39558550/
Luxury Brand New Villa,Rp 375.000.000,year,https://www.rumah123.com/properti/badung-kerobokan/luxury-brand-new-villa-vlr218634/,2,2,,,,LUXURY BRAND NEW VILLA Sewa Villa JL RAYA KEROBOKAN - Badung LT 110 LB 87 KT 2 KM 2 Listrik 7700 Rp 375.000.xxx SHM Hadap Timur New villa at Kerobokan Rent Montly and Yearly Living room Kitchen fully Furnished Area strategis carpot Near with fasilitas umum,,ELLY (XCTP)Agen KorporatNIB:912020578****,,https:/picture.rumah123.com/r123-images/300x300-crop/customer/1914521/d73020a1cb72ccb4a110e3fa2d657689.jpg,https://www.rumah123.com/properti/badung-kerobokan/luxury-brand-new-villa-vlr218634/
Disewakan Villa Baru Full Furnish Lokasi Strategis,Rp 330.000.000,year,https://www.rumah123.com/properti/badung-tibubeneng/disewakan-villa-baru-full-furnish-lokasi-strategis-vlr218632/,3,4,,,,Kesempatan terbatas buat Anda dapatkan villa strategis dengan return investasi tinggi di Tibubeneng Badung. Villa ini menawarkan lokasi yang strategis serta memiliki nilai tepat yang siap untuk segera Anda miliki utamanya bagi Anda yang mencari hunian di lokasi yang terjangkau. Detail Properti ini adalah: - Kamar Tidur: 3 - Kamar Mandi: 4 - Sertifikat: - Tidak hanya itu namun properti ini juga memiliki keunggulan sebagai berikut: - Full Furnished. - Siap Huni. - Lingkungan Tenang dan Damai. - Pemandangan Alam. - Properti Bisa Nego. - Lokasi Strategis. - Properti Mewah. Lokasi Strategis terletak di Tibubeneng properti ini memudahkan akses Anda ke fasilitas-fasilitas utama dan unggulan Harga yang sangat kompetitif yaitu Rp. 27.500.000 villa ini siap menjadi milik Anda! Nikmati segala kemudahan dan berbagai keunggulan menarik saat properti premium ini milik Anda. Hubungi segera dan dapatkan informasinya ataupun cek unit!,,NIAAgen KorporatNIB:912020578****,,https:/picture.rumah123.com/r123-images/300x300-crop/customer/1410737/338c4f58e5dba395960718df1605fa46.jpg,https://www.rumah123.com/properti/badung-tibubeneng/disewakan-villa-baru-full-furnish-lokasi-strategis-vlr218632/
Disewakan Villa Furnised di Sanur,Rp 275.000.000,year,Disewakan Villa Furnised di Sanur | vlr218600,2,2,,,,DISEWAKAN VILLA FURNISED DI SANUR Sewa Villa JL SANUR - Denpasar LT 256 LB 105 KT 2 KM 2 Listrik 450 Rp 275.000.xxx SHM Hadap Utara Disewakan villa furnished yang nyaman dan fungsional berlokasi di daerah Sanur cocok untuk hunian jangka panjang bagi keluarga kecil pasangan maupun ekspatriat yang menginginkan lokasi strategis dengan suasana tenang. Kondisi fully furnished siap huni sehingga tidak perlu repot menyiapkan perabotan. Spesifikasi Properti: Harga: Rp275.000.xxx / tahun Minimal sewa: 2 tahun Hadap: Utara Luas Tanah: 256 are Luas Bangunan: 105 m² Kamar Tidur: 2 Kamar Mandi: 2 Listrik: 4.400 watt Air: Sumur Garasi: 1 mobil Furnished Villa ini berada di kawasan yang strategis dan mudah diakses dekat dengan berbagai fasilitas penting seperti: Dekat area Sanur dan pusat kota Denpasar Akses cepat ke Pantai Sanur Dekat sekolah nasional dan internasional Dekat rumah sakit klinik dan apotek Dekat supermarket minimarket dan pusat kuliner Mudah ke area Renon Panjer dan Sidakarya Lingkungan sekitar aman tenang dan cocok untuk hunian jangka panjang. Segera hubungi kami untuk informasi lebih lanjut atau jadwal survei lokasi.,,INTENAgen KorporatNIB:912020578****,,https:/picture.rumah123.com/r123-images/300x300-crop/customer/4372736/c4d8c2aa2a1afd7796943f39295c8329.jpg,https://www.rumah123.com/properti/denpasar-sanur/disewakan-villa-furnised-di-sanur-vlr218600/
Villa 2Br Modern In Ungasan Near To Gwk And Jimbaran,Rp 30.000.000,month,Villa 2Br Modern In Ungasan Near To Gwk And Jimbaran | Rumah123,2,2,120 m²,145 m²,Lainnya,FOR RENT - UNGASAN BRAND NEW MODERN 2BR VILLA #UVR47 This villa boasts a stunning modern design with an elegant touch featuring a façade beautifully accented with natural wood elements that create warmth and sophistication. Nestled within a secure one-gate system complex it offers both privacy and comfort complemented by a 6-meter-wide paved access road that ensures easy entry and a premium residential feel. Details: Luas tanah : 120m2 Luas bangunan : 145m2 Villa 2 lantai 2 Kamar tidur 2 Kamar mandi 1 Powder room Fully Furnished Listrik 5500VA Air PDAM Kitchen + Island table Dining area Living room Swimming pool Storage room Carport untuk 1 mobil One gate system + akses jalan paving 6 meter Price include: Cleaning 1x a week Pool maintenance 1x a week Free Wifi Nearby Point of Interest: 9 Minutes to Greenbowl Beach 10 Minutes to GWK Cultural Park 10 Minutes to White Rock Beach Club 12 Minutes to Sidewalk Mall Jimbaran 25 minutes to Airport Price: IDR 290.000.xxx/year IDR 30000000/monthly (Minimal 3 Months Lease) #UVR47,,UTTAM PROPERTYAgen IndependenNIB:230424030****,,https:/picture.rumah123.com/r123-images/300x300-crop/customer/1975836/674ffd1690b697941720a25d2e4e9c78.jpg,https://www.rumah123.com/properti/badung-ungasan/villa-2br-modern-in-ungasan-near-to-gwk-and-jimbaran-hor40959730/
For Rent New Villa In Balangan 2 Bedrooms,Rp 290.000.000,year,Balangan Badung,2,2,,,,FOR RENT NEW VILLA IN BALANGAN 2 BEDROOMS A beautiful 2-bedroom villa with private pool ideal for living or investment ✨ Details: - Land size 200 m² - 2 Bedrooms | 2 Bathrooms - Private Pool - PDAM water - Equipped kitchen - Parking area - WiFi Giganet 200 Mbps - Electricity Pricing: IDR 35000000 / month (monthly rent) IDR 290000000 / year Leasehold until 12 May 2063 (37 years) USD 240000 Location: ******** Ba903,,Amelia Property ConsultantAgen Korporat,,https:/picture.rumah123.com/r123-images/300x300-crop/customer/670475/68f8eb64ae4ea6c730ffc1ba683ef454.jpg,https://www.rumah123.com/properti/badung-balangan/for-rent-new-villa-in-balangan-2-bedrooms-vlr218575/
Disewakan Villa Cantik di Canggu,Rp 325.000.000,year,Disewakan Villa Cantik di Canggu | Rumah123,3,3,200 m²,120 m²,Lainnya,Rumah di Canggu. Cek segera rumah 1 lantai yang asri ini disewakan dengan pemandangan indah yang menambah nilai estetika di lingkungan hunian. Rumah ini berada di area strategis serta menawarkan lingkungan fasilitas yang lengkap cocok untuk Anda yang menginginkan hunian aman. Spesifikasi Utama Properti: - Kamar Tidur: 3 - Kamar Mandi: 3 - Sertifikat: - - Kondisi Perabotan: Furnished Fitur unggulan: - Lokasi di Perkampungan. - Adem & Sejuk. - Lingkungan Tenang dan Damai. - Pemandangan City View. - Properti Bisa Nego. - Lokasi Bebas Banjir. Berlokasi di Canggu rumah ini memberikan kemudahan akses ke berbagai fasilitas menarik. Dengan harga Rp. 27.083.333 anda bisa memiliki hunian eksklusif yang sudah siap huni. Jangan lewatkan kesempatan untuk menikmati pengalaman tinggal di kawasan Canggu yang nyaman ini! Kontak segera untuk informasi lebih lanjut!,,Joiske LeksalaAgen KorporatNIB:912010324****,,https:/picture.rumah123.com/r123-images/300x300-crop/customer/1963907/a9c9ae342612e44d2d9cf52e02de35f9.jpg,https://www.rumah123.com/properti/badung-canggu/disewakan-villa-cantik-di-canggu-hor40958505/
Siap Huni Villa 4 Kamar Private Pool di Jimbaran Dd,Rp 295.000.000,year,Siap Huni Villa 4 Kamar Private Pool di Jimbaran Dd | vlr218512,,4,,,,VILLA FOR RENT: Jimbaran Villa classic serasa rumah sendiri dengan suasana yang damai dan tenang namun letak sangat strategis: * 10 menit ke airport ⁠ * 10 menit ke pusat destinasi wisata international (GWK) nusa dua * 20 Menit ke uluwatu * ⁠10 Menit dari jalan toll * ⁠10 Menir ke pantai nusa dua Villa ini memiliki 2 Type: - Type 2 Bedrooms - Type 4 Bedrooms Luas Global Tanah 1200m² Total 5 shower dan 2 bathtub Private swimming pool gazebo Teras untuk acara gatheringdan carport serta teras depan/samping Taman yang asri akan membuat momen anda sangat special bersama orang orang yang anda cintai dalam acara birthday party Gathering perpisahan acara sekolah/ keluarga small wedding dll.,,Eneng geulisAgen KorporatNIB:260424031****,,https:/picture.rumah123.com/r123-images/300x300-crop/customer/1975094/e8be6d0e93ba53762b51ec64148c5df6.jpg,https://www.rumah123.com/properti/badung-jimbaran/siap-huni-villa-4-kamar-private-pool-di-jimbaran-dd-vlr218512/
Siap Huni Villa 2 Kamar Dekat Bandara Dd,Rp 180.000.000,year,Jimbaran Badung,,2,,,,VILLA FOR RENT: Jimbaran Villa classic serasa rumah sendiri dengan suasana yang damai dan tenang namun letak sangat strategis: * 10 menit ke airport ⁠ * 10 menit ke pusat destinasi wisata international (GWK) nusa dua * 20 Menit ke uluwatu * ⁠10 Menit dari jalan toll * ⁠10 Menir ke pantai nusa dua Villa ini memiliki 2 Type: - Type 2 Bedrooms - Type 4 Bedrooms Luas Global Tanah 1200m² Total 5 shower dan 2 bathtub Private swimming pool gazebo Teras untuk acara gatheringdan carport serta teras depan/samping Taman yang asri akan membuat momen anda sangat special bersama orang orang yang anda cintai dalam acara birthday party Gathering perpisahan acara sekolah/ keluarga small wedding dll.,,Eneng geulisAgen KorporatNIB:260424031****,,https:/picture.rumah123.com/r123-images/300x300-crop/customer/1975094/4ba1c55bbd9bde27fb03c724e94cbacc.jpg,https://www.rumah123.com/properti/badung-jimbaran/siap-huni-villa-2-kamar-dekat-bandara-dd-vlr218510/
Villa For Rent Yearly/Long Lease At Jimbaran 4 Rooms & Pool,Rp 295.000.000,year,Villa For Rent Yearly/Long Lease At Jimbaran 4 Rooms & Pool | vlr218494,4,4,,,,Villa for rent -Jimbaran Taman Jimbaran Fully furnished - 4 bedrooms - 4 bathrooms - Living room - Kitchen - Pool - Gazebo Location - 10 minutes to Jimbaran Beach - 15 minutes to GWK - 25 minutes to Uluwatu Yearly rent : IDR 295 million Long lease 20 years : IDR 2.9 Billion,,Manik Novita DewiAgen KorporatNIB:230623011****,,https:/picture.rumah123.com/r123-images/300x300-crop/customer/4399149/ac7eaa8ce22aba8b612319ed275a1b5f.jpg,https://www.rumah123.com/properti/badung-jimbaran/villa-for-rent-yearlylong-lease-at-jimbaran-4-rooms-pool-vlr218494/
Modern Townhouse In Sanur,Rp 42.000.000.000,year,Modern Townhouse In Sanur | vlr218497,2,2,,,,Pungutan Townhouses Sanur Modern townhouses in the heart of Bali's prime tourist area Ownership: Leasehold for 34 years + 30-year extension About the Project A new boutique development of modern townhouses in central Sanur ideal for both rental income and personal use. Developed by a trusted team with over 10 years of construction experience on the island. Tailored ownership model for foreign investors. Location Located in Sanur on Jl. Pungutan - a quiet yet central street within walking distance to the beach. Surrounded by supermarkets cafes schools gyms and medical centers. Easy access via a 3.5-meter road. All land leases are officially notarized. Construction & Architecture Contemporary design with quality materials and high construction standards including waterproofing and sound insulation. Brick/block walls with plaster finish premium wood stone and tile interiors. Fully furnished homes including kitchen appliances and fitted bathrooms. Optional private pools panoramic windows and terraces. Water electricity and internet ready. Construction is fully transparent and buyer-controlled. Pricing & Ownership 34-year leasehold: IDR 4.4B (~USD 267000) Contract includes an option to extend the lease for another 30 years All legal documentation is notarized oca,,XM ParadiseAgen KorporatNIB:912030184****,,https:/picture.rumah123.com/r123-images/300x300-crop/customer/1373671/7cc2b19f81f08bac56e1d6f7b5b9ca0e.jpg,https://www.rumah123.com/properti/denpasar-sanur/modern-townhouse-in-sanur-vlr218497/
Hidden Vertical Villa di Canggu - Private Pool 2 Lantai Siap Dibentuk Sesuai Gayamu,Rp 280.000.000,year,Hidden Vertical Villa di Canggu - Private Pool 2 Lantai Siap Dibentuk Sesuai Gayamu | vlr218492,2,2,,,,Cari villa beda dari yang lain di Canggu? Yang ini kecil di tanah besar di experience. Berdiri di atas 12 are villa 2 lantai ini dirancang vertikal dengan layout efisien menghadirkan ruang hidup modern + kolam renang pribadi di area yang tetap privat dan tenang. Konsep unfurnished memberi kebebasan penuh untuk menciptakan style sendiri-minimalist tropical industrial atau Airbnb-ready. Highlight Properti 2 lantai modern 2 bedroom Living area luas Private swimming pool Hadap Utara - lebih sejuk & nyaman Listrik 5.500 watt Air sumur Lingkungan Canggu yang hidup tapi tetap private Harga & Hitungan Rp 280.000.xxx / tahun Minimal sewa: 5 tahun Total estimasi sewa 5 tahun: Rp 14 Miliar Dengan luas bangunan ±169 m² biaya efektifnya sekitar: ±Rp 165 juta/m² per tahun - value tinggi untuk villa berkolam di Canggu. Cocok Untuk Long-stay expat Digital nomad & creative entrepreneur Personal residence dengan sentuhan custom Private villa investment jangka panjang OL #1 BADUNG260128,,WILLIAM (GINM)Agen KorporatNIB:912020578****,,https:/picture.rumah123.com/r123-images/300x300-crop/customer/4431079/1354b487759f1ef9b8d82f69352ffb12.jpg,https://www.rumah123.com/properti/badung-kerobokan/hidden-vertical-villa-di-canggu-private-pool-2-lantai-siap-dibentuk-sesuai-gayamu-vlr218492/
Luxury 3-Bedroom Villa For Yearly Rent - Jl Tukad Balian Denpasar,Rp 370.000.000,year,Luxury 3-Bedroom Villa For Yearly Rent - Jl Tukad Balian Denpasar | vlr218483,3,2,,,,An Exclusive Sanctuary Overlooking Rice Fields in Renon Luxury 3-Bedroom Villa for Yearly Rent - Jl Tukad Balian Denpasar Property ID: AMR-080.GRT Located in: Jl Tukad Balian Renon - Denpasar Set within one of Renon's most desirable residential enclaves this elegant two-storey villa is designed for those who value privacy space and understated luxury. Overlooking tranquil rice fields the property offers a refined lifestyle experience-where every day begins with calm and ends in comfort. Property Highlights - Rare rice field view in central Denpasar - Fully furnished with tasteful interiors - Private swimming pool for exclusive use - Enclosed living areas on both levels - Spacious two-car garage - Bale Bengong for relaxation & entertaining - Quiet upscale neighborhood - Ideal for executives expats & families Property Specifications - Property ID: AMR-080.GRT - Location: Jl Tukad Balian Renon - Denpasar - Land Size: 350 m² - Building Size: 225 m² - Bedrooms: 3 - Bathrooms: 2 - Floors: 2 - Electricity: 7700 watt - Water Source: Deep drilled water - Living Room: Fully enclosed (Up & Downstairs) - Kitchen: Fully equipped modern kitchen - Swimming Pool: Private - Parking: Garage / carport for 2 cars - Condition: Fully furnished & move-in ready PRICE & TERMS IDR 370000000 / Year (Excellent value for a large land villa with pool & rice field view in Renon) INCLUDED IN PRICE - Free neighborhood fee (iuran lingkungan) - Swimming pool cleaning (twice a month) EXCLUDED - WiFi - Garbage collection - Banjar fee - Housekeeping - Linen change Security deposit PRESTIGIOUS LOCATION - RENON DENPASAR - One of Denpasar's most elite residential areas - Close to embassies government offices & business districts - Easy access to Sanur Beach & city center - Surrounded by cafés international schools & hospitals - Peaceful environment with urban convenience WHY THIS VILLA This villa is not just a residence-it is a statement of lifestyle. A rare opportunity to enjoy green views privacy and sophistication in the heart of Bali's capital. BENEFITS FOR YOU Live surrounded by nature without sacrificing city convenience Ideal for long-term stay & family living,,Bagus MaradiAgen IndependenNIB:130623008****,,https:/picture.rumah123.com/r123-images/300x300-crop/customer/43606/71d0a4a5fcbed4c5f31d040ba15f706c.jpg,https://www.rumah123.com/properti/denpasar-renon/luxury-3bedroom-villa-for-yearly-rent-jl-tukad-balian-denpasar-vlr218483/
Charming Homey One-Bedroom Villa With Pool In Dalung Yrr3685,Rp 200.000.000,year,Canggu Badung,1,1,240 m²,60 m²,Hak Sewa,Discover this beautifully finished 1-bedroom private villa tucked away in a quiet yet strategic area of Dalung just 2 minutes from the vibrant Canggu district. The villa offers a serene and peaceful environment while remaining close to everything you need including Batu Bolong (8 minutes) Echo Beach (15 minutes) and Umalas (10 minutes). With easy back-road shortcuts to avoid traffic this location is ideal for digital nomads small families or long-term Bali residents seeking both comfort and convenience. Built on 240 m² of land the villa features a spacious 60 m² bedroom with a private en-suite bathroom a fully enclosed living room and a modern fully equipped kitchen. Enjoy outdoor relaxation with a sunbed and tropical garden complemented by an outdoor shower laundry and storage area secure parking for car and scooters Smart TV and CCTV for extra security. A perfect blend of privacy style and functionality your peaceful Bali home awaits. Don't miss out on the chance to experience a truly unforgettable stay in this tropical paradise. Contact us now to schedule a viewing!,,Maria KibarerAgen KorporatNIB:812001519****,,https:/picture.rumah123.com/r123-images/300x300-crop/customer/546485/d745ba7ed3e694808cac4a0614504aa6.png,https://www.rumah123.com/properti/badung-canggu/charming-homey-onebedroom-villa-with-pool-in-dalung-yrr3685-hor40957640/
2Br Brand New Beach Side Villa Sanur Yearly Rental [Sbp 1502],Rp 385.000.000,year,2Br Brand New Beach Side Villa Sanur Yearly Rental [Sbp 1502] | vlr218468,2,2,,,,BRAND NEW BEACH SIDE VILLA - SANUR Fully Furnished | Yearly Rental Price: IDR 385 Million / Year Price 345 million / year Minimum 5 years Price 330 million / year Minimum 10 years Security Deposit: 10% Beautiful brand new 2-bedroom villa located in the heart of Beach Side Sanur just a short walk to the beach restaurants cafés coffee shops and supermarket. A perfect home for those who want comfort privacy and a prime lifestyle location. Modern design combined with a cozy tropical atmosphere complemented by a generously sized swimming pool and refreshing natural breeze. Property Details: - Land size2.5 are (265 m²) - Building size: 108 m² - 2 Bedrooms - 2 Ensuite Bathrooms - Guest toilet - Closed living room & kitchen (fully enclosed comfortable for AC) - 3 AC units + fans - Electricity: 5500 Watt - Water source: Well water - Storage room - Indoor private garage - Fully furnished - Brand new condition A rare opportunity to rent a stylish new villa in one of Sanur's most desirable beachside areas - perfect for long-term living.,,Ni Made OrniariAgen Independen,,https:/picture.rumah123.com/r123-images/300x300-crop/customer/1709859/d0be966d062457f1ea6a1dd01f281da7.jpg,https://www.rumah123.com/properti/denpasar-sanur/2br-brand-new-beach-side-villa-sanur-yearly-rental-sbp-1502-vlr218468/
2Br Villa Sanur Area Yearly Rental [Sbp 1501],Rp 210.000.000,year,2Br Villa Sanur Area Yearly Rental [Sbp 1501] | vlr218457,2,2,,,,West Bypass Sanur Yearly Rental Price 210 Million / Year Charming and comfortable villa in a strategic Sanur location perfect for those seeking a peaceful home close to the beach and daily conveniences. Ideal for long-term living. ✨ Only 5 minutes ride to the beach ✨ Easy access to groceries cafés and daily amenities Property Details: - Land size: 1.5 are - 2 Bedrooms with ensuite bathrooms - Bathrooms equipped with bathtub - Closed living room & kitchen (comfortable for AC use) - AC + ceiling fan in each bedroom - Electricity: 5500 Watt - Water source: Well water - Carport A cozy easy-to-maintain home in a convenient area of Sanur - great value for the location and features.,,Ni Made OrniariAgen Independen,,https:/picture.rumah123.com/r123-images/300x300-crop/customer/1709859/13771f63a3cda67d068ba5703126161e.jpg,https://www.rumah123.com/properti/denpasar-sanur/2br-villa-sanur-area-yearly-rental-sbp-1501-vlr218457/
2Br Villa Beach Side Sanur Yearly Rental [Sbp 1500],Rp 320.000.000,year,2Br Villa Beach Side Sanur Yearly Rental [Sbp 1500] | vlr218450,2,2,,,,BEACH SIDE SANUR - CHARMING 2 BEDROOM VILLA Yearly Rental: IDR 320000000 / Year ✨ Long lease option available upon request Beautiful and well-maintained 2-bedroom villa located in a quiet residential area on the beachside of Sanur. Perfect for those who enjoy a peaceful environment while still being just an easy walk to daily amenities cafés shops and the beach. This villa offers comfort privacy and convenience - ideal for long-term living in Sanur. Property Features: - Land size: 2.15 are - 2 Bedrooms - 2 Bathrooms - Enclosed living room & kitchen - Fully furnished - Storage room - Laundry area - Guest toilet - Carport Utilities: - Electricity: 5500 VA - Well water A great choice for couples or small families looking for a cozy home in a prime beachside location,,Ni Made OrniariAgen Independen,,https:/picture.rumah123.com/r123-images/300x300-crop/customer/1709859/55d523381c263dc24652cb542fb36235.jpg,https://www.rumah123.com/properti/denpasar-sanur/2br-villa-beach-side-sanur-yearly-rental-sbp-1500-vlr218450/
Villa Dekat Pantai Padang Galak Sanur Bali,Rp 250.000.000,year,Villa Dekat Pantai Padang Galak Sanur Bali | vlr218402,3,3,,,,Brand New Modern Villa at Padang Galak Sanur Only 750 meter from Padang Galak Beach Land size 150sqm Building size 155sqm 3 Bedrooms and 3 bathrooms Living room and kitchen Swimming pool 2.5x5.5meter Carport Terrace/patio at 1st and 2nd floor Fully furnished No pet allowed Price IDR 250.000.xxx nett per year Price IDR 26.000.000 nett per month #dew#,,YulisAgen IndependenNIB:912020578****,,https:/picture.rumah123.com/r123-images/300x300-crop/customer/2115992/c7eb857b81f8e0c6458c75110178a0dd.jpg,https://www.rumah123.com/properti/denpasar-sanur/villa-dekat-pantai-padang-galak-sanur-bali-vlr218402/
Modern Style Newly Built Villa Walking Distance To Sanur Beach,Rp 275.000.000,year,Modern Style Newly Built Villa Walking Distance To Sanur Beach | vlr205656,2,2,,,,BRAND NEW VILLA FOR RENT IN SANUR BEACHSIDE Location: Jalan Bumi Ayu Sanur Land area 150 sqm Building area 140 sqm 2 bedroom 2 bathroom ensuite 1 guest toilet storage/laundry area Living Room Kitchen Private pool Garage for car Listrik 7700 watt Water Source PDAM West Orientation Full furnished Prime Location: - walking distance to Icon Mall and Sanur Beach - walking distance to famous Cafe Restaurant & Shops - 15 minutes to Renon - 25 minutes to Living World Mall - 30 minutes to Airport Price IDR 275 Million / year Nego Code: INS-02,,Ivan (IVM)Agen KorporatNIB:912020578****,,https:/picture.rumah123.com/r123-images/300x300-crop/customer/2011876/89af8c46afa8be13e939407a8843921b.jpg,https://www.rumah123.com/properti/denpasar-sanur/modern-style-newly-built-villa-walking-distance-to-sanur-beach-vlr205656/
The Complex Of Private Villas And Duplexes In Sanur,Rp 23.000.000.000,year,The Complex Of Private Villas And Duplexes In Sanur | vlr218393,2,2,,,,Brand new Villa Apartment for Leasehold - The Serenity Sanur Villas project uses modern and premium materials. Wood natural stone facades equipment and accessories from famous world brands are being used in the interiors. spec: land size: 116m2 building size: 6194m2 2bedrooms 2bathrooms Fully furnished nearby: - Sanur Harbour - Icon Mall Sanur - International Hospital - Airport Ngurah Rai 30 minutes - Tol Bali Mandara - 500 Meters from the Beach Asking Price: USD 145.000 oca,,XM ParadiseAgen KorporatNIB:912030184****,,https:/picture.rumah123.com/r123-images/300x300-crop/customer/1373671/13091f154da7d4ab1d994d5e378af8d0.jpg,https://www.rumah123.com/properti/denpasar-sanur/the-complex-of-private-villas-and-duplexes-in-sanur-vlr218393/
Villa Cantik dengan Design Tropicana Disewakan di Seminyak Area,Rp 90.000.000,year,Villa Cantik dengan Design Tropicana Disewakan di Seminyak Area | vlr218323,3,3,,,,Disewakan Villa di Seminyak Villa 1 lantai dengan Design Tropicana Minimalis sangat cocok untuk keluarga kecil akses jalan 10 meter 2 arah serta Fasilitas yang lengkap seperti Super Market Pasar Tradisional RS SPBU Mini Market Resto dan Cafe. Villa ini kebersihan lingkungan dan keamanan sangat terjamin. Detail: Villa 1 lantai Luas Tanah 250 m2 Luas Bangunan 150 m2 Fasilitas: Kamar tidur 3 unit Kamar mandi 3 unit Gudang Ruang tamu Ruang keluarga terbuka Ruang makan Dapur Kolam Renang PLN 2200 + 4400 Token Sumur bor Parkir mobil 2-3 unit Harga Sewa Rp. 90 Juta / tahun Bagi yang berminat dengan property ini dapat menghubungi Franky: 0821xxxxxxxx,,Hendro Yuwono HailanaAgen KorporatNIB:812001614****,,https:/picture.rumah123.com/r123-images/300x300-crop/customer/1155934/7f636fa044fb6f26bb0b3763b0627b28.jpg,https://www.rumah123.com/properti/badung-seminyak/villa-cantik-dengan-design-tropicana-disewakan-di-seminyak-area-vlr218323/
Live The Batu Bolong Dream - Private 2Br Villa Steps From Canggu's Hottest Scene,Rp 350.000.000,year,Live The Batu Bolong Dream - Private 2Br Villa Steps From Canggu's Hottest Scene | vlr218314,2,2,,,,Bayangkan bangun pagi di Batu Bolong jantung paling hidup di Canggu-di mana café ikonik beach vibes dan lifestyle kelas dunia ada dalam jarak langkah kaki. Villa ini bukan sekadar tempat tinggal tapi upgrade gaya hidup. Dengan luas tanah & bangunan masing-masing 300 m² villa ini terasa lapang seimbang dan nyaman-ideal untuk ekspatriat digital nomad atau pasangan yang ingin hidup tenang di tengah hiruk-pikuk Canggu. Highlight Villa 2 Bedroom | 2 Bathroom - proporsi pas fungsional & privat Full Furnished - tinggal bawa koper Arah hadap Utara - lebih sejuk & minim panas sore Listrik 5.500 watt Air sumur Area luas cocok untuk long stay yang nyaman Harga Sewa Rp 350.000.xxx / tahun Harga ideal untuk lokasi Batu Bolong di area yang selalu high demand dan jarang kosong. Kenapa Batu Bolong? Akses cepat ke pantai Dikelilingi café resto & beach club top tier Area paling dicari di Canggu Cocok untuk tinggal sekaligus work-from-villa OL #113 PECATU260128,,WILLIAM (GINM)Agen KorporatNIB:912020578****,,https:/picture.rumah123.com/r123-images/300x300-crop/customer/4431079/6130aa5e1bcf84efaa9c69d7fe683da9.jpg,https://www.rumah123.com/properti/badung-pecatu/live-the-batu-bolong-dream-private-2br-villa-steps-from-canggus-hottest-scene-vlr218314/
The View Villa Pecatu Furnished 2 Bedrooms For Rent,Rp 280.000.000,year,https://www.rumah123.com/properti/badung-pecatu/the-view-villa-pecatu-furnished-2-bedrooms-for-rent-vlr207375/,2,2,,,,The View Villa at Uluwatu-Bali is nearly located from the Top Beach Destinations such as Padang Padang Beach Blue Point Beach Dreamland Beach Pandawa Beach and Ungasan Beach. There are 30 villas in this cluster secured with a One-Gate-System for Total Security and Clubhouse to accomodate leisures such as Infinity Pool Gym and Cafetaria. The View Villa is close to tourist destinations and entertainment such as Pura Uluwatu Garuda Wisnu Kencana (GWK) Cultural Park Omnia Beach Club El Kabron Private Beach Club and Klapa Private Beach Club. Uber Grab and Gojek would be accessable Villa 100 sqm fully furnished with 2 bedrooms and 2 bathrooms wifi ready mezzanine style. Service charge and utilities (electricity water cleaning service ac service gardener) excluded rental fee.,,LovelyAgen KorporatNIB:251122004****,,https:/picture.rumah123.com/r123-images/300x300-crop/customer/4422450/22ee0b6afe301373470bc99c59d7a9ee.jpg,https://www.rumah123.com/properti/badung-pecatu/the-view-villa-pecatu-furnished-2-bedrooms-for-rent-vlr207375/
For Rent Villa Kerobokan Badung Bali Negotiable Price,Rp 220.000.000,year,For Rent Villa Kerobokan Badung Bali Negotiable Price | vlr218280,2,2,,,,2 Bedroom Villa Rental in Taman Sari/Kerobokan : Size 185 sqm 2 Bedroom 2 Bathroom Furnished Open Living room and kitchen (possible to closed for longterm rental) Private pool Sunbed area Pet Friendly Garage for 1 car/ bike Good locationnear to every where 3 minutes to Sunrise school 4 minutes to Bali Kiddyschool 3 minutes to cafe 2 minutes to mini market 10 minutes to Lollypop/ SLK school 10 minutes to seminyak 15 minutes Canggu 7 minutes to Denpasar 10 minutes to Umalas 15 minutes to Batu Beliq d Price IDR 220 mill/year Note minimal 2 year wa 0857xxxxxxxx,,Ketut arjanaAgen Independen,,https:/picture.rumah123.com/r123-images/300x300-crop/customer/1721240/e8a0f88fa877da80f620c9902864770b.jpg,https://www.rumah123.com/properti/badung-kerobokan/for-rent-villa-kerobokan-badung-bali-negotiable-price-vlr218280/
Luxury Premium Complex Villa In Sanur,Rp 68.000.000.000,year,Luxury Premium Complex Villa In Sanur | vlr218279,3,3,,,,Brand new Villa for Leasehold - The Serenity Sanur Villas project uses modern and premium materials. Wood natural stone facades equipment and accessories from famous world brands are being used in the interiors. spec: land size: 182m2 building size: 138m2 3bedrooms 3bathrooms Fully furnished nearby: - Sanur Harbour - Icon Mall Sanur - International Hospital - Airport Ngurah Rai 30 minutes - Tol Bali Mandara - 500 Meters from the Beach Asking Price: USD 445.000 oca,,XM ParadiseAgen KorporatNIB:912030184****,,https:/picture.rumah123.com/r123-images/300x300-crop/customer/1373671/a27e7d162278b0d5352d1f2c267b9145.jpg,https://www.rumah123.com/properti/denpasar-sanur/luxury-premium-complex-villa-in-sanur-vlr218279/
Villa 4Br Modern In Nusa Dua Near Pandawa Beach,Rp 320.000.000,year,Nusa Dua Badung,4,3,221 m²,325 m²,Lainnya,*Brand New Villa* for yearly rental at Nusa Dua #UVAR8 *5mins ride to Pandawa Beach *15mins ride to WaterBloo Beach *15mins ride to Padang-Padang *30mins to Airport Located in complex very quiet area Details: Land.221sqm build.325sqn 2floors Fully-furnished 4bedrooms with ensuite bathroom (1 connecting bathroom) Pool Enclosed Livingroom &kitchen Balcony Electricity power 7700watts PDAM water Garden Storage Include: -Internet -Banjar fee & trash collect Price IDR 320.000.xxx- Location: ********,,UTTAM PROPERTYAgen IndependenNIB:230424030****,,https:/picture.rumah123.com/r123-images/300x300-crop/customer/1975836/720352be819e071f1427d83984be4432.jpg,https://www.rumah123.com/properti/badung-nusa-dua/villa-4br-modern-for-yearly-rental-in-nusa-dua-near-pandawa-beach-hor40955030/
Minimalist Villa Near Sanur Beach,Rp 26.000.000.000,year,Minimalist Villa Near Sanur Beach | vlr218273,2,2,,,,2-bedroom Villa for Lease 14 years !! Walking distance to the Beach. Good for investment or living in !! Sanur Jln Kesari 1 Land size: 200 Sqm Building size: 125 Sqm Pool : 25m x 5M 2bedrooms 2bathrooms Enclosed living & kitchen 1 extra toilet for staff 1 storage Pdam water Electricity 7700watts 24 hours gates security Price: 2.6 Billion Rupiah oca,,XM ParadiseAgen KorporatNIB:912030184****,,https:/picture.rumah123.com/r123-images/300x300-crop/customer/1373671/cec8c8b6970c727bd66f6e7336179b6e.jpg,https://www.rumah123.com/properti/denpasar-sanur/minimalist-villa-near-sanur-beach-vlr218273/
Villa Modern Minimalis 3Br In Kerobokan,Rp 275.000.000,year,Villa Modern Minimalis 3Br In Kerobokan | Rumah123,3,3,200 m²,90 m²,Lainnya,Villa for yearly rental at raya Semer-Kerobokan #UVAR7 walking distance to Hospital 10mins only to French School and Proed school Available NOW Land.200sqm 2storeys building Fully-furnished 3bedrooms with ensuite bathroom Enclosed Livingroom Pool Facing south Private access Carpot for 1 car/bikes No Sublease Price IDR 275.000.xxx / year Or Price IDR 250.000.xxx/ year for lease 3years location: ********,,UTTAM PROPERTYAgen IndependenNIB:230424030****,,https:/picture.rumah123.com/r123-images/300x300-crop/customer/1975836/9b42cf2a60f8cc1f6636305f083c763c.jpg,https://www.rumah123.com/properti/badung-kerobokan/villa-modern-minimalis-3br-for-yearly-rental-in-kerobokan-with-swimming-pool-hor40954980/
Villa 3Br Modern In Umalas,Rp 500.000.000,year,Umalas Badung,3,3,300 m²,90 m²,Lainnya,Villa for Monthly & Yearly rental Location at Umalas #UVAR6 'Available on 13th January 2025' Land.300sqm 2 storeys building 3bedrooms 3bathrooms 500mio/year 50mio/month Include: Housekeeping monday-saturday 9-3pm Pool cleaning 2x a week Change linen 1x a week Change towel 2x a week Banjar fee +garbage collect Wifi Exclude: Electricity Toiletries Etc,,UTTAM PROPERTYAgen IndependenNIB:230424030****,,https:/picture.rumah123.com/r123-images/300x300-crop/customer/1975836/633dd3ff93fed77890c2bf64a91cb238.jpg,https://www.rumah123.com/properti/badung-umalas/villa-3br-modern-for-monthly-yearly-in-umalas-with-swimming-pool-hor40954924/
Two Bedroom Villa With Private Pool For Rent In Sanur (363V),Rp 250.000.000,year,Two Bedroom Villa With Private Pool For Rent In Sanur (363V) | Rumah123,2,2,150 m²,150 m²,SHM,This comfortable villa is located in Sanur a well-known and strategic residential area with easy access to beaches restaurants and daily amenities. Suitable for long-term rental. Rental Terms: Annual rent IDR 250000000 Minimum rental period 2 years Property Details: 2 Bedrooms with en-suite bathrooms Hot and cold water system Living room with bar area and kitchen Land size approximately 150 sqm Private swimming pool Garage Electricity 5500 watts PDAM water supply The house offers a functional layout and a convenient location making it ideal for comfortable daily living in the Sanur area.,,DANA (FGTB)Agen KorporatNIB:912020578****,,https:/picture.rumah123.com/r123-images/300x300-crop/customer/2161494/9815267c1f0525d24271d87de8fce4c3.jpg,https://www.rumah123.com/properti/denpasar-sanur/two-bedroom-villa-with-private-pool-for-rent-in-sanur-363v-hor40954867/
For Rent 3 Bedroom Villa In Tumbak Bayuh Pererenan (361V),Rp 300.000.000,year,Tumbak Bayuh Badung,3,4,260 m²,200 m²,SHM,Villa for Rent in Tumbak Bayuh Pererenan - Canggu Rice Field View This well-appointed villa is located in the peaceful area of Tumbak Bayuh Pererenan Canggu offering beautiful rice field views and a quiet villa-only environment. Ideal for long-term residence the property provides comfort privacy and easy access to popular areas in Canggu. Lease Options: IDR 300000000 per year (net) for 1-year lease IDR 200000000 per year for a minimum 3-year lease Property Specifications: Land Size 260 sqm Building Size 200 sqm 3 Bedrooms 4 Bathrooms Carport for 2 Cars Garden Area Private Swimming Pool Rooftop Area Access Road 5 meters Quiet and exclusive villa-only neighborhood Deep well water supply Electricity 5500 watts Fully Furnished,,DANA (FGTB)Agen KorporatNIB:912020578****,,https:/picture.rumah123.com/r123-images/300x300-crop/customer/2161494/31dbf56d690fb6bdd5b26b03617ac0f3.jpg,https://www.rumah123.com/properti/badung-tumbak-bayuh/for-rent-3-bedroom-villa-in-tumbak-bayuh-pererenan-361v-hor40954813/
Private Pool 2 Bedroom Villa For Rent In Umalas (359V),Rp 250.000.000,year,https://www.rumah123.com/properti/badung-umalas/private-pool-2-bedroom-villa-for-rent-in-umalas-359v-hor40954790/,2,2,300 m²,200 m²,SHM,Villa for Rent in Umalas Yearly Rental IDR 250000000 per year This comfortable villa is located in the sought-after area of Umalas offering a peaceful environment with easy access to cafes restaurants and popular destinations in Bali. Suitable for residential living on a monthly or yearly basis. Property Details: 2 Bedrooms Living Area Kitchen Gazebo Private Swimming Pool WiFi Available Parking Area The villa is well-maintained and designed for comfortable everyday living making it ideal for individuals couples or small families.,,DANA (FGTB)Agen KorporatNIB:912020578****,,https:/picture.rumah123.com/r123-images/300x300-crop/customer/2161494/654459bba0ca98b86806c9f39a2fc446.jpg,https://www.rumah123.com/properti/badung-umalas/private-pool-2-bedroom-villa-for-rent-in-umalas-359v-hor40954790/
Modern 3 Bedroom Villa With Private Pool In Sanur (260V),Rp 350.000.000,year,Modern 3 Bedroom Villa With Private Pool In Sanur (260V) | Rumah123,3,3,200 m²,150 m²,SHM,Villa for Rent in Sanur - Strategic and Comfortable Location PLEASE NOTE: AVAILABLE FROM 21 MARCH 2026 This villa is located in the Sanur area and is ideal for families or expatriates seeking comfort privacy and convenience. Rental Price IDR 350000000 per year Property Details Land Size 200 sqm Building Size 150 sqm 3 Bedrooms 3 Bathrooms Private Swimming Pool Fully Furnished WiFi Available Water Heater Water Source Bore Well Electricity 7700 Watts,,DANA (FGTB)Agen KorporatNIB:912020578****,,https:/picture.rumah123.com/r123-images/300x300-crop/customer/2161494/eeb3f308e8bf0c220d7cb3c57ff82f04.jpg,https://www.rumah123.com/properti/denpasar-sanur/modern-3-bedroom-villa-with-private-pool-in-sanur-260v-hor40954661/
25 Tahun Villa Baru Full Funished 2 Kamar Ubud,Rp 92.000.000,year,25 Tahun Villa Baru Full Funished 2 Kamar Ubud | vlr218217,2,2,,,,Leasehold 25 Tahun Villa Baru Full Funished 2 Kamar Ubud Villa baru di Ubud dengan konsep modern dan nyaman siap huni dengan fasilitas lengkap. Berdiri di atas tanah seluas 117 m² dan bangunan 60 m² villa ini menawarkan dua kamar tidur dan dua kamar mandi yang didesain minimalis. Setiap ruangan telah dilengkapi furnitur berkualitas menciptakan suasana yang nyaman dan berkelas. Dilengkapi dengan kolam renang pribadi berukuran 125 m² villa ini cocok untuk bersantai atau menikmati suasana tenang khas Ubud. Area garasi seluas 1505 m² tersedia untuk parkir kendaraan. Sumber air dari sumur bor dan daya listrik 5500 watt memberikan kemudahan dan kenyamanan dalam aktivitas sehari-hari. Dengan status leasehold selama 25 tahun dan harga IDR 23 miliar (USD 143 ribu) properti ini adalah pilihan menarik bagi Anda yang ingin memiliki hunian di lingkungan alami Ubud yang menawan. Lokasi Lodtunduh Singakerta Ubud Gianyar 1 menit ke Cocomart Tebongkang 2 menit ke pasar tradisional 3 menit ke Nyuh Kuning 3 menit dari Pepito 5 menit ke Sayan 5 menit ke Penestanan 10 menit ke Sentral Ubud View sawah Luas tanah 117m2 Luas bangunan 60m2 2 kamar tidur 2 kamar mandi Garasi/carport 1505 m2 Kolam renang 125m2 Listrik 5500 watt Air sumur bor Full furnished AC Water heater Smart TV Hair dryer Kitchen (microwave refrigerator ketile and toaster water dispenser rice cooker blender) High-speed internet 200mbps No pet Leasehold 25 tahun 23 milyar (USD 143 ribu) nego,,HAN HSWCAgen KorporatNIB:912020578****,,https:/picture.rumah123.com/r123-images/300x300-crop/customer/1741417/65cf1c529b9dc6c10ecf19b15ebf8992.jpg,https://www.rumah123.com/properti/gianyar-lodtunduh/25-tahun-villa-baru-full-funished-2-kamar-ubud-vlr218217/
Tahunan Bulanan Villa Tropis Modern Nyaman Full Furnished Ubud View Sawah 2 Kamar,Rp 200.000.000,year,Tahunan Bulanan Villa Tropis Modern Nyaman Full Furnished Ubud View Sawah 2 Kamar | vlr218216,2,2,,,,Sewa Tahunan Bulanan Villa Tropis Modern Nyaman Full Furnished Ubud View Sawah 2 Kamar Villa modern bergaya tropis ini menawarkan kenyamanan dan keindahan di Ubud dengan pemandangan sawah. Terletak hanya 10 menit dari pusat Ubud villa ini menjadi tempat menarik bagi Anda yang mencari keseimbangan antara ketenangan alam dan akses mudah ke berbagai fasilitas. Dibangun di atas lahan seluas 117 m² dengan luas bangunan 60 m² villa ini dilengkapi dua kamar tidur nyaman dan dua kamar mandi modern. Kolam renang pribadi berukuran 125 m² menambah daya tariknya sementara garasi yang luas siap menampung kendaraan Anda. Dilengkapi fasilitas lengkap seperti AC pemanas air dan smart TV dengan Netflix villa ini juga menyediakan dapur modern dengan peralatan berkualitas termasuk microwave air fryer dan pemanggang roti. Internet berkecepatan tinggi hingga 100 Mbps menjadikan villa ini pilihan tepat untuk bekerja maupun bersantai. Harga sewa fleksibel tersedia untuk tahunan maupun bulanan dengan layanan tambahan seperti pembersihan rutin penggantian seprai dan perawatan kolam. Dengan kenyamanan dan keindahannya villa ini siap menjadi tempat tinggal sempurna untuk pengalaman tinggal yang tak terlupakan di Ubud. Villa modern nyaman View sawah Full furnished Lokasi Lodtunduh Singakerta Ubud Gianyar 3 menit ke Pepito/Rusters 1 menit ke Cocomart Tebongkang 5-10 menit ke Sayan danPenestanan 10 menit ke Ubud Tengah 3 menit ke Nyuh Kuning 2 menit ke pasar tradisional Luas tanah 117m2 Luas bangunan 60m2 2 kamar tidur 2 kamar mandi Listrik 5500 watt Air sumur bor Garasi/carport 1505m2 Kolam renang 125m2 Fasilitas Pendingin Udara Pemanas Air Smart TV- Netflix Dapur (microwave air fryer kulkas ketel dan pemanggang roti dispenser air) Kolam renang Termasuk Pembersihan 2x/minggu Seprai diganti 1x/minggu Perawatan kolam renang 2x/minggu Internet berkecepatan tinggi 100mpbs Tidak termasuk Tagihan gas air dan listrik hingga 2 juta/bulan Sewa tahunan Harga 200 juta per tahun DP 10 juta Sewa bulanan Harga 20 juta per bulan Min sewa 2 bulan DP 5 juta,,HAN HSWCAgen KorporatNIB:912020578****,,https:/picture.rumah123.com/r123-images/300x300-crop/customer/1741417/65cf1c529b9dc6c10ecf19b15ebf8992.jpg,https://www.rumah123.com/properti/gianyar-lodtunduh/tahunan-bulanan-villa-tropis-modern-nyaman-full-furnished-ubud-view-sawah-2-kamar-vlr218216/
Villa Brand New Luxury Villa With Sea View In Ungasan Bali,Rp 290.000.000,year,https://www.rumah123.com/properti/badung-ungasan/villa-brand-new-luxury-villa-with-sea-view-in-ungasan-bali-vlr214835/,3,3,,,,JUST LISTED!! You will be greeted with a modern and luxurious look including a charming kitchen with an elegant layout. High ceilings good air circulation make this villa feel cool... Close to Dreamland Beach Jimbaran beach Pandawa and Balangan 30 minutes to the airport. Affordable Sea View Luxury is within your reach!! Land size: 300 Sqm Building size: 270 Sqm Title: Freehold (SHM) House Face: North Building Year: 2024 Bedroom: 3 Bathroom: 3 Features: Swimming pool AC Garden Kitchen Carport Laundry room Bathtub Water tank Ground tank Water Heater Fully furnished 11.000 Watt of electricity Detail: Asphalt Access Lease Price: IDR290.000.xxx / year (TANPA PERANTARA / NO BROKER),,Rendra LoyalAgen KorporatNIB:150324025****,,https:/picture.rumah123.com/r123-images/300x300-crop/customer/671489/68a5c76179ce971d9e4c680d68ed2d77.jpg,https://www.rumah123.com/properti/badung-ungasan/villa-brand-new-luxury-villa-with-sea-view-in-ungasan-bali-vlr214835/
Brand New 2-Bedroom Townhouse - Sanur Beachside (Leasehold),Rp 58.000.000.000,year,Brand New 2-Bedroom Townhouse - Sanur Beachside (Leasehold) | vlr214457,2,2,,,,Brand New 2-Bedroom Townhouse - Sanur Beachside (Leasehold) This modern brand-new townhouse is located in a quiet villa neighborhood on Jalan Kesari Sanur Beachside. Fully furnished and ideal for both residential living or investment. Property Details: Land 180 sqm Built 180 sqm Carport 2 bedrooms 2 bathrooms 1 guest toilet Private swimming pool Beautiful garden area Fully furnished Brand new condition Location Highlights: 15-minute walk to Jalan Danau Tamblingan 20-minute walk to Sanur Beach 4 km to Bali International School (BIS) Peaceful villa neighborhood Leasehold: 30 years Asking Price: IDR 5.8 Billion Have a nice day :blush:,,Hary HaryonoAgen Independen,,https:/picture.rumah123.com/r123-images/300x300-crop/customer/12485/1f71771838b346b03eeb4702c322e55c.jpg,https://www.rumah123.com/properti/denpasar-sanur/brand-new-2bedroom-townhouse-sanur-beachside-leasehold-vlr214457/
